['UID: ', ['0x4', '0xb6', '0xf6', '0xba', '0xa3', '0xf', '0x90'], 54.6, '2025-06-11 09:55:33.692529']
['UID: ', ['0x4', '0x82', '0xd8', '0xba', '0xa3', '0xf', '0x90'], 55.1, '2025-06-11 09:56:30.733432']
['UID: ', ['0x4', '0x82', '0xd8', '0xba', '0xa3', '0xf', '0x90'], 55.7, '2025-06-11 09:56:32.778997']
['UID: ', ['0x4', '0xfc', '0xe5', '0xba', '0xa3', '0xf', '0x90'], 55.1, '2025-06-11 09:56:43.603964']
['UID: ', ['0x4', '0xa1', '0xe2', '0xba', '0xa3', '0xf', '0x90'], 55.1, '2025-06-11 09:58:33.499750']
['UID: ', ['0x4', '0x6f', '0x2', '0xba', '0xa3', '0xf', '0x94'], 55.7, '2025-06-11 09:58:53.135890']
['UID: ', ['0x4', '0x58', '0xd8', '0xba', '0xa3', '0xf', '0x90'], 56.2, '2025-06-11 10:00:17.512040']
['UID: ', ['0x4', '0x20', '0xa3', '0xba', '0xa3', '0xf', '0x90'], 55.7, '2025-06-11 10:01:05.004932']
['UID: ', ['0x4', '0x20', '0xa3', '0xba', '0xa3', '0xf', '0x90'], 55.7, '2025-06-11 10:01:07.050503']
['UID: ', ['0x4', '0x2c', '0xf0', '0xba', '0xa3', '0xf', '0x91'], 56.8, '2025-06-11 10:04:21.628576']
['UID: ', ['0x4', '0xb6', '0xf6', '0xba', '0xa3', '0xf', '0x90'], 57.3, '2025-06-11 10:13:46.482660']
['UID: ', ['0x4', '0xd3', '0xad', '0xba', '0xa3', '0xf', '0x90'], 57.3, '2025-06-11 10:23:44.407850']
['UID: ', ['0x4', '0xd3', '0xad', '0xba', '0xa3', '0xf', '0x90'], 58.4, '2025-06-11 11:59:30.814988']
['UID: ', ['0x4', '0xd3', '0xad', '0xba', '0xa3', '0xf', '0x90'], 58.4, '2025-06-11 12:20:34.514169']
['UID: ', ['0x4', '0xfc', '0xe5', '0xba', '0xa3', '0xf', '0x90'], 58.4, '2025-06-11 13:31:11.087484']
['UID: ', ['0x4', '0xa1', '0xe2', '0xba', '0xa3', '0xf', '0x90'], 58.9, '2025-06-11 13:33:00.150588']
['UID: ', ['0x4', '0x82', '0xd8', '0xba', '0xa3', '0xf', '0x90'], 58.9, '2025-06-11 13:33:04.281881']
['UID: ', ['0x4', '0x58', '0xd8', '0xba', '0xa3', '0xf', '0x90'], 58.9, '2025-06-11 13:33:11.512255']
['UID: ', ['0x4', '0x20', '0xa3', '0xba', '0xa3', '0xf', '0x90'], 58.9, '2025-06-11 13:33:19.413894']
['UID: ', ['0x4', '0x6f', '0x2', '0xba', '0xa3', '0xf', '0x94'], 59.5, '2025-06-11 13:33:25.459516']
['UID: ', ['0x4', '0x2c', '0xf0', '0xba', '0xa3', '0xf', '0x91'], 58.4, '2025-06-11 13:33:33.158701']
['UID: ', ['0x4', '0x2c', '0xf0', '0xba', '0xa3', '0xf', '0x91'], 59.5, '2025-06-11 13:55:39.104019']
['UID: ', ['0x4', '0xa1', '0xe2', '0xba', '0xa3', '0xf', '0x90'], 58.9, '2025-06-11 13:58:19.634702']
['UID: ', ['0x4', '0x58', '0xd8', '0xba', '0xa3', '0xf', '0x90'], 58.4, '2025-06-11 13:58:34.299082']
['UID: ', ['0x4', '0xfc', '0xe5', '0xba', '0xa3', '0xf', '0x90'], 59.5, '2025-06-11 13:58:37.091230']
['UID: ', ['0x4', '0x82', '0xd8', '0xba', '0xa3', '0xf', '0x90'], 58.9, '2025-06-11 13:58:50.436173']
['UID: ', ['0x4', '0x20', '0xa3', '0xba', '0xa3', '0xf', '0x90'], 58.4, '2025-06-11 13:58:54.386635']
['UID: ', ['0x4', '0x6f', '0x2', '0xba', '0xa3', '0xf', '0x94'], 59.5, '2025-06-11 13:58:57.695525']
['UID: ', ['0x4', '0xa1', '0xe2', '0xba', '0xa3', '0xf', '0x90'], 59.5, '2025-06-11 15:57:29.263686']
['UID: ', ['0x4', '0x82', '0xd8', '0xba', '0xa3', '0xf', '0x90'], 58.4, '2025-06-11 15:57:48.299216']
['UID: ', ['0x4', '0x58', '0xd8', '0xba', '0xa3', '0xf', '0x90'], 59.5, '2025-06-11 15:57:55.209872']
['UID: ', ['0x4', '0xfc', '0xe5', '0xba', '0xa3', '0xf', '0x90'], 59.5, '2025-06-11 15:57:58.856577']
['UID: ', ['0x4', '0x20', '0xa3', '0xba', '0xa3', '0xf', '0x90'], 59.5, '2025-06-11 15:58:09.054554']
['UID: ', ['0x4', '0xd3', '0xad', '0xba', '0xa3', '0xf', '0x90'], 58.9, '2025-06-11 15:58:13.133432']
['UID: ', ['0x4', '0x2c', '0xf0', '0xba', '0xa3', '0xf', '0x91'], 59.5, '2025-06-11 15:58:18.459130']
['UID: ', ['0x4', '0x6f', '0x2', '0xba', '0xa3', '0xf', '0x94'], 58.9, '2025-06-11 15:58:26.284742']
['UID: ', ['0x4', '0xb6', '0xf6', '0xba', '0xa3', '0xf', '0x90'], 56.8, '2025-06-11 17:41:03.769424']
['UID: ', ['0x4', '0xa', '0xfe', '0xba', '0xa3', '0xf', '0x91'], 56.2, '2025-06-11 17:41:07.205774']
['UID: ', ['0x4', '0xb6', '0xf6', '0xba', '0xa3', '0xf', '0x90'], 53.0, '2025-06-12 09:23:15.231349']
['UID: ', ['0x4', '0xa', '0xfe', '0xba', '0xa3', '0xf', '0x91'], 54.1, '2025-06-12 09:23:17.521795']
['UID: ', ['0x4', '0xb6', '0xf6', '0xba', '0xa3', '0xf', '0x90'], 57.3, '2025-06-12 09:29:44.996207']
['UID: ', ['0x4', '0xa', '0xfe', '0xba', '0xa3', '0xf', '0x91'], 57.3, '2025-06-12 09:29:47.419123']
['UID: ', ['0x4', '0xa', '0xfe', '0xba', '0xa3', '0xf', '0x91'], 57.3, '2025-06-12 09:29:50.172431']
['UID: ', ['0x4', '0xa', '0xfe', '0xba', '0xa3', '0xf', '0x91'], 57.3, '2025-06-12 09:29:52.224772']
['UID: ', ['0x4', '0xa', '0xfe', '0xba', '0xa3', '0xf', '0x91'], 57.3, '2025-06-12 09:29:54.278476']
['UID: ', ['0x4', '0xa', '0xfe', '0xba', '0xa3', '0xf', '0x91'], 57.3, '2025-06-12 09:30:04.815357']
['UID: ', ['0x4', '0xa', '0xfe', '0xba', '0xa3', '0xf', '0x91'], 56.8, '2025-06-12 09:30:06.862438']
['UID: ', ['0x4', '0xb6', '0xf6', '0xba', '0xa3', '0xf', '0x90'], 57.8, '2025-06-12 09:31:04.869455']
['UID: ', ['0x4', '0xb6', '0xf6', '0xba', '0xa3', '0xf', '0x90'], 57.3, '2025-06-12 09:31:07.553227']
['UID: ', ['0x4', '0xd3', '0xad', '0xba', '0xa3', '0xf', '0x90'], 60.0, '2025-06-12 10:29:08.997885']
['UID: ', ['0x4', '0x82', '0xd8', '0xba', '0xa3', '0xf', '0x90'], 60.5, '2025-06-12 10:43:42.358105']
['UID: ', ['0x4', '0xa1', '0xe2', '0xba', '0xa3', '0xf', '0x90'], 60.5, '2025-06-12 10:57:23.390647']
['UID: ', ['0x4', '0x6f', '0x2', '0xba', '0xa3', '0xf', '0x94'], 60.5, '2025-06-12 10:57:31.777868']
['UID: ', ['0x4', '0xfc', '0xe5', '0xba', '0xa3', '0xf', '0x90'], 61.1, '2025-06-12 11:02:38.465331']
['UID: ', ['0x4', '0x2c', '0xf0', '0xba', '0xa3', '0xf', '0x91'], 61.1, '2025-06-12 11:07:09.350696']
['UID: ', ['0x4', '0xd3', '0xad', '0xba', '0xa3', '0xf', '0x90'], 60.0, '2025-06-12 11:57:39.817771']
['UID: ', ['0x4', '0xd3', '0xad', '0xba', '0xa3', '0xf', '0x90'], 60.5, '2025-06-12 12:18:37.300769']
['UID: ', ['0x4', '0xa1', '0xe2', '0xba', '0xa3', '0xf', '0x90'], 60.0, '2025-06-12 13:23:01.231226']
['UID: ', ['0x4', '0x82', '0xd8', '0xba', '0xa3', '0xf', '0x90'], 60.0, '2025-06-12 13:23:05.578299']
['UID: ', ['0x4', '0x6f', '0x2', '0xba', '0xa3', '0xf', '0x94'], 60.0, '2025-06-12 13:23:10.277955']
['UID: ', ['0x4', '0x2c', '0xf0', '0xba', '0xa3', '0xf', '0x91'], 59.5, '2025-06-12 13:23:31.566857']
['UID: ', ['0x4', '0xfc', '0xe5', '0xba', '0xa3', '0xf', '0x90'], 60.0, '2025-06-12 13:23:45.015739']
['UID: ', ['0x4', '0x2c', '0xf0', '0xba', '0xa3', '0xf', '0x91'], 60.0, '2025-06-12 13:48:41.441915']
['UID: ', ['0x4', '0xfc', '0xe5', '0xba', '0xa3', '0xf', '0x90'], 60.0, '2025-06-12 13:49:22.111178']
['UID: ', ['0x4', '0x82', '0xd8', '0xba', '0xa3', '0xf', '0x90'], 60.5, '2025-06-12 13:49:51.967840']
['UID: ', ['0x4', '0xa1', '0xe2', '0xba', '0xa3', '0xf', '0x90'], 60.5, '2025-06-12 13:49:54.516154']
['UID: ', ['0x4', '0x6f', '0x2', '0xba', '0xa3', '0xf', '0x94'], 60.0, '2025-06-12 13:50:17.632668']
['UID: ', ['0x4', '0xa1', '0xe2', '0xba', '0xa3', '0xf', '0x90'], 61.6, '2025-06-12 17:40:21.329357']
['UID: ', ['0x4', '0xfc', '0xe5', '0xba', '0xa3', '0xf', '0x90'], 61.6, '2025-06-12 17:40:30.928410']
['UID: ', ['0x4', '0x6f', '0x2', '0xba', '0xa3', '0xf', '0x94'], 61.6, '2025-06-12 17:40:52.001257']
['UID: ', ['0x4', '0x82', '0xd8', '0xba', '0xa3', '0xf', '0x90'], 61.1, '2025-06-12 17:41:01.335826']
['UID: ', ['0x4', '0xd3', '0xad', '0xba', '0xa3', '0xf', '0x90'], 60.5, '2025-06-12 17:41:09.921821']
['UID: ', ['0x4', '0x2c', '0xf0', '0xba', '0xa3', '0xf', '0x91'], 61.1, '2025-06-12 17:41:13.366025']
['UID: ', ['0x4', '0xb6', '0xf6', '0xba', '0xa3', '0xf', '0x90'], 61.1, '2025-06-12 17:55:46.886792']
['UID: ', ['0x4', '0xb6', '0xf6', '0xba', '0xa3', '0xf', '0x90'], 60.0, '2025-06-13 09:25:31.525805']
['UID: ', ['0x4', '0xb6', '0xf6', '0xba', '0xa3', '0xf', '0x90'], 59.5, '2025-06-13 09:25:33.574822']
['UID: ', ['0x4', '0xb6', '0xf6', '0xba', '0xa3', '0xf', '0x90'], 60.0, '2025-06-13 09:25:35.637754']
['UID: ', ['0x4', '0xb6', '0xf6', '0xba', '0xa3', '0xf', '0x90'], 60.0, '2025-06-13 09:25:37.683494']
['UID: ', ['0x4', '0xb6', '0xf6', '0xba', '0xa3', '0xf', '0x90'], 60.5, '2025-06-13 09:25:40.757736']
['UID: ', ['0x4', '0xd3', '0xad', '0xba', '0xa3', '0xf', '0x90'], 60.0, '2025-06-13 10:30:15.960798']
['UID: ', ['0x4', '0x82', '0xd8', '0xba', '0xa3', '0xf', '0x90'], 60.5, '2025-06-13 10:43:13.080510']
['UID: ', ['0x4', '0xa1', '0xe2', '0xba', '0xa3', '0xf', '0x90'], 60.5, '2025-06-13 10:58:53.807610']
['UID: ', ['0x4', '0x58', '0xd8', '0xba', '0xa3', '0xf', '0x90'], 60.5, '2025-06-13 10:59:49.797102']
['UID: ', ['0x4', '0xfc', '0xe5', '0xba', '0xa3', '0xf', '0x90'], 60.5, '2025-06-13 11:00:33.261963']
['UID: ', ['0x4', '0x2c', '0xf0', '0xba', '0xa3', '0xf', '0x91'], 60.5, '2025-06-13 11:06:53.717941']
['UID: ', ['0x4', '0xd3', '0xad', '0xba', '0xa3', '0xf', '0x90'], 56.2, '2025-06-13 11:56:07.327554']
['UID: ', ['0x4', '0xd3', '0xad', '0xba', '0xa3', '0xf', '0x90'], 56.2, '2025-06-13 12:16:49.466303']
['UID: ', ['0x4', '0xfc', '0xe5', '0xba', '0xa3', '0xf', '0x90'], 61.1, '2025-06-13 13:33:29.670908']
['UID: ', ['0x4', '0x2c', '0xf0', '0xba', '0xa3', '0xf', '0x91'], 60.5, '2025-06-13 13:34:17.514492']
['UID: ', ['0x4', '0x82', '0xd8', '0xba', '0xa3', '0xf', '0x90'], 60.5, '2025-06-13 13:34:29.606337']
['UID: ', ['0x4', '0xa1', '0xe2', '0xba', '0xa3', '0xf', '0x90'], 61.1, '2025-06-13 13:34:37.157666']
['UID: ', ['0x4', '0x58', '0xd8', '0xba', '0xa3', '0xf', '0x90'], 61.1, '2025-06-13 13:34:43.683074']
['UID: ', ['0x4', '0xfc', '0xe5', '0xba', '0xa3', '0xf', '0x90'], 61.6, '2025-06-13 13:59:10.717965']
['UID: ', ['0x4', '0xa1', '0xe2', '0xba', '0xa3', '0xf', '0x90'], 61.6, '2025-06-13 13:59:17.403903']
['UID: ', ['0x4', '0x82', '0xd8', '0xba', '0xa3', '0xf', '0x90'], 61.6, '2025-06-13 13:59:22.419585']
['UID: ', ['0x4', '0x58', '0xd8', '0xba', '0xa3', '0xf', '0x90'], 61.6, '2025-06-13 13:59:26.987330']
['UID: ', ['0x4', '0x2c', '0xf0', '0xba', '0xa3', '0xf', '0x91'], 61.6, '2025-06-13 13:59:31.240924']
['UID: ', ['0x4', '0xa1', '0xe2', '0xba', '0xa3', '0xf', '0x90'], 62.7, '2025-06-13 16:02:53.981104']
['UID: ', ['0x4', '0x58', '0xd8', '0xba', '0xa3', '0xf', '0x90'], 62.7, '2025-06-13 16:03:07.962410']
['UID: ', ['0x4', '0xfc', '0xe5', '0xba', '0xa3', '0xf', '0x90'], 63.2, '2025-06-13 16:03:13.942090']
['UID: ', ['0x4', '0xfc', '0xe5', '0xba', '0xa3', '0xf', '0x90'], 62.1, '2025-06-13 16:03:15.990552']
['UID: ', ['0x4', '0x82', '0xd8', '0xba', '0xa3', '0xf', '0x90'], 62.7, '2025-06-13 16:03:24.073335']
['UID: ', ['0x4', '0x2c', '0xf0', '0xba', '0xa3', '0xf', '0x91'], 62.7, '2025-06-13 16:05:11.544088']
['UID: ', ['0x4', '0xd3', '0xad', '0xba', '0xa3', '0xf', '0x90'], 61.6, '2025-06-13 16:05:19.086703']
['UID: ', ['0x4', '0xb6', '0xf6', '0xba', '0xa3', '0xf', '0x90'], 60.0, '2025-06-16 09:22:36.682948']
['UID: ', ['0x4', '0x82', '0xd8', '0xba', '0xa3', '0xf', '0x90'], 59.5, '2025-06-16 10:49:56.514055']
['UID: ', ['0x4', '0xa1', '0xe2', '0xba', '0xa3', '0xf', '0x90'], 60.0, '2025-06-16 10:59:26.239548']
['UID: ', ['0x4', '0x58', '0xd8', '0xba', '0xa3', '0xf', '0x90'], 60.5, '2025-06-16 10:59:56.121212']
['UID: ', ['0x4', '0xfc', '0xe5', '0xba', '0xa3', '0xf', '0x90'], 59.5, '2025-06-16 10:59:59.603761']
['UID: ', ['0x4', '0x20', '0xa3', '0xba', '0xa3', '0xf', '0x90'], 60.0, '2025-06-16 11:04:33.426160']
['UID: ', ['0x4', '0x2c', '0xf0', '0xba', '0xa3', '0xf', '0x91'], 60.0, '2025-06-16 11:11:06.808513']
['UID: ', ['0x4', '0x2c', '0xf0', '0xba', '0xa3', '0xf', '0x91'], 61.6, '2025-06-16 13:31:20.721527']
['UID: ', ['0x4', '0x58', '0xd8', '0xba', '0xa3', '0xf', '0x90'], 61.1, '2025-06-16 13:31:28.005821']
['UID: ', ['0x4', '0x20', '0xa3', '0xba', '0xa3', '0xf', '0x90'], 61.6, '2025-06-16 13:31:36.358565']
['UID: ', ['0x4', '0xfc', '0xe5', '0xba', '0xa3', '0xf', '0x90'], 61.1, '2025-06-16 13:32:13.359136']
['UID: ', ['0x4', '0x82', '0xd8', '0xba', '0xa3', '0xf', '0x90'], 61.6, '2025-06-16 13:32:36.178775']
['UID: ', ['0x4', '0xa1', '0xe2', '0xba', '0xa3', '0xf', '0x90'], 61.1, '2025-06-16 13:32:39.184776']
['UID: ', ['0x4', '0x2c', '0xf0', '0xba', '0xa3', '0xf', '0x91'], 61.6, '2025-06-16 13:52:16.339222']
['UID: ', ['0x4', '0xfc', '0xe5', '0xba', '0xa3', '0xf', '0x90'], 61.6, '2025-06-16 13:56:48.580414']
['UID: ', ['0x4', '0x58', '0xd8', '0xba', '0xa3', '0xf', '0x90'], 61.6, '2025-06-16 13:56:52.522166']
['UID: ', ['0x4', '0xa1', '0xe2', '0xba', '0xa3', '0xf', '0x90'], 61.6, '2025-06-16 13:56:59.590352']
['UID: ', ['0x4', '0x82', '0xd8', '0xba', '0xa3', '0xf', '0x90'], 61.6, '2025-06-16 13:57:03.856712']
['UID: ', ['0x4', '0x20', '0xa3', '0xba', '0xa3', '0xf', '0x90'], 61.6, '2025-06-16 13:57:54.842849']
['UID: ', ['0x4', '0xfc', '0xe5', '0xba', '0xa3', '0xf', '0x90'], 57.3, '2025-06-16 15:34:10.332121']
['UID: ', ['0x4', '0x20', '0xa3', '0xba', '0xa3', '0xf', '0x90'], 57.3, '2025-06-16 15:34:17.715366']
['UID: ', ['0x4', '0x2c', '0xf0', '0xba', '0xa3', '0xf', '0x91'], 56.2, '2025-06-16 15:34:25.755963']
['UID: ', ['0x4', '0x82', '0xd8', '0xba', '0xa3', '0xf', '0x90'], 56.8, '2025-06-16 15:35:18.582280']
['UID: ', ['0x4', '0x58', '0xd8', '0xba', '0xa3', '0xf', '0x90'], 57.3, '2025-06-16 15:35:29.410472']
['UID: ', ['0x4', '0xa1', '0xe2', '0xba', '0xa3', '0xf', '0x90'], 56.8, '2025-06-16 15:35:34.368763']
['UID: ', ['0x4', '0x82', '0xd8', '0xba', '0xa3', '0xf', '0x90'], 56.2, '2025-06-17 10:13:51.623829']
['UID: ', ['0x4', '0xa1', '0xe2', '0xba', '0xa3', '0xf', '0x90'], 56.2, '2025-06-17 10:29:56.420522']
['UID: ', ['0x4', '0xd3', '0xad', '0xba', '0xa3', '0xf', '0x90'], 56.2, '2025-06-17 10:31:20.024677']
['UID: ', ['0x4', '0x2c', '0xf0', '0xba', '0xa3', '0xf', '0x91'], 56.8, '2025-06-17 10:37:46.398587']
['UID: ', ['0x4', '0x20', '0xa3', '0xba', '0xa3', '0xf', '0x90'], 56.2, '2025-06-17 11:05:53.227827']
['UID: ', ['0x4', '0xd3', '0xad', '0xba', '0xa3', '0xf', '0x90'], 56.8, '2025-06-17 12:00:51.961419']
['UID: ', ['0x4', '0xd3', '0xad', '0xba', '0xa3', '0xf', '0x90'], 56.8, '2025-06-17 12:20:23.291166']
['UID: ', ['0x4', '0x2c', '0xf0', '0xba', '0xa3', '0xf', '0x91'], 56.8, '2025-06-17 12:59:21.290614']
['UID: ', ['0x4', '0x82', '0xd8', '0xba', '0xa3', '0xf', '0x90'], 57.3, '2025-06-17 12:59:32.822872']
['UID: ', ['0x4', '0xa1', '0xe2', '0xba', '0xa3', '0xf', '0x90'], 56.8, '2025-06-17 12:59:37.534303']
['UID: ', ['0x4', '0x20', '0xa3', '0xba', '0xa3', '0xf', '0x90'], 57.3, '2025-06-17 12:59:45.215363']
['UID: ', ['0x4', '0x2c', '0xf0', '0xba', '0xa3', '0xf', '0x91'], 57.3, '2025-06-17 13:24:34.193991']
['UID: ', ['0x4', '0x20', '0xa3', '0xba', '0xa3', '0xf', '0x90'], 57.3, '2025-06-17 13:25:27.233583']
['UID: ', ['0x4', '0x82', '0xd8', '0xba', '0xa3', '0xf', '0x90'], 57.3, '2025-06-17 13:25:49.367156']
['UID: ', ['0x4', '0xa1', '0xe2', '0xba', '0xa3', '0xf', '0x90'], 56.8, '2025-06-17 13:25:56.046925']
['UID: ', ['0x4', '0xd3', '0xad', '0xba', '0xa3', '0xf', '0x90'], 57.8, '2025-06-17 18:07:37.939929']
['UID: ', ['0x4', '0x2c', '0xf0', '0xba', '0xa3', '0xf', '0x91'], 57.8, '2025-06-17 18:07:44.108518']
['UID: ', ['0x4', '0x20', '0xa3', '0xba', '0xa3', '0xf', '0x90'], 58.4, '2025-06-17 18:09:12.672140']
['UID: ', ['0x4', '0x82', '0xd8', '0xba', '0xa3', '0xf', '0x90'], 57.8, '2025-06-17 18:09:32.028722']
['UID: ', ['0x4', '0xa1', '0xe2', '0xba', '0xa3', '0xf', '0x90'], 57.8, '2025-06-17 18:09:35.334274']
['UID: ', ['0x4', '0xfc', '0xe5', '0xba', '0xa3', '0xf', '0x90'], 56.2, '2025-06-18 09:57:17.123669']
['UID: ', ['0x4', '0x20', '0xa3', '0xba', '0xa3', '0xf', '0x90'], 56.2, '2025-06-18 09:57:23.858498']
['UID: ', ['0x4', '0xd3', '0xad', '0xba', '0xa3', '0xf', '0x90'], 56.2, '2025-06-18 09:59:41.659728']
['UID: ', ['0x4', '0xa1', '0xe2', '0xba', '0xa3', '0xf', '0x90'], 56.2, '2025-06-18 10:01:29.394797']
['UID: ', ['0x4', '0x2c', '0xf0', '0xba', '0xa3', '0xf', '0x91'], 56.2, '2025-06-18 10:09:44.925808']
['UID: ', ['0x4', '0xfb', '0xed', '0xba', '0xa3', '0xf', '0x90'], 56.2, '2025-06-18 10:57:25.682797']
['UID: ', ['0x4', '0xd3', '0xad', '0xba', '0xa3', '0xf', '0x90'], 57.3, '2025-06-18 12:00:28.838419']
['UID: ', ['0x4', '0xd3', '0xad', '0xba', '0xa3', '0xf', '0x90'], 57.3, '2025-06-18 12:20:45.473496']
['UID: ', ['0x4', '0xfc', '0xe5', '0xba', '0xa3', '0xf', '0x90'], 57.3, '2025-06-18 13:03:40.590265']
['UID: ', ['0x4', '0x2c', '0xf0', '0xba', '0xa3', '0xf', '0x91'], 57.3, '2025-06-18 13:04:27.993140']
['UID: ', ['0x4', '0xa1', '0xe2', '0xba', '0xa3', '0xf', '0x90'], 57.3, '2025-06-18 13:04:45.548113']
['UID: ', ['0x4', '0x20', '0xa3', '0xba', '0xa3', '0xf', '0x90'], 57.3, '2025-06-18 13:04:57.009611']
['UID: ', ['0x4', '0xfb', '0xed', '0xba', '0xa3', '0xf', '0x90'], 57.3, '2025-06-18 13:05:49.216192']
['UID: ', ['0x4', '0xfb', '0xed', '0xba', '0xa3', '0xf', '0x90'], 57.8, '2025-06-18 13:24:47.767148']
['UID: ', ['0x4', '0x2c', '0xf0', '0xba', '0xa3', '0xf', '0x91'], 57.3, '2025-06-18 13:26:26.604756']
['UID: ', ['0x4', '0xfc', '0xe5', '0xba', '0xa3', '0xf', '0x90'], 56.8, '2025-06-18 13:29:00.992312']
['UID: ', ['0x4', '0xa1', '0xe2', '0xba', '0xa3', '0xf', '0x90'], 57.3, '2025-06-18 13:29:10.364013']
['UID: ', ['0x4', '0x20', '0xa3', '0xba', '0xa3', '0xf', '0x90'], 57.3, '2025-06-18 13:30:32.709935']
['UID: ', ['0x4', '0x20', '0xa3', '0xba', '0xa3', '0xf', '0x90'], 58.4, '2025-06-18 15:24:44.589170']
['UID: ', ['0x4', '0xd3', '0xad', '0xba', '0xa3', '0xf', '0x90'], 57.3, '2025-06-18 15:25:10.785786']
['UID: ', ['0x4', '0x2c', '0xf0', '0xba', '0xa3', '0xf', '0x91'], 57.8, '2025-06-18 15:25:16.387340']
['UID: ', ['0x4', '0xfb', '0xed', '0xba', '0xa3', '0xf', '0x90'], 57.8, '2025-06-18 15:25:22.827106']
['UID: ', ['0x4', '0xfc', '0xe5', '0xba', '0xa3', '0xf', '0x90'], 58.4, '2025-06-18 15:25:29.735971']
['UID: ', ['0x4', '0xa1', '0xe2', '0xba', '0xa3', '0xf', '0x90'], 57.3, '2025-06-18 15:25:37.454749']
['UID: ', ['0x4', '0x82', '0xd8', '0xba', '0xa3', '0xf', '0x90'], 57.3, '2025-06-19 10:15:16.230175']
['UID: ', ['0x4', '0xfc', '0xe5', '0xba', '0xa3', '0xf', '0x90'], 56.8, '2025-06-19 10:19:09.390762']
['UID: ', ['0x4', '0xa1', '0xe2', '0xba', '0xa3', '0xf', '0x90'], 55.7, '2025-06-19 10:30:48.746186']
['UID: ', ['0x4', '0xd3', '0xad', '0xba', '0xa3', '0xf', '0x90'], 56.2, '2025-06-19 10:31:16.533679']
['UID: ', ['0x4', '0x2c', '0xf0', '0xba', '0xa3', '0xf', '0x91'], 56.2, '2025-06-19 10:33:36.044038']
['UID: ', ['0x4', '0xfb', '0xed', '0xba', '0xa3', '0xf', '0x90'], 55.7, '2025-06-19 10:58:17.382608']
['UID: ', ['0x4', '0xd3', '0xad', '0xba', '0xa3', '0xf', '0x90'], 56.8, '2025-06-19 12:00:51.680154']
['UID: ', ['0x4', '0xd3', '0xad', '0xba', '0xa3', '0xf', '0x90'], 57.3, '2025-06-19 12:22:38.629892']
['UID: ', ['0x4', '0x2c', '0xf0', '0xba', '0xa3', '0xf', '0x91'], 57.3, '2025-06-19 13:31:08.762250']
['UID: ', ['0x4', '0xfc', '0xe5', '0xba', '0xa3', '0xf', '0x90'], 57.8, '2025-06-19 13:31:39.357809']
['UID: ', ['0x4', '0xfb', '0xed', '0xba', '0xa3', '0xf', '0x90'], 57.3, '2025-06-19 13:31:48.467147']
['UID: ', ['0x4', '0x82', '0xd8', '0xba', '0xa3', '0xf', '0x90'], 57.8, '2025-06-19 13:33:47.013166']
['UID: ', ['0x4', '0xa1', '0xe2', '0xba', '0xa3', '0xf', '0x90'], 57.8, '2025-06-19 13:33:50.328646']
['UID: ', ['0x4', '0xfb', '0xed', '0xba', '0xa3', '0xf', '0x90'], 57.3, '2025-06-19 13:50:43.510968']
['UID: ', ['0x4', '0x2c', '0xf0', '0xba', '0xa3', '0xf', '0x91'], 57.8, '2025-06-19 13:55:12.599553']
['UID: ', ['0x4', '0x82', '0xd8', '0xba', '0xa3', '0xf', '0x90'], 57.8, '2025-06-19 13:57:21.024410']
['UID: ', ['0x4', '0xa1', '0xe2', '0xba', '0xa3', '0xf', '0x90'], 58.4, '2025-06-19 13:57:24.331141']
['UID: ', ['0x4', '0xfb', '0xed', '0xba', '0xa3', '0xf', '0x90'], 57.3, '2025-06-19 17:06:52.887455']
['UID: ', ['0x4', '0xfc', '0xe5', '0xba', '0xa3', '0xf', '0x90'], 58.4, '2025-06-19 17:07:02.320621']
['UID: ', ['0x4', '0x82', '0xd8', '0xba', '0xa3', '0xf', '0x90'], 57.8, '2025-06-19 17:07:07.102686']
['UID: ', ['0x4', '0xa1', '0xe2', '0xba', '0xa3', '0xf', '0x90'], 58.4, '2025-06-19 17:07:23.336261']
['UID: ', ['0x4', '0x2c', '0xf0', '0xba', '0xa3', '0xf', '0x91'], 57.8, '2025-06-19 17:07:35.879672']
['UID: ', ['0x4', '0xd3', '0xad', '0xba', '0xa3', '0xf', '0x90'], 57.8, '2025-06-19 17:07:41.355338']
['UID: ', ['0x4', '0x82', '0xd8', '0xba', '0xa3', '0xf', '0x90'], 57.3, '2025-06-20 10:20:13.543077']
['UID: ', ['0x4', '0xfc', '0xe5', '0xba', '0xa3', '0xf', '0x90'], 57.3, '2025-06-20 10:20:16.489573']
['UID: ', ['0x4', '0xa1', '0xe2', '0xba', '0xa3', '0xf', '0x90'], 57.3, '2025-06-20 10:31:09.228184']
['UID: ', ['0x4', '0xd3', '0xad', '0xba', '0xa3', '0xf', '0x90'], 57.3, '2025-06-20 10:34:55.003545']
['UID: ', ['0x4', '0x2c', '0xf0', '0xba', '0xa3', '0xf', '0x91'], 56.2, '2025-06-20 10:41:53.070279']
['UID: ', ['0x4', '0xfb', '0xed', '0xba', '0xa3', '0xf', '0x90'], 56.8, '2025-06-20 11:00:05.885254']
['UID: ', ['0x4', '0xd3', '0xad', '0xba', '0xa3', '0xf', '0x90'], 56.8, '2025-06-20 12:00:24.062235']
['UID: ', ['0x4', '0xd3', '0xad', '0xba', '0xa3', '0xf', '0x90'], 56.2, '2025-06-20 12:20:43.283966']
['UID: ', ['0x4', '0xfb', '0xed', '0xba', '0xa3', '0xf', '0x90'], 56.2, '2025-06-20 13:31:37.429401']
['UID: ', ['0x4', '0x2c', '0xf0', '0xba', '0xa3', '0xf', '0x91'], 56.8, '2025-06-20 13:32:40.056371']
['UID: ', ['0x4', '0xfc', '0xe5', '0xba', '0xa3', '0xf', '0x90'], 56.8, '2025-06-20 13:32:49.853402']
['UID: ', ['0x4', '0x82', '0xd8', '0xba', '0xa3', '0xf', '0x90'], 56.2, '2025-06-20 13:32:57.342547']
['UID: ', ['0x4', '0xa1', '0xe2', '0xba', '0xa3', '0xf', '0x90'], 56.2, '2025-06-20 13:33:00.850925']
['UID: ', ['0x4', '0xfb', '0xed', '0xba', '0xa3', '0xf', '0x90'], 56.2, '2025-06-20 13:51:08.153813']
['UID: ', ['0x4', '0x2c', '0xf0', '0xba', '0xa3', '0xf', '0x91'], 56.2, '2025-06-20 13:55:08.228973']
['UID: ', ['0x4', '0xfc', '0xe5', '0xba', '0xa3', '0xf', '0x90'], 55.7, '2025-06-20 13:58:25.384861']
['UID: ', ['0x4', '0x82', '0xd8', '0xba', '0xa3', '0xf', '0x90'], 55.1, '2025-06-20 13:58:50.941683']
['UID: ', ['0x4', '0xa1', '0xe2', '0xba', '0xa3', '0xf', '0x90'], 55.7, '2025-06-20 13:58:53.842142']
['UID: ', ['0x4', '0xfb', '0xed', '0xba', '0xa3', '0xf', '0x90'], 57.3, '2025-06-20 18:04:20.890487']
['UID: ', ['0x4', '0x2c', '0xf0', '0xba', '0xa3', '0xf', '0x91'], 57.3, '2025-06-20 18:04:31.173801']
['UID: ', ['0x4', '0xa1', '0xe2', '0xba', '0xa3', '0xf', '0x90'], 57.3, '2025-06-20 18:04:40.578745']
['UID: ', ['0x4', '0xfc', '0xe5', '0xba', '0xa3', '0xf', '0x90'], 57.3, '2025-06-20 18:04:59.542817']
['UID: ', ['0x4', '0x82', '0xd8', '0xba', '0xa3', '0xf', '0x90'], 57.3, '2025-06-20 18:05:04.380975']
['UID: ', ['0x4', '0xd3', '0xad', '0xba', '0xa3', '0xf', '0x90'], 57.3, '2025-06-20 18:05:09.131998']
['UID: ', ['0x4', '0x91', '0x25', '0xba', '0xa3', '0xf', '0x90'], 56.2, '2025-06-23 09:52:24.763562']
['UID: ', ['0x4', '0x82', '0xd8', '0xba', '0xa3', '0xf', '0x90'], 56.8, '2025-06-23 10:12:21.589806']
['UID: ', ['0x4', '0xfc', '0xe5', '0xba', '0xa3', '0xf', '0x90'], 56.8, '2025-06-23 10:19:17.279577']
['UID: ', ['0x4', '0xd3', '0xad', '0xba', '0xa3', '0xf', '0x90'], 56.2, '2025-06-23 10:29:53.242699']
['UID: ', ['0x4', '0xfb', '0xed', '0xba', '0xa3', '0xf', '0x90'], 55.7, '2025-06-23 10:30:20.435162']
['UID: ', ['0x4', '0x2c', '0xf0', '0xba', '0xa3', '0xf', '0x91'], 56.2, '2025-06-23 10:37:25.302764']
['UID: ', ['0x4', '0x20', '0xa3', '0xba', '0xa3', '0xf', '0x90'], 56.2, '2025-06-23 11:07:11.209034']
['UID: ', ['0x4', '0xd3', '0xad', '0xba', '0xa3', '0xf', '0x90'], 56.2, '2025-06-23 12:01:40.609593']
['UID: ', ['0x4', '0xd3', '0xad', '0xba', '0xa3', '0xf', '0x90'], 55.7, '2025-06-23 12:22:02.078167']
['UID: ', ['0x4', '0x91', '0x25', '0xba', '0xa3', '0xf', '0x90'], 56.2, '2025-06-23 13:06:18.297552']
['UID: ', ['0x4', '0x82', '0xd8', '0xba', '0xa3', '0xf', '0x90'], 56.2, '2025-06-23 13:25:18.782245']
['UID: ', ['0x4', '0xfc', '0xe5', '0xba', '0xa3', '0xf', '0x90'], 56.2, '2025-06-23 13:25:22.203430']
['UID: ', ['0x4', '0xfb', '0xed', '0xba', '0xa3', '0xf', '0x90'], 56.8, '2025-06-23 13:25:29.726045']
['UID: ', ['0x4', '0x91', '0x25', '0xba', '0xa3', '0xf', '0x90'], 57.3, '2025-06-23 13:26:34.901665']
['UID: ', ['0x4', '0x2c', '0xf0', '0xba', '0xa3', '0xf', '0x91'], 56.8, '2025-06-23 13:26:58.251332']
['UID: ', ['0x4', '0x2c', '0xf0', '0xba', '0xa3', '0xf', '0x91'], 56.2, '2025-06-23 13:50:15.108346']
['UID: ', ['0x4', '0xfc', '0xe5', '0xba', '0xa3', '0xf', '0x90'], 56.2, '2025-06-23 13:52:40.324571']
['UID: ', ['0x4', '0xfb', '0xed', '0xba', '0xa3', '0xf', '0x90'], 56.8, '2025-06-23 13:52:56.277306']
['UID: ', ['0x4', '0x82', '0xd8', '0xba', '0xa3', '0xf', '0x90'], 56.2, '2025-06-23 13:53:38.446386']
['UID: ', ['0x4', '0x20', '0xa3', '0xba', '0xa3', '0xf', '0x90'], 56.2, '2025-06-23 13:54:27.787255']
['UID: ', ['0x4', '0x91', '0x25', '0xba', '0xa3', '0xf', '0x90'], 56.8, '2025-06-23 16:32:12.533000']
['UID: ', ['0x4', '0xd3', '0xad', '0xba', '0xa3', '0xf', '0x90'], 56.2, '2025-06-23 17:17:07.877218']
['UID: ', ['0x4', '0x2c', '0xf0', '0xba', '0xa3', '0xf', '0x91'], 56.8, '2025-06-23 17:17:16.251751']
['UID: ', ['0x4', '0xfc', '0xe5', '0xba', '0xa3', '0xf', '0x90'], 56.2, '2025-06-23 17:17:41.843233']
['UID: ', ['0x4', '0x82', '0xd8', '0xba', '0xa3', '0xf', '0x90'], 56.2, '2025-06-23 17:17:45.772123']
['UID: ', ['0x4', '0xfb', '0xed', '0xba', '0xa3', '0xf', '0x90'], 56.2, '2025-06-23 17:17:53.056414']
['UID: ', ['0x4', '0x20', '0xa3', '0xba', '0xa3', '0xf', '0x90'], 56.2, '2025-06-23 17:18:00.548068']
['UID: ', ['0x4', '0x91', '0x25', '0xba', '0xa3', '0xf', '0x90'], 54.6, '2025-06-24 09:58:58.942928']
['UID: ', ['0x4', '0xfc', '0xe5', '0xba', '0xa3', '0xf', '0x90'], 55.1, '2025-06-24 10:17:47.981422']
['UID: ', ['0x4', '0x82', '0xd8', '0xba', '0xa3', '0xf', '0x90'], 55.1, '2025-06-24 10:18:22.718692']
['UID: ', ['0x4', '0xd3', '0xad', '0xba', '0xa3', '0xf', '0x90'], 54.1, '2025-06-24 10:26:31.435413']
['UID: ', ['0x4', '0x20', '0xa3', '0xba', '0xa3', '0xf', '0x90'], 55.1, '2025-06-24 10:30:15.362228']
['UID: ', ['0x4', '0xfb', '0xed', '0xba', '0xa3', '0xf', '0x90'], 54.6, '2025-06-24 10:33:31.673177']
['UID: ', ['0x4', '0xb6', '0xf6', '0xba', '0xa3', '0xf', '0x90'], 55.1, '2025-06-24 10:39:21.666757']
['UID: ', ['0x4', '0xb6', '0xf6', '0xba', '0xa3', '0xf', '0x90'], 55.1, '2025-06-24 10:39:25.936835']
['UID: ', ['0x4', '0x2c', '0xf0', '0xba', '0xa3', '0xf', '0x91'], 54.1, '2025-06-24 10:41:14.500920']
['UID: ', ['0x4', '0xd3', '0xad', '0xba', '0xa3', '0xf', '0x90'], 56.8, '2025-06-24 12:27:05.771474']
['UID: ', ['0x4', '0x82', '0xd8', '0xba', '0xa3', '0xf', '0x90'], 56.8, '2025-06-24 12:41:25.974914']
['UID: ', ['0x4', '0xfc', '0xe5', '0xba', '0xa3', '0xf', '0x90'], 56.2, '2025-06-24 12:41:29.983943']
['UID: ', ['0x4', '0xfb', '0xed', '0xba', '0xa3', '0xf', '0x90'], 56.2, '2025-06-24 12:41:35.176500']
['UID: ', ['0x4', '0x20', '0xa3', '0xba', '0xa3', '0xf', '0x90'], 57.3, '2025-06-24 12:41:41.607274']
['UID: ', ['0x4', '0x2c', '0xf0', '0xba', '0xa3', '0xf', '0x91'], 56.8, '2025-06-24 12:42:02.281702']
['UID: ', ['0x4', '0xd3', '0xad', '0xba', '0xa3', '0xf', '0x90'], 56.2, '2025-06-24 12:48:57.891437']
['UID: ', ['0x4', '0x91', '0x25', '0xba', '0xa3', '0xf', '0x90'], 56.2, '2025-06-24 13:00:26.876681']
['UID: ', ['0x4', '0xfc', '0xe5', '0xba', '0xa3', '0xf', '0x90'], 56.2, '2025-06-24 13:00:48.179793']
['UID: ', ['0x4', '0x2c', '0xf0', '0xba', '0xa3', '0xf', '0x91'], 56.2, '2025-06-24 13:03:13.326433']
['UID: ', ['0x4', '0xfb', '0xed', '0xba', '0xa3', '0xf', '0x90'], 56.2, '2025-06-24 13:03:53.192302']
['UID: ', ['0x4', '0x82', '0xd8', '0xba', '0xa3', '0xf', '0x90'], 56.2, '2025-06-24 13:04:19.072695']
['UID: ', ['0x4', '0x20', '0xa3', '0xba', '0xa3', '0xf', '0x90'], 56.2, '2025-06-24 13:04:53.536924']
['UID: ', ['0x4', '0x91', '0x25', '0xba', '0xa3', '0xf', '0x90'], 56.2, '2025-06-24 13:29:02.444215']
['UID: ', ['0x4', '0x91', '0x25', '0xba', '0xa3', '0xf', '0x90'], 57.3, '2025-06-24 16:31:09.798725']
['UID: ', ['0x4', '0x20', '0xa3', '0xba', '0xa3', '0xf', '0x90'], 57.3, '2025-06-24 18:06:49.157323']
['UID: ', ['0x4', '0xfc', '0xe5', '0xba', '0xa3', '0xf', '0x90'], 57.3, '2025-06-24 18:06:55.844233']
['UID: ', ['0x4', '0x82', '0xd8', '0xba', '0xa3', '0xf', '0x90'], 57.3, '2025-06-24 18:07:01.654175']
['UID: ', ['0x4', '0x2c', '0xf0', '0xba', '0xa3', '0xf', '0x91'], 57.3, '2025-06-24 18:07:15.831023']
['UID: ', ['0x4', '0xd3', '0xad', '0xba', '0xa3', '0xf', '0x90'], 57.3, '2025-06-24 18:07:19.756373']
['UID: ', ['0x4', '0xfb', '0xed', '0xba', '0xa3', '0xf', '0x90'], 57.3, '2025-06-24 18:07:27.448597']
['UID: ', ['0x4', '0x91', '0x25', '0xba', '0xa3', '0xf', '0x90'], 55.1, '2025-06-25 09:57:15.197608']
['UID: ', ['0x4', '0x82', '0xd8', '0xba', '0xa3', '0xf', '0x90'], 55.7, '2025-06-25 10:13:10.162577']
['UID: ', ['0x4', '0xfc', '0xe5', '0xba', '0xa3', '0xf', '0x90'], 55.1, '2025-06-25 10:13:19.103110']
['UID: ', ['0x4', '0x20', '0xa3', '0xba', '0xa3', '0xf', '0x90'], 55.7, '2025-06-25 10:24:12.936785']
['UID: ', ['0x4', '0xa1', '0xe2', '0xba', '0xa3', '0xf', '0x90'], 55.7, '2025-06-25 10:30:08.973878']
['UID: ', ['0x4', '0xd3', '0xad', '0xba', '0xa3', '0xf', '0x90'], 56.2, '2025-06-25 10:31:06.139517']
['UID: ', ['0x4', '0x2c', '0xf0', '0xba', '0xa3', '0xf', '0x91'], 55.7, '2025-06-25 10:39:55.984967']
['UID: ', ['0x4', '0xfb', '0xed', '0xba', '0xa3', '0xf', '0x90'], 55.7, '2025-06-25 10:41:39.686019']
['UID: ', ['0x4', '0xd3', '0xad', '0xba', '0xa3', '0xf', '0x90'], 56.8, '2025-06-25 12:21:45.736302']
['UID: ', ['0x4', '0x91', '0x25', '0xba', '0xa3', '0xf', '0x90'], 56.2, '2025-06-25 13:29:55.714294']
['UID: ', ['0x4', '0xfb', '0xed', '0xba', '0xa3', '0xf', '0x90'], 56.2, '2025-06-25 13:30:56.029169']
['UID: ', ['0x4', '0xfc', '0xe5', '0xba', '0xa3', '0xf', '0x90'], 56.2, '2025-06-25 13:31:35.179515']
['UID: ', ['0x4', '0x82', '0xd8', '0xba', '0xa3', '0xf', '0x90'], 56.2, '2025-06-25 13:31:44.277929']
['UID: ', ['0x4', '0xa1', '0xe2', '0xba', '0xa3', '0xf', '0x90'], 56.2, '2025-06-25 13:31:47.303311']
['UID: ', ['0x4', '0x20', '0xa3', '0xba', '0xa3', '0xf', '0x90'], 56.2, '2025-06-25 13:32:29.699691']
['UID: ', ['0x4', '0xfb', '0xed', '0xba', '0xa3', '0xf', '0x90'], 56.2, '2025-06-25 13:50:02.438705']
['UID: ', ['0x4', '0x2c', '0xf0', '0xba', '0xa3', '0xf', '0x91'], 56.8, '2025-06-25 13:54:23.492205']
['UID: ', ['0x4', '0xfc', '0xe5', '0xba', '0xa3', '0xf', '0x90'], 56.2, '2025-06-25 13:56:46.725227']
['UID: ', ['0x4', '0x20', '0xa3', '0xba', '0xa3', '0xf', '0x90'], 56.2, '2025-06-25 13:57:02.160168']
['UID: ', ['0x4', '0x82', '0xd8', '0xba', '0xa3', '0xf', '0x90'], 56.8, '2025-06-25 13:57:54.643143']
['UID: ', ['0x4', '0xa1', '0xe2', '0xba', '0xa3', '0xf', '0x90'], 56.2, '2025-06-25 13:57:57.312556']
['UID: ', ['0x4', '0x91', '0x25', '0xba', '0xa3', '0xf', '0x90'], 56.8, '2025-06-25 13:59:17.088491']
['UID: ', ['0x4', '0x91', '0x25', '0xba', '0xa3', '0xf', '0x90'], 57.3, '2025-06-25 16:27:45.104396']
['UID: ', ['0x4', '0xfb', '0xed', '0xba', '0xa3', '0xf', '0x90'], 57.3, '2025-06-25 17:16:01.616207']
['UID: ', ['0x4', '0x20', '0xa3', '0xba', '0xa3', '0xf', '0x90'], 57.3, '2025-06-25 17:16:13.508672']
['UID: ', ['0x4', '0x2c', '0xf0', '0xba', '0xa3', '0xf', '0x91'], 57.3, '2025-06-25 17:16:22.485754']
['UID: ', ['0x4', '0xd3', '0xad', '0xba', '0xa3', '0xf', '0x90'], 57.3, '2025-06-25 17:16:26.690174']
['UID: ', ['0x4', '0xfc', '0xe5', '0xba', '0xa3', '0xf', '0x90'], 57.3, '2025-06-25 17:16:36.031183']
['UID: ', ['0x4', '0x82', '0xd8', '0xba', '0xa3', '0xf', '0x90'], 57.3, '2025-06-25 17:16:52.678790']
['UID: ', ['0x4', '0xa1', '0xe2', '0xba', '0xa3', '0xf', '0x90'], 57.8, '2025-06-25 17:17:01.416536']
['UID: ', ['0x4', '0x91', '0x25', '0xba', '0xa3', '0xf', '0x90'], 54.1, '2025-06-26 09:59:22.116715']
['UID: ', ['0x4', '0x82', '0xd8', '0xba', '0xa3', '0xf', '0x90'], 54.1, '2025-06-26 10:17:19.318517']
['UID: ', ['0x4', '0xfc', '0xe5', '0xba', '0xa3', '0xf', '0x90'], 54.1, '2025-06-26 10:19:05.084483']
['UID: ', ['0x4', '0xd3', '0xad', '0xba', '0xa3', '0xf', '0x90'], 53.5, '2025-06-26 10:33:26.795880']
['UID: ', ['0x4', '0xa1', '0xe2', '0xba', '0xa3', '0xf', '0x90'], 53.0, '2025-06-26 10:35:53.193818']
['UID: ', ['0x4', '0xfb', '0xed', '0xba', '0xa3', '0xf', '0x90'], 53.5, '2025-06-26 11:00:20.714454']
['UID: ', ['0x4', '0x25', '0xed', '0xba', '0xa3', '0xf', '0x91'], 54.1, '2025-06-26 11:00:54.563193']
['UID: ', ['0x4', '0x2c', '0xf0', '0xba', '0xa3', '0xf', '0x91'], 54.1, '2025-06-26 11:03:04.475573']
['UID: ', ['0x4', '0xd3', '0xad', '0xba', '0xa3', '0xf', '0x90'], 59.5, '2025-06-26 11:58:44.391771']
['UID: ', ['0x4', '0x91', '0x25', '0xba', '0xa3', '0xf', '0x90'], 60.5, '2025-06-26 13:00:49.165734']
['UID: ', ['0x4', '0x91', '0x25', '0xba', '0xa3', '0xf', '0x90'], 60.5, '2025-06-26 13:29:59.444062']
['UID: ', ['0x4', '0x25', '0xed', '0xba', '0xa3', '0xf', '0x91'], 60.5, '2025-06-26 13:30:32.881968']
['UID: ', ['0x4', '0x2c', '0xf0', '0xba', '0xa3', '0xf', '0x91'], 60.5, '2025-06-26 13:32:58.354440']
['UID: ', ['0x4', '0xfb', '0xed', '0xba', '0xa3', '0xf', '0x90'], 60.5, '2025-06-26 13:33:23.038920']
['UID: ', ['0x4', '0x82', '0xd8', '0xba', '0xa3', '0xf', '0x90'], 61.6, '2025-06-26 13:34:56.025327']
['UID: ', ['0x4', '0xfc', '0xe5', '0xba', '0xa3', '0xf', '0x90'], 61.6, '2025-06-26 13:35:01.240495']
['UID: ', ['0x4', '0xa1', '0xe2', '0xba', '0xa3', '0xf', '0x90'], 61.1, '2025-06-26 13:35:05.957391']
['UID: ', ['0x4', '0x25', '0xed', '0xba', '0xa3', '0xf', '0x91'], 61.6, '2025-06-26 13:53:32.531962']
['UID: ', ['0x4', '0xfb', '0xed', '0xba', '0xa3', '0xf', '0x90'], 60.5, '2025-06-26 13:53:40.276345']
['UID: ', ['0x4', '0x2c', '0xf0', '0xba', '0xa3', '0xf', '0x91'], 60.5, '2025-06-26 13:57:20.037938']
['UID: ', ['0x4', '0x82', '0xd8', '0xba', '0xa3', '0xf', '0x90'], 60.5, '2025-06-26 13:57:25.052871']
['UID: ', ['0x4', '0xfc', '0xe5', '0xba', '0xa3', '0xf', '0x90'], 61.1, '2025-06-26 13:57:27.736562']
['UID: ', ['0x4', '0xa1', '0xe2', '0xba', '0xa3', '0xf', '0x90'], 60.5, '2025-06-26 13:57:30.414374']
['UID: ', ['0x4', '0x25', '0xed', '0xba', '0xa3', '0xf', '0x91'], 61.6, '2025-06-26 16:01:53.344578']
['UID: ', ['0x4', '0xfc', '0xe5', '0xba', '0xa3', '0xf', '0x90'], 61.1, '2025-06-26 16:15:27.285039']
['UID: ', ['0x4', '0xfb', '0xed', '0xba', '0xa3', '0xf', '0x90'], 61.6, '2025-06-26 16:15:33.975171']
['UID: ', ['0x4', '0x2c', '0xf0', '0xba', '0xa3', '0xf', '0x91'], 61.6, '2025-06-26 16:18:03.751318']
['UID: ', ['0x4', '0x82', '0xd8', '0xba', '0xa3', '0xf', '0x90'], 61.6, '2025-06-26 16:20:06.297906']
['UID: ', ['0x4', '0xa1', '0xe2', '0xba', '0xa3', '0xf', '0x90'], 61.6, '2025-06-26 16:20:09.423619']
['UID: ', ['0x4', '0xd3', '0xad', '0xba', '0xa3', '0xf', '0x90'], 60.5, '2025-06-26 16:20:15.916344']
['UID: ', ['0x4', '0x91', '0x25', '0xba', '0xa3', '0xf', '0x90'], 61.6, '2025-06-26 16:31:17.530718']
['UID: ', ['0x4', '0x91', '0x25', '0xba', '0xa3', '0xf', '0x90'], 55.1, '2025-06-27 09:58:21.593823']
['UID: ', ['0x4', '0xd3', '0xad', '0xba', '0xa3', '0xf', '0x90'], 55.7, '2025-06-27 10:31:05.228285']
['UID: ', ['0x4', '0xfc', '0xe5', '0xba', '0xa3', '0xf', '0x90'], 55.7, '2025-06-27 10:46:30.307052']
['UID: ', ['0x4', '0x25', '0xed', '0xba', '0xa3', '0xf', '0x91'], 55.7, '2025-06-27 10:52:19.929409']
['UID: ', ['0x4', '0x82', '0xd8', '0xba', '0xa3', '0xf', '0x90'], 55.7, '2025-06-27 10:53:07.720690']
['UID: ', ['0x4', '0xa1', '0xe2', '0xba', '0xa3', '0xf', '0x90'], 55.1, '2025-06-27 10:58:30.977795']
['UID: ', ['0x4', '0xfb', '0xed', '0xba', '0xa3', '0xf', '0x90'], 55.1, '2025-06-27 11:00:19.808985']
['UID: ', ['0x4', '0x2c', '0xf0', '0xba', '0xa3', '0xf', '0x91'], 55.7, '2025-06-27 11:03:01.219676']
['UID: ', ['0x4', '0xd3', '0xad', '0xba', '0xa3', '0xf', '0x90'], 56.2, '2025-06-27 11:58:28.509935']
['UID: ', ['0x4', '0xd3', '0xad', '0xba', '0xa3', '0xf', '0x90'], 56.2, '2025-06-27 12:21:02.810636']
['UID: ', ['0x4', '0xfc', '0xe5', '0xba', '0xa3', '0xf', '0x90'], 56.8, '2025-06-27 13:05:30.656799']
['UID: ', ['0x4', '0xfb', '0xed', '0xba', '0xa3', '0xf', '0x90'], 57.3, '2025-06-27 13:06:17.640947']
['UID: ', ['0x4', '0x25', '0xed', '0xba', '0xa3', '0xf', '0x91'], 56.2, '2025-06-27 13:06:23.723314']
['UID: ', ['0x4', '0x82', '0xd8', '0xba', '0xa3', '0xf', '0x90'], 56.2, '2025-06-27 13:06:29.140470']
['UID: ', ['0x4', '0xa1', '0xe2', '0xba', '0xa3', '0xf', '0x90'], 56.2, '2025-06-27 13:06:34.519763']
['UID: ', ['0x4', '0x91', '0x25', '0xba', '0xa3', '0xf', '0x90'], 56.8, '2025-06-27 13:06:38.319412']
['UID: ', ['0x4', '0x2c', '0xf0', '0xba', '0xa3', '0xf', '0x91'], 56.2, '2025-06-27 13:06:45.750632']
['UID: ', ['0x4', '0xfc', '0xe5', '0xba', '0xa3', '0xf', '0x90'], 56.8, '2025-06-27 13:24:04.208043']
['UID: ', ['0x4', '0x2c', '0xf0', '0xba', '0xa3', '0xf', '0x91'], 56.8, '2025-06-27 13:27:28.340843']
['UID: ', ['0x4', '0x91', '0x25', '0xba', '0xa3', '0xf', '0x90'], 56.2, '2025-06-27 13:27:35.447548']
['UID: ', ['0x4', '0xfb', '0xed', '0xba', '0xa3', '0xf', '0x90'], 56.2, '2025-06-27 13:27:41.349287']
['UID: ', ['0x4', '0x25', '0xed', '0xba', '0xa3', '0xf', '0x91'], 56.2, '2025-06-27 13:27:55.056458']
['UID: ', ['0x4', '0x82', '0xd8', '0xba', '0xa3', '0xf', '0x90'], 56.8, '2025-06-27 13:28:24.034931']
['UID: ', ['0x4', '0xa1', '0xe2', '0xba', '0xa3', '0xf', '0x90'], 56.2, '2025-06-27 13:28:26.709681']
['UID: ', ['0x4', '0x25', '0xed', '0xba', '0xa3', '0xf', '0x91'], 56.8, '2025-06-27 14:59:21.957733']
['UID: ', ['0x4', '0xd3', '0xad', '0xba', '0xa3', '0xf', '0x90'], 57.3, '2025-06-27 15:03:43.018209']
['UID: ', ['0x4', '0x2c', '0xf0', '0xba', '0xa3', '0xf', '0x91'], 56.8, '2025-06-27 15:03:50.082560']
['UID: ', ['0x4', '0x82', '0xd8', '0xba', '0xa3', '0xf', '0x90'], 56.8, '2025-06-27 15:06:34.714690']
['UID: ', ['0x4', '0xa1', '0xe2', '0xba', '0xa3', '0xf', '0x90'], 57.3, '2025-06-27 15:06:37.388345']
['UID: ', ['0x4', '0xfc', '0xe5', '0xba', '0xa3', '0xf', '0x90'], 57.3, '2025-06-27 15:06:40.423760']
['UID: ', ['0x4', '0xfb', '0xed', '0xba', '0xa3', '0xf', '0x90'], 57.3, '2025-06-27 15:06:54.390824']
['UID: ', ['0x4', '0x91', '0x25', '0xba', '0xa3', '0xf', '0x90'], 56.8, '2025-06-27 16:28:28.304942']
['UID: ', ['0x4', '0x91', '0x25', '0xba', '0xa3', '0xf', '0x90'], 57.3, '2025-06-30 09:56:52.649875']
['UID: ', ['0x4', '0xd3', '0xad', '0xba', '0xa3', '0xf', '0x90'], 57.3, '2025-06-30 10:36:39.623055']
['UID: ', ['0x4', '0x82', '0xd8', '0xba', '0xa3', '0xf', '0x90'], 57.8, '2025-06-30 10:44:27.036016']
['UID: ', ['0x4', '0x25', '0xed', '0xba', '0xa3', '0xf', '0x91'], 57.3, '2025-06-30 10:50:54.452439']
['UID: ', ['0x4', '0xa1', '0xe2', '0xba', '0xa3', '0xf', '0x90'], 57.3, '2025-06-30 11:01:11.926515']
['UID: ', ['0x4', '0xfb', '0xed', '0xba', '0xa3', '0xf', '0x90'], 57.8, '2025-06-30 11:01:59.944556']
['UID: ', ['0x4', '0x2c', '0xf0', '0xba', '0xa3', '0xf', '0x91'], 57.3, '2025-06-30 11:02:07.746693']
['UID: ', ['0x4', '0xd3', '0xad', '0xba', '0xa3', '0xf', '0x90'], 62.7, '2025-06-30 11:59:37.480878']
['UID: ', ['0x4', '0xd3', '0xad', '0xba', '0xa3', '0xf', '0x90'], 63.8, '2025-06-30 12:20:36.838167']
['UID: ', ['0x4', '0x91', '0x25', '0xba', '0xa3', '0xf', '0x90'], 63.8, '2025-06-30 12:56:31.427894']
['UID: ', ['0x4', '0x91', '0x25', '0xba', '0xa3', '0xf', '0x90'], 61.1, '2025-06-30 13:31:09.813032']
['UID: ', ['0x4', '0xfb', '0xed', '0xba', '0xa3', '0xf', '0x90'], 61.6, '2025-06-30 13:32:43.746134']
['UID: ', ['0x4', '0x25', '0xed', '0xba', '0xa3', '0xf', '0x91'], 61.1, '2025-06-30 13:32:49.705753']
['UID: ', ['0x4', '0x82', '0xd8', '0xba', '0xa3', '0xf', '0x90'], 60.5, '2025-06-30 13:34:44.205610']
['UID: ', ['0x4', '0xa1', '0xe2', '0xba', '0xa3', '0xf', '0x90'], 60.5, '2025-06-30 13:34:50.782877']
['UID: ', ['0x4', '0x2c', '0xf0', '0xba', '0xa3', '0xf', '0x91'], 59.5, '2025-06-30 13:52:49.843512']
['UID: ', ['0x4', '0xfb', '0xed', '0xba', '0xa3', '0xf', '0x90'], 60.0, '2025-06-30 13:53:08.024581']
['UID: ', ['0x4', '0x25', '0xed', '0xba', '0xa3', '0xf', '0x91'], 60.0, '2025-06-30 13:53:13.245116']
['UID: ', ['0x4', '0x82', '0xd8', '0xba', '0xa3', '0xf', '0x90'], 59.5, '2025-06-30 13:56:30.918315']
['UID: ', ['0x4', '0xa1', '0xe2', '0xba', '0xa3', '0xf', '0x90'], 60.0, '2025-06-30 13:56:35.136621']
['UID: ', ['0x4', '0x25', '0xed', '0xba', '0xa3', '0xf', '0x91'], 60.0, '2025-06-30 16:06:43.311153']
['UID: ', ['0x4', '0xd3', '0xad', '0xba', '0xa3', '0xf', '0x90'], 59.5, '2025-06-30 16:06:57.906891']
['UID: ', ['0x4', '0xfb', '0xed', '0xba', '0xa3', '0xf', '0x90'], 59.5, '2025-06-30 16:07:05.067707']
['UID: ', ['0x4', '0x2c', '0xf0', '0xba', '0xa3', '0xf', '0x91'], 59.5, '2025-06-30 16:07:14.629521']
['UID: ', ['0x4', '0x82', '0xd8', '0xba', '0xa3', '0xf', '0x90'], 59.5, '2025-06-30 16:08:34.690694']
['UID: ', ['0x4', '0xa1', '0xe2', '0xba', '0xa3', '0xf', '0x90'], 59.5, '2025-06-30 16:08:36.999853']
['UID: ', ['0x4', '0x91', '0x25', '0xba', '0xa3', '0xf', '0x90'], 59.5, '2025-06-30 16:29:58.047197']
['UID: ', ['0x4', '0x91', '0x25', '0xba', '0xa3', '0xf', '0x90'], 60.0, '2025-07-01 09:58:51.569608']
['UID: ', ['0x4', '0xd3', '0xad', '0xba', '0xa3', '0xf', '0x90'], 61.1, '2025-07-01 10:31:15.754616']
['UID: ', ['0x4', '0xfc', '0xe5', '0xba', '0xa3', '0xf', '0x90'], 60.5, '2025-07-01 10:44:29.579389']
['UID: ', ['0x4', '0x82', '0xd8', '0xba', '0xa3', '0xf', '0x90'], 60.0, '2025-07-01 10:46:52.945361']
['UID: ', ['0x4', '0x25', '0xed', '0xba', '0xa3', '0xf', '0x91'], 60.5, '2025-07-01 10:51:31.773750']
['UID: ', ['0x4', '0x20', '0xa3', '0xba', '0xa3', '0xf', '0x90'], 60.5, '2025-07-01 10:58:20.143352']
['UID: ', ['0x4', '0xa1', '0xe2', '0xba', '0xa3', '0xf', '0x90'], 60.5, '2025-07-01 11:00:20.734356']
['UID: ', ['0x4', '0xfb', '0xed', '0xba', '0xa3', '0xf', '0x90'], 60.5, '2025-07-01 11:03:44.377603']
['UID: ', ['0x4', '0x2c', '0xf0', '0xba', '0xa3', '0xf', '0x91'], 60.5, '2025-07-01 11:13:29.586682']
['UID: ', ['0x4', '0xd3', '0xad', '0xba', '0xa3', '0xf', '0x90'], 60.5, '2025-07-01 12:02:24.725358']
['UID: ', ['0x4', '0xd3', '0xad', '0xba', '0xa3', '0xf', '0x90'], 60.5, '2025-07-01 12:24:16.691329']
['UID: ', ['0x4', '0x25', '0xed', '0xba', '0xa3', '0xf', '0x91'], 60.0, '2025-07-01 13:30:01.034733']
['UID: ', ['0x4', '0xfb', '0xed', '0xba', '0xa3', '0xf', '0x90'], 60.0, '2025-07-01 13:30:28.403134']
['UID: ', ['0x4', '0x2c', '0xf0', '0xba', '0xa3', '0xf', '0x91'], 60.0, '2025-07-01 13:30:37.660439']
['UID: ', ['0x4', '0x20', '0xa3', '0xba', '0xa3', '0xf', '0x90'], 60.5, '2025-07-01 13:30:54.909511']
['UID: ', ['0x4', '0x82', '0xd8', '0xba', '0xa3', '0xf', '0x90'], 60.5, '2025-07-01 13:31:18.083083']
['UID: ', ['0x4', '0xa1', '0xe2', '0xba', '0xa3', '0xf', '0x90'], 60.0, '2025-07-01 13:31:21.236277']
['UID: ', ['0x4', '0xfc', '0xe5', '0xba', '0xa3', '0xf', '0x90'], 60.5, '2025-07-01 13:31:23.695706']
['UID: ', ['0x4', '0x91', '0x25', '0xba', '0xa3', '0xf', '0x90'], 60.5, '2025-07-01 13:31:28.593645']
['UID: ', ['0x4', '0x2c', '0xf0', '0xba', '0xa3', '0xf', '0x91'], 60.5, '2025-07-01 13:49:27.410938']
['UID: ', ['0x4', '0x25', '0xed', '0xba', '0xa3', '0xf', '0x91'], 60.5, '2025-07-01 13:49:39.123171']
['UID: ', ['0x4', '0x91', '0x25', '0xba', '0xa3', '0xf', '0x90'], 60.5, '2025-07-01 13:50:07.519322']
['UID: ', ['0x4', '0xfb', '0xed', '0xba', '0xa3', '0xf', '0x90'], 60.5, '2025-07-01 13:50:45.295518']
['UID: ', ['0x4', '0xfc', '0xe5', '0xba', '0xa3', '0xf', '0x90'], 60.5, '2025-07-01 13:54:10.629220']
['UID: ', ['0x4', '0xa1', '0xe2', '0xba', '0xa3', '0xf', '0x90'], 60.5, '2025-07-01 13:54:26.594291']
['UID: ', ['0x4', '0x82', '0xd8', '0xba', '0xa3', '0xf', '0x90'], 60.5, '2025-07-01 13:54:28.649211']
['UID: ', ['0x4', '0x20', '0xa3', '0xba', '0xa3', '0xf', '0x90'], 61.1, '2025-07-01 13:54:37.708623']
['UID: ', ['0x4', '0x25', '0xed', '0xba', '0xa3', '0xf', '0x91'], 60.5, '2025-07-01 15:39:11.800672']
['UID: ', ['0x4', '0xfb', '0xed', '0xba', '0xa3', '0xf', '0x90'], 60.0, '2025-07-01 15:39:17.452459']
['UID: ', ['0x4', '0x2c', '0xf0', '0xba', '0xa3', '0xf', '0x91'], 60.5, '2025-07-01 15:40:11.126552']
['UID: ', ['0x4', '0xfc', '0xe5', '0xba', '0xa3', '0xf', '0x90'], 60.5, '2025-07-01 15:40:15.388534']
['UID: ', ['0x4', '0x20', '0xa3', '0xba', '0xa3', '0xf', '0x90'], 60.5, '2025-07-01 15:40:23.908900']
['UID: ', ['0x4', '0x82', '0xd8', '0xba', '0xa3', '0xf', '0x90'], 60.5, '2025-07-01 15:41:14.713341']
['UID: ', ['0x4', '0xa1', '0xe2', '0xba', '0xa3', '0xf', '0x90'], 60.5, '2025-07-01 15:41:17.451909']
['UID: ', ['0x4', '0xd3', '0xad', '0xba', '0xa3', '0xf', '0x90'], 60.0, '2025-07-01 15:41:56.497185']
['UID: ', ['0x4', '0x91', '0x25', '0xba', '0xa3', '0xf', '0x90'], 57.8, '2025-07-01 16:26:03.870182']
['UID: ', ['0x4', '0x91', '0x25', '0xba', '0xa3', '0xf', '0x90'], 57.3, '2025-07-02 09:57:29.595204']
['UID: ', ['0x4', '0xd3', '0xad', '0xba', '0xa3', '0xf', '0x90'], 56.2, '2025-07-02 10:31:17.678576']
['UID: ', ['0x4', '0x82', '0xd8', '0xba', '0xa3', '0xf', '0x90'], 57.3, '2025-07-02 10:38:11.706552']
['UID: ', ['0x4', '0xa1', '0xe2', '0xba', '0xa3', '0xf', '0x90'], 56.8, '2025-07-02 10:52:31.848724']
['UID: ', ['0x4', '0xfc', '0xe5', '0xba', '0xa3', '0xf', '0x90'], 56.8, '2025-07-02 10:56:56.244192']
['UID: ', ['0x4', '0x25', '0xed', '0xba', '0xa3', '0xf', '0x91'], 56.2, '2025-07-02 10:57:12.897661']
['UID: ', ['0x4', '0xfb', '0xed', '0xba', '0xa3', '0xf', '0x90'], 56.8, '2025-07-02 11:01:22.580110']
['UID: ', ['0x4', '0x2c', '0xf0', '0xba', '0xa3', '0xf', '0x91'], 56.2, '2025-07-02 11:11:43.885270']
['UID: ', ['0x4', '0xd3', '0xad', '0xba', '0xa3', '0xf', '0x90'], 56.2, '2025-07-02 12:01:07.025690']
['UID: ', ['0x4', '0xd3', '0xad', '0xba', '0xa3', '0xf', '0x90'], 55.7, '2025-07-02 12:22:39.164063']
['UID: ', ['0x4', '0xfc', '0xe5', '0xba', '0xa3', '0xf', '0x90'], 55.7, '2025-07-02 13:32:58.128873']
['UID: ', ['0x4', '0x82', '0xd8', '0xba', '0xa3', '0xf', '0x90'], 55.7, '2025-07-02 13:33:06.440496']
['UID: ', ['0x4', '0xa1', '0xe2', '0xba', '0xa3', '0xf', '0x90'], 55.7, '2025-07-02 13:33:09.191646']
['UID: ', ['0x4', '0x25', '0xed', '0xba', '0xa3', '0xf', '0x91'], 55.7, '2025-07-02 13:33:25.775370']
['UID: ', ['0x4', '0x2c', '0xf0', '0xba', '0xa3', '0xf', '0x91'], 55.1, '2025-07-02 13:33:55.252276']
['UID: ', ['0x4', '0x91', '0x25', '0xba', '0xa3', '0xf', '0x90'], 55.1, '2025-07-02 13:34:05.262113']
['UID: ', ['0x4', '0xfb', '0xed', '0xba', '0xa3', '0xf', '0x90'], 55.7, '2025-07-02 13:35:03.172462']
['UID: ', ['0x4', '0x25', '0xed', '0xba', '0xa3', '0xf', '0x91'], 55.7, '2025-07-02 13:53:18.932013']
['UID: ', ['0x4', '0x91', '0x25', '0xba', '0xa3', '0xf', '0x90'], 55.7, '2025-07-02 13:55:20.768030']
['UID: ', ['0x4', '0xfc', '0xe5', '0xba', '0xa3', '0xf', '0x90'], 55.7, '2025-07-02 13:56:50.741620']
['UID: ', ['0x4', '0x82', '0xd8', '0xba', '0xa3', '0xf', '0x90'], 55.1, '2025-07-02 13:57:23.710537']
['UID: ', ['0x4', '0xa1', '0xe2', '0xba', '0xa3', '0xf', '0x90'], 55.7, '2025-07-02 13:57:27.169683']
['UID: ', ['0x4', '0xfb', '0xed', '0xba', '0xa3', '0xf', '0x90'], 55.7, '2025-07-02 13:57:45.374532']
['UID: ', ['0x4', '0x2c', '0xf0', '0xba', '0xa3', '0xf', '0x91'], 56.2, '2025-07-02 13:58:45.986923']
['UID: ', ['0x4', '0x91', '0x25', '0xba', '0xa3', '0xf', '0x90'], 56.8, '2025-07-02 16:43:58.642071']
['UID: ', ['0x4', '0xfb', '0xed', '0xba', '0xa3', '0xf', '0x90'], 57.3, '2025-07-02 16:49:41.059712']
['UID: ', ['0x4', '0x25', '0xed', '0xba', '0xa3', '0xf', '0x91'], 56.8, '2025-07-02 16:49:48.608182']
['UID: ', ['0x4', '0xfc', '0xe5', '0xba', '0xa3', '0xf', '0x90'], 57.3, '2025-07-02 16:50:07.203738']
['UID: ', ['0x4', '0x2c', '0xf0', '0xba', '0xa3', '0xf', '0x91'], 56.8, '2025-07-02 16:50:39.325343']
['UID: ', ['0x4', '0xd3', '0xad', '0xba', '0xa3', '0xf', '0x90'], 57.3, '2025-07-02 16:51:25.274413']
['UID: ', ['0x4', '0x2c', '0xf0', '0xba', '0xa3', '0xf', '0x91'], 56.8, '2025-07-02 16:51:29.197718']
['UID: ', ['0x4', '0x82', '0xd8', '0xba', '0xa3', '0xf', '0x90'], 57.3, '2025-07-02 16:52:18.033545']
['UID: ', ['0x4', '0xa1', '0xe2', '0xba', '0xa3', '0xf', '0x90'], 56.2, '2025-07-02 16:52:21.179492']
['UID: ', ['0x4', '0x91', '0x25', '0xba', '0xa3', '0xf', '0x90'], 56.2, '2025-07-03 09:58:34.364444']
['UID: ', ['0x4', '0xd3', '0xad', '0xba', '0xa3', '0xf', '0x90'], 56.2, '2025-07-03 10:35:21.263431']
['UID: ', ['0x4', '0x20', '0xa3', '0xba', '0xa3', '0xf', '0x90'], 56.2, '2025-07-03 10:39:41.407699']
['UID: ', ['0x4', '0x25', '0xed', '0xba', '0xa3', '0xf', '0x91'], 56.2, '2025-07-03 10:51:36.968819']
['UID: ', ['0x4', '0xa1', '0xe2', '0xba', '0xa3', '0xf', '0x90'], 56.2, '2025-07-03 10:54:34.304812']
['UID: ', ['0x4', '0xfc', '0xe5', '0xba', '0xa3', '0xf', '0x90'], 56.8, '2025-07-03 10:59:47.864627']
['UID: ', ['0x4', '0xfb', '0xed', '0xba', '0xa3', '0xf', '0x90'], 56.2, '2025-07-03 11:03:54.505949']
['UID: ', ['0x4', '0x2c', '0xf0', '0xba', '0xa3', '0xf', '0x91'], 56.8, '2025-07-03 11:06:49.734575']
['UID: ', ['0x4', '0xd3', '0xad', '0xba', '0xa3', '0xf', '0x90'], 56.8, '2025-07-03 12:00:03.153943']
['UID: ', ['0x4', '0xd3', '0xad', '0xba', '0xa3', '0xf', '0x90'], 56.8, '2025-07-03 12:22:59.093693']
['UID: ', ['0x4', '0xfc', '0xe5', '0xba', '0xa3', '0xf', '0x90'], 56.2, '2025-07-03 13:28:49.108199']
['UID: ', ['0x4', '0x91', '0x25', '0xba', '0xa3', '0xf', '0x90'], 56.8, '2025-07-03 13:28:52.665804']
['UID: ', ['0x4', '0x25', '0xed', '0xba', '0xa3', '0xf', '0x91'], 56.2, '2025-07-03 13:29:26.557871']
['UID: ', ['0x4', '0x2c', '0xf0', '0xba', '0xa3', '0xf', '0x91'], 56.2, '2025-07-03 13:29:31.746173']
['UID: ', ['0x4', '0x20', '0xa3', '0xba', '0xa3', '0xf', '0x90'], 56.2, '2025-07-03 13:29:37.054504']
['UID: ', ['0x4', '0xa1', '0xe2', '0xba', '0xa3', '0xf', '0x90'], 56.2, '2025-07-03 13:29:43.033362']
['UID: ', ['0x4', '0xfb', '0xed', '0xba', '0xa3', '0xf', '0x90'], 56.2, '2025-07-03 13:30:44.468884']
['UID: ', ['0x4', '0x25', '0xed', '0xba', '0xa3', '0xf', '0x91'], 56.2, '2025-07-03 13:49:20.862525']
['UID: ', ['0x4', '0x2c', '0xf0', '0xba', '0xa3', '0xf', '0x91'], 56.8, '2025-07-03 13:50:13.026232']
['UID: ', ['0x4', '0xfb', '0xed', '0xba', '0xa3', '0xf', '0x90'], 56.2, '2025-07-03 13:52:25.506992']
['UID: ', ['0x4', '0xfc', '0xe5', '0xba', '0xa3', '0xf', '0x90'], 56.2, '2025-07-03 13:52:41.802124']
['UID: ', ['0x4', '0x91', '0x25', '0xba', '0xa3', '0xf', '0x90'], 56.2, '2025-07-03 13:52:44.585892']
['UID: ', ['0x4', '0xa1', '0xe2', '0xba', '0xa3', '0xf', '0x90'], 56.2, '2025-07-03 13:52:54.151346']
['UID: ', ['0x4', '0x20', '0xa3', '0xba', '0xa3', '0xf', '0x90'], 56.2, '2025-07-03 13:54:37.121584']
['UID: ', ['0x4', '0x91', '0x25', '0xba', '0xa3', '0xf', '0x90'], 57.3, '2025-07-03 16:32:20.810671']
['UID: ', ['0x4', '0x25', '0xed', '0xba', '0xa3', '0xf', '0x91'], 57.3, '2025-07-03 17:13:25.454603']
['UID: ', ['0x4', '0x20', '0xa3', '0xba', '0xa3', '0xf', '0x90'], 57.3, '2025-07-03 17:13:33.846473']
['UID: ', ['0x4', '0xfc', '0xe5', '0xba', '0xa3', '0xf', '0x90'], 56.8, '2025-07-03 17:14:36.745549']
['UID: ', ['0x4', '0xfb', '0xed', '0xba', '0xa3', '0xf', '0x90'], 57.3, '2025-07-03 17:15:28.933372']
['UID: ', ['0x4', '0xa1', '0xe2', '0xba', '0xa3', '0xf', '0x90'], 57.3, '2025-07-03 17:16:58.130372']
['UID: ', ['0x4', '0x2c', '0xf0', '0xba', '0xa3', '0xf', '0x91'], 57.3, '2025-07-03 17:18:41.533212']
['UID: ', ['0x4', '0xd3', '0xad', '0xba', '0xa3', '0xf', '0x90'], 57.3, '2025-07-03 17:19:15.541836']
['UID: ', ['0x4', '0xd3', '0xad', '0xba', '0xa3', '0xf', '0x90'], 56.2, '2025-07-04 10:31:54.579534']
['UID: ', ['0x4', '0xfc', '0xe5', '0xba', '0xa3', '0xf', '0x90'], 55.7, '2025-07-04 10:44:53.713082']
['UID: ', ['0x4', '0x82', '0xd8', '0xba', '0xa3', '0xf', '0x90'], 56.2, '2025-07-04 10:45:00.149435']
['UID: ', ['0x4', '0x25', '0xed', '0xba', '0xa3', '0xf', '0x91'], 55.7, '2025-07-04 10:50:18.130271']
['UID: ', ['0x4', '0xa1', '0xe2', '0xba', '0xa3', '0xf', '0x90'], 55.7, '2025-07-04 10:54:12.868017']
['UID: ', ['0x4', '0xfb', '0xed', '0xba', '0xa3', '0xf', '0x90'], 55.1, '2025-07-04 11:01:17.393422']
['UID: ', ['0x4', '0x2c', '0xf0', '0xba', '0xa3', '0xf', '0x91'], 56.2, '2025-07-04 11:09:07.009701']
['UID: ', ['0x4', '0xd3', '0xad', '0xba', '0xa3', '0xf', '0x90'], 57.3, '2025-07-04 11:59:13.124309']
['UID: ', ['0x4', '0xd3', '0xad', '0xba', '0xa3', '0xf', '0x90'], 56.8, '2025-07-04 12:21:56.143439']
['UID: ', ['0x4', '0x25', '0xed', '0xba', '0xa3', '0xf', '0x91'], 56.8, '2025-07-04 13:11:51.159125']
['UID: ', ['0x4', '0xfb', '0xed', '0xba', '0xa3', '0xf', '0x90'], 56.8, '2025-07-04 13:11:58.248321']
['UID: ', ['0x4', '0x2c', '0xf0', '0xba', '0xa3', '0xf', '0x91'], 57.3, '2025-07-04 13:12:38.055358']
['UID: ', ['0x4', '0x82', '0xd8', '0xba', '0xa3', '0xf', '0x90'], 57.3, '2025-07-04 13:14:30.251154']
['UID: ', ['0x4', '0xfc', '0xe5', '0xba', '0xa3', '0xf', '0x90'], 56.8, '2025-07-04 13:14:35.551315']
['UID: ', ['0x4', '0xa1', '0xe2', '0xba', '0xa3', '0xf', '0x90'], 56.8, '2025-07-04 13:14:40.144561']
['UID: ', ['0x4', '0x25', '0xed', '0xba', '0xa3', '0xf', '0x91'], 57.3, '2025-07-04 13:31:29.980522']
['UID: ', ['0x4', '0xfb', '0xed', '0xba', '0xa3', '0xf', '0x90'], 57.3, '2025-07-04 13:33:26.115973']
['UID: ', ['0x4', '0x2c', '0xf0', '0xba', '0xa3', '0xf', '0x91'], 57.3, '2025-07-04 13:36:00.762730']
['UID: ', ['0x4', '0xfc', '0xe5', '0xba', '0xa3', '0xf', '0x90'], 57.3, '2025-07-04 13:39:30.422545']
['UID: ', ['0x4', '0x82', '0xd8', '0xba', '0xa3', '0xf', '0x90'], 57.3, '2025-07-04 13:39:38.127965']
['UID: ', ['0x4', '0xa1', '0xe2', '0xba', '0xa3', '0xf', '0x90'], 57.3, '2025-07-04 13:39:43.449214']
['UID: ', ['0x4', '0xfc', '0xe5', '0xba', '0xa3', '0xf', '0x90'], 57.3, '2025-07-04 17:20:08.788277']
['UID: ', ['0x4', '0x82', '0xd8', '0xba', '0xa3', '0xf', '0x90'], 57.8, '2025-07-04 17:20:26.310494']
['UID: ', ['0x4', '0xa1', '0xe2', '0xba', '0xa3', '0xf', '0x90'], 56.8, '2025-07-04 17:20:30.239308']
['UID: ', ['0x4', '0x25', '0xed', '0xba', '0xa3', '0xf', '0x91'], 57.3, '2025-07-04 17:20:37.410424']
['UID: ', ['0x4', '0x2c', '0xf0', '0xba', '0xa3', '0xf', '0x91'], 57.3, '2025-07-04 17:20:48.454255']
['UID: ', ['0x4', '0xfb', '0xed', '0xba', '0xa3', '0xf', '0x90'], 57.3, '2025-07-04 17:22:08.436411']
['UID: ', ['0x4', '0xd3', '0xad', '0xba', '0xa3', '0xf', '0x90'], 56.2, '2025-07-04 17:22:46.295506']
['UID: ', ['0x4', '0x91', '0x25', '0xba', '0xa3', '0xf', '0x90'], 53.5, '2025-07-07 09:57:04.404494']
['UID: ', ['0x4', '0x82', '0xd8', '0xba', '0xa3', '0xf', '0x90'], 54.1, '2025-07-07 10:49:19.548424']
['UID: ', ['0x4', '0xfc', '0xe5', '0xba', '0xa3', '0xf', '0x90'], 53.5, '2025-07-07 10:50:49.473864']
['UID: ', ['0x4', '0x25', '0xed', '0xba', '0xa3', '0xf', '0x91'], 54.1, '2025-07-07 10:53:50.527649']
['UID: ', ['0x4', '0xa1', '0xe2', '0xba', '0xa3', '0xf', '0x90'], 54.1, '2025-07-07 10:55:15.125107']
['UID: ', ['0x4', '0x20', '0xa3', '0xba', '0xa3', '0xf', '0x90'], 54.1, '2025-07-07 10:58:59.415574']
['UID: ', ['0x4', '0xfb', '0xed', '0xba', '0xa3', '0xf', '0x90'], 54.1, '2025-07-07 11:05:07.840744']
['UID: ', ['0x4', '0x2c', '0xf0', '0xba', '0xa3', '0xf', '0x91'], 54.1, '2025-07-07 11:08:00.446900']
['UID: ', ['0x4', '0x91', '0x25', '0xba', '0xa3', '0xf', '0x90'], 53.5, '2025-07-07 13:07:42.531546']
['UID: ', ['0x4', '0x25', '0xed', '0xba', '0xa3', '0xf', '0x91'], 54.1, '2025-07-07 13:30:55.841267']
['UID: ', ['0x4', '0xfc', '0xe5', '0xba', '0xa3', '0xf', '0x90'], 53.0, '2025-07-07 13:31:48.331717']
['UID: ', ['0x4', '0x91', '0x25', '0xba', '0xa3', '0xf', '0x90'], 53.5, '2025-07-07 13:31:52.426618']
['UID: ', ['0x4', '0xa1', '0xe2', '0xba', '0xa3', '0xf', '0x90'], 53.5, '2025-07-07 13:31:57.607387']
['UID: ', ['0x4', '0x82', '0xd8', '0xba', '0xa3', '0xf', '0x90'], 54.1, '2025-07-07 13:32:02.163599']
['UID: ', ['0x4', '0x20', '0xa3', '0xba', '0xa3', '0xf', '0x90'], 54.1, '2025-07-07 13:32:05.811985']
['UID: ', ['0x4', '0x2c', '0xf0', '0xba', '0xa3', '0xf', '0x91'], 53.0, '2025-07-07 13:33:30.367005']
['UID: ', ['0x4', '0xfb', '0xed', '0xba', '0xa3', '0xf', '0x90'], 54.1, '2025-07-07 13:38:25.778908']
['UID: ', ['0x4', '0x25', '0xed', '0xba', '0xa3', '0xf', '0x91'], 54.1, '2025-07-07 13:48:01.628668']
['UID: ', ['0x4', '0xfc', '0xe5', '0xba', '0xa3', '0xf', '0x90'], 53.5, '2025-07-07 13:57:55.216082']
['UID: ', ['0x4', '0xa1', '0xe2', '0xba', '0xa3', '0xf', '0x90'], 53.0, '2025-07-07 13:58:00.087372']
['UID: ', ['0x4', '0x82', '0xd8', '0xba', '0xa3', '0xf', '0x90'], 54.1, '2025-07-07 13:58:05.996285']
['UID: ', ['0x4', '0x20', '0xa3', '0xba', '0xa3', '0xf', '0x90'], 53.5, '2025-07-07 13:59:28.276940']
['UID: ', ['0x4', '0x2c', '0xf0', '0xba', '0xa3', '0xf', '0x91'], 54.1, '2025-07-07 13:59:33.719858']
['UID: ', ['0x4', '0xfb', '0xed', '0xba', '0xa3', '0xf', '0x90'], 53.5, '2025-07-07 14:00:25.127957']
['UID: ', ['0x4', '0x91', '0x25', '0xba', '0xa3', '0xf', '0x90'], 54.1, '2025-07-07 16:29:52.550510']
['UID: ', ['0x4', '0xfb', '0xed', '0xba', '0xa3', '0xf', '0x90'], 55.1, '2025-07-07 17:33:07.709761']
['UID: ', ['0x4', '0x25', '0xed', '0xba', '0xa3', '0xf', '0x91'], 55.1, '2025-07-07 17:33:21.721339']
['UID: ', ['0x4', '0x20', '0xa3', '0xba', '0xa3', '0xf', '0x90'], 55.1, '2025-07-07 17:33:54.621808']
['UID: ', ['0x4', '0x82', '0xd8', '0xba', '0xa3', '0xf', '0x90'], 55.1, '2025-07-07 17:34:22.359430']
['UID: ', ['0x4', '0xa1', '0xe2', '0xba', '0xa3', '0xf', '0x90'], 55.1, '2025-07-07 17:34:25.038874']
['UID: ', ['0x4', '0xfc', '0xe5', '0xba', '0xa3', '0xf', '0x90'], 54.6, '2025-07-07 17:34:29.178176']
['UID: ', ['0x4', '0x2c', '0xf0', '0xba', '0xa3', '0xf', '0x91'], 55.1, '2025-07-07 17:37:34.422474']
['UID: ', ['0x4', '0x91', '0x25', '0xba', '0xa3', '0xf', '0x90'], 53.5, '2025-07-08 09:59:26.461613']
['UID: ', ['0x4', '0xd3', '0xad', '0xba', '0xa3', '0xf', '0x90'], 53.5, '2025-07-08 10:32:21.168742']
['UID: ', ['0x4', '0x82', '0xd8', '0xba', '0xa3', '0xf', '0x90'], 54.1, '2025-07-08 10:45:12.747855']
['UID: ', ['0x4', '0x25', '0xed', '0xba', '0xa3', '0xf', '0x91'], 54.1, '2025-07-08 10:51:46.780454']
['UID: ', ['0x4', '0xa1', '0xe2', '0xba', '0xa3', '0xf', '0x90'], 54.1, '2025-07-08 10:55:35.157201']
['UID: ', ['0x4', '0xfc', '0xe5', '0xba', '0xa3', '0xf', '0x90'], 54.1, '2025-07-08 10:56:01.025871']
['UID: ', ['0x4', '0x20', '0xa3', '0xba', '0xa3', '0xf', '0x90'], 54.1, '2025-07-08 10:58:48.389008']
['UID: ', ['0x4', '0x2c', '0xf0', '0xba', '0xa3', '0xf', '0x91'], 53.0, '2025-07-08 11:03:33.783801']
['UID: ', ['0x4', '0xfb', '0xed', '0xba', '0xa3', '0xf', '0x90'], 54.1, '2025-07-08 11:04:43.616679']
['UID: ', ['0x4', '0xd3', '0xad', '0xba', '0xa3', '0xf', '0x90'], 54.6, '2025-07-08 12:02:18.071489']
['UID: ', ['0x4', '0xd3', '0xad', '0xba', '0xa3', '0xf', '0x90'], 54.1, '2025-07-08 12:24:24.145308']
['UID: ', ['0x4', '0x91', '0x25', '0xba', '0xa3', '0xf', '0x90'], 54.1, '2025-07-08 13:01:46.182334']
['UID: ', ['0x4', '0x2c', '0xf0', '0xba', '0xa3', '0xf', '0x91'], 54.1, '2025-07-08 13:04:23.657350']
['UID: ', ['0x4', '0x25', '0xed', '0xba', '0xa3', '0xf', '0x91'], 55.1, '2025-07-08 13:04:30.806744']
['UID: ', ['0x4', '0x20', '0xa3', '0xba', '0xa3', '0xf', '0x90'], 54.6, '2025-07-08 13:04:44.453908']
['UID: ', ['0x4', '0xfc', '0xe5', '0xba', '0xa3', '0xf', '0x90'], 54.6, '2025-07-08 13:05:17.498407']
['UID: ', ['0x4', '0xa1', '0xe2', '0xba', '0xa3', '0xf', '0x90'], 54.6, '2025-07-08 13:05:22.846909']
['UID: ', ['0x4', '0x82', '0xd8', '0xba', '0xa3', '0xf', '0x90'], 55.1, '2025-07-08 13:05:26.282567']
['UID: ', ['0x4', '0xfb', '0xed', '0xba', '0xa3', '0xf', '0x90'], 54.6, '2025-07-08 13:09:07.833415']
['UID: ', ['0x4', '0x25', '0xed', '0xba', '0xa3', '0xf', '0x91'], 55.1, '2025-07-08 13:23:22.779588']
['UID: ', ['0x4', '0x2c', '0xf0', '0xba', '0xa3', '0xf', '0x91'], 54.6, '2025-07-08 13:27:05.076566']
['UID: ', ['0x4', '0xfb', '0xed', '0xba', '0xa3', '0xf', '0x90'], 55.1, '2025-07-08 13:29:54.339065']
['UID: ', ['0x4', '0xa1', '0xe2', '0xba', '0xa3', '0xf', '0x90'], 55.1, '2025-07-08 13:30:43.800756']
['UID: ', ['0x4', '0x82', '0xd8', '0xba', '0xa3', '0xf', '0x90'], 55.1, '2025-07-08 13:30:46.475310']
['UID: ', ['0x4', '0x91', '0x25', '0xba', '0xa3', '0xf', '0x90'], 55.1, '2025-07-08 13:30:52.615442']
['UID: ', ['0x4', '0xfc', '0xe5', '0xba', '0xa3', '0xf', '0x90'], 55.1, '2025-07-08 13:30:56.543076']
['UID: ', ['0x4', '0x20', '0xa3', '0xba', '0xa3', '0xf', '0x90'], 55.1, '2025-07-08 13:31:09.257186']
['UID: ', ['0x4', '0x91', '0x25', '0xba', '0xa3', '0xf', '0x90'], 55.7, '2025-07-08 16:30:33.737725']
['UID: ', ['0x4', '0x20', '0xa3', '0xba', '0xa3', '0xf', '0x90'], 55.7, '2025-07-08 18:10:01.592493']
['UID: ', ['0x4', '0x82', '0xd8', '0xba', '0xa3', '0xf', '0x90'], 55.7, '2025-07-08 18:10:15.035975']
['UID: ', ['0x4', '0xfc', '0xe5', '0xba', '0xa3', '0xf', '0x90'], 56.2, '2025-07-08 18:10:19.202555']
['UID: ', ['0x4', '0xa1', '0xe2', '0xba', '0xa3', '0xf', '0x90'], 56.2, '2025-07-08 18:10:24.060091']
['UID: ', ['0x4', '0xfb', '0xed', '0xba', '0xa3', '0xf', '0x90'], 56.2, '2025-07-08 18:10:39.708852']
['UID: ', ['0x4', '0x25', '0xed', '0xba', '0xa3', '0xf', '0x91'], 56.2, '2025-07-08 18:10:45.115103']
['UID: ', ['0x4', '0x2c', '0xf0', '0xba', '0xa3', '0xf', '0x91'], 56.2, '2025-07-08 18:11:18.173806']
['UID: ', ['0x4', '0xd3', '0xad', '0xba', '0xa3', '0xf', '0x90'], 55.7, '2025-07-08 18:11:22.475966']
['UID: ', ['0x4', '0x91', '0x25', '0xba', '0xa3', '0xf', '0x90'], 55.7, '2025-07-09 09:57:53.049832']
['UID: ', ['0x4', '0x82', '0xd8', '0xba', '0xa3', '0xf', '0x90'], 55.1, '2025-07-09 10:20:32.022440']
['UID: ', ['0x4', '0xa1', '0xe2', '0xba', '0xa3', '0xf', '0x90'], 55.7, '2025-07-09 10:23:01.837263']
['UID: ', ['0x4', '0x2c', '0xf0', '0xba', '0xa3', '0xf', '0x91'], 56.2, '2025-07-09 10:36:44.527888']
['UID: ', ['0x4', '0xd3', '0xad', '0xba', '0xa3', '0xf', '0x90'], 55.7, '2025-07-09 10:36:59.959786']
['UID: ', ['0x4', '0x25', '0xed', '0xba', '0xa3', '0xf', '0x91'], 56.2, '2025-07-09 10:50:01.355797']
['UID: ', ['0x4', '0x20', '0xa3', '0xba', '0xa3', '0xf', '0x90'], 56.2, '2025-07-09 10:53:39.933511']
['UID: ', ['0x4', '0xfb', '0xed', '0xba', '0xa3', '0xf', '0x90'], 55.7, '2025-07-09 11:04:10.668932']
['UID: ', ['0x4', '0xfc', '0xe5', '0xba', '0xa3', '0xf', '0x90'], 56.2, '2025-07-09 11:04:47.205062']
['UID: ', ['0x4', '0xd3', '0xad', '0xba', '0xa3', '0xf', '0x90'], 56.2, '2025-07-09 11:59:21.157459']
['UID: ', ['0x4', '0xd3', '0xad', '0xba', '0xa3', '0xf', '0x90'], 56.8, '2025-07-09 12:22:25.497503']
['UID: ', ['0x4', '0x25', '0xed', '0xba', '0xa3', '0xf', '0x91'], 57.3, '2025-07-09 13:17:03.542911']
['UID: ', ['0x4', '0xfc', '0xe5', '0xba', '0xa3', '0xf', '0x90'], 57.3, '2025-07-09 13:18:18.349181']
['UID: ', ['0x4', '0x91', '0x25', '0xba', '0xa3', '0xf', '0x90'], 56.8, '2025-07-09 13:18:24.946332']
['UID: ', ['0x4', '0x2c', '0xf0', '0xba', '0xa3', '0xf', '0x91'], 56.2, '2025-07-09 13:19:48.104557']
['UID: ', ['0x4', '0xfb', '0xed', '0xba', '0xa3', '0xf', '0x90'], 56.8, '2025-07-09 13:20:03.617206']
['UID: ', ['0x4', '0x20', '0xa3', '0xba', '0xa3', '0xf', '0x90'], 57.3, '2025-07-09 13:20:27.723781']
['UID: ', ['0x4', '0x82', '0xd8', '0xba', '0xa3', '0xf', '0x90'], 56.8, '2025-07-09 13:20:50.465161']
['UID: ', ['0x4', '0xa1', '0xe2', '0xba', '0xa3', '0xf', '0x90'], 56.2, '2025-07-09 13:20:53.328482']
['UID: ', ['0x4', '0x25', '0xed', '0xba', '0xa3', '0xf', '0x91'], 56.8, '2025-07-09 13:36:49.487959']
['UID: ', ['0x4', '0xfb', '0xed', '0xba', '0xa3', '0xf', '0x90'], 57.3, '2025-07-09 13:41:47.167834']
['UID: ', ['0x4', '0x2c', '0xf0', '0xba', '0xa3', '0xf', '0x91'], 56.2, '2025-07-09 13:42:57.529580']
['UID: ', ['0x4', '0x20', '0xa3', '0xba', '0xa3', '0xf', '0x90'], 57.3, '2025-07-09 13:43:33.215263']
['UID: ', ['0x4', '0xfc', '0xe5', '0xba', '0xa3', '0xf', '0x90'], 56.8, '2025-07-09 13:44:32.315870']
['UID: ', ['0x4', '0x91', '0x25', '0xba', '0xa3', '0xf', '0x90'], 56.2, '2025-07-09 13:44:37.835696']
['UID: ', ['0x4', '0x82', '0xd8', '0xba', '0xa3', '0xf', '0x90'], 57.3, '2025-07-09 13:44:43.014888']
['UID: ', ['0x4', '0xa1', '0xe2', '0xba', '0xa3', '0xf', '0x90'], 56.2, '2025-07-09 13:44:45.759522']
['UID: ', ['0x4', '0xd3', '0xad', '0xba', '0xa3', '0xf', '0x90'], 57.3, '2025-07-09 14:52:28.629914']
['UID: ', ['0x4', '0x91', '0x25', '0xba', '0xa3', '0xf', '0x90'], 57.3, '2025-07-09 16:27:58.514347']
['UID: ', ['0x4', '0x25', '0xed', '0xba', '0xa3', '0xf', '0x91'], 57.3, '2025-07-09 17:39:34.382223']
['UID: ', ['0x4', '0xfb', '0xed', '0xba', '0xa3', '0xf', '0x90'], 57.8, '2025-07-09 17:39:40.607909']
['UID: ', ['0x4', '0xfc', '0xe5', '0xba', '0xa3', '0xf', '0x90'], 57.3, '2025-07-09 17:40:11.214641']
['UID: ', ['0x4', '0x20', '0xa3', '0xba', '0xa3', '0xf', '0x90'], 57.8, '2025-07-09 17:40:15.387701']
['UID: ', ['0x4', '0x82', '0xd8', '0xba', '0xa3', '0xf', '0x90'], 57.3, '2025-07-09 17:40:20.810866']
['UID: ', ['0x4', '0x82', '0xd8', '0xba', '0xa3', '0xf', '0x90'], 57.3, '2025-07-09 17:40:23.035231']
['UID: ', ['0x4', '0xa1', '0xe2', '0xba', '0xa3', '0xf', '0x90'], 57.3, '2025-07-09 17:40:27.877412']
['UID: ', ['0x4', '0x2c', '0xf0', '0xba', '0xa3', '0xf', '0x91'], 57.3, '2025-07-09 17:40:36.550909']
['UID: ', ['0x4', '0x91', '0x25', '0xba', '0xa3', '0xf', '0x90'], 56.8, '2025-07-10 09:58:40.207053']
['UID: ', ['0x4', '0x82', '0xd8', '0xba', '0xa3', '0xf', '0x90'], 56.2, '2025-07-10 10:30:17.275837']
['UID: ', ['0x4', '0xa1', '0xe2', '0xba', '0xa3', '0xf', '0x90'], 56.8, '2025-07-10 10:30:21.068794']
['UID: ', ['0x4', '0x2c', '0xf0', '0xba', '0xa3', '0xf', '0x91'], 56.8, '2025-07-10 10:45:31.423197']
['UID: ', ['0x4', '0xfc', '0xe5', '0xba', '0xa3', '0xf', '0x90'], 57.3, '2025-07-10 10:50:18.088912']
['UID: ', ['0x4', '0x25', '0xed', '0xba', '0xa3', '0xf', '0x91'], 56.8, '2025-07-10 10:51:16.060852']
['UID: ', ['0x4', '0xfb', '0xed', '0xba', '0xa3', '0xf', '0x90'], 57.3, '2025-07-10 11:05:03.468961']
['UID: ', ['0x4', '0xfb', '0xed', '0xba', '0xa3', '0xf', '0x90'], 59.5, '2025-07-10 13:32:29.549649']
['UID: ', ['0x4', '0x91', '0x25', '0xba', '0xa3', '0xf', '0x90'], 59.5, '2025-07-10 13:32:35.979364']
['UID: ', ['0x4', '0x25', '0xed', '0xba', '0xa3', '0xf', '0x91'], 58.4, '2025-07-10 13:33:05.615966']
['UID: ', ['0x4', '0x2c', '0xf0', '0xba', '0xa3', '0xf', '0x91'], 58.4, '2025-07-10 13:34:11.605881']
['UID: ', ['0x4', '0xa1', '0xe2', '0xba', '0xa3', '0xf', '0x90'], 58.4, '2025-07-10 13:34:39.600817']
['UID: ', ['0x4', '0x82', '0xd8', '0xba', '0xa3', '0xf', '0x90'], 58.9, '2025-07-10 13:34:43.046230']
['UID: ', ['0x4', '0xfc', '0xe5', '0xba', '0xa3', '0xf', '0x90'], 58.4, '2025-07-10 13:34:49.330551']
['UID: ', ['0x4', '0x91', '0x25', '0xba', '0xa3', '0xf', '0x90'], 57.8, '2025-07-10 13:50:50.674866']
['UID: ', ['0x4', '0x25', '0xed', '0xba', '0xa3', '0xf', '0x91'], 57.3, '2025-07-10 13:50:59.218988']
['UID: ', ['0x4', '0xfb', '0xed', '0xba', '0xa3', '0xf', '0x90'], 57.8, '2025-07-10 13:51:30.255977']
['UID: ', ['0x4', '0xfc', '0xe5', '0xba', '0xa3', '0xf', '0x90'], 57.8, '2025-07-10 13:55:26.408313']
['UID: ', ['0x4', '0x82', '0xd8', '0xba', '0xa3', '0xf', '0x90'], 57.3, '2025-07-10 13:55:39.121508']
['UID: ', ['0x4', '0xa1', '0xe2', '0xba', '0xa3', '0xf', '0x90'], 58.4, '2025-07-10 13:55:43.124758']
['UID: ', ['0x4', '0x2c', '0xf0', '0xba', '0xa3', '0xf', '0x91'], 57.3, '2025-07-10 13:56:53.199072']
['UID: ', ['0x4', '0x91', '0x25', '0xba', '0xa3', '0xf', '0x90'], 57.8, '2025-07-10 16:28:11.415242']
['UID: ', ['0x4', '0x25', '0xed', '0xba', '0xa3', '0xf', '0x91'], 58.4, '2025-07-10 17:23:00.413220']
['UID: ', ['0x4', '0xfb', '0xed', '0xba', '0xa3', '0xf', '0x90'], 58.4, '2025-07-10 17:26:47.603282']
['UID: ', ['0x4', '0x82', '0xd8', '0xba', '0xa3', '0xf', '0x90'], 58.4, '2025-07-10 17:26:56.831524']
['UID: ', ['0x4', '0xa1', '0xe2', '0xba', '0xa3', '0xf', '0x90'], 58.9, '2025-07-10 17:26:59.096543']
['UID: ', ['0x4', '0xfc', '0xe5', '0xba', '0xa3', '0xf', '0x90'], 58.4, '2025-07-10 17:27:01.308682']
['UID: ', ['0x4', '0x2c', '0xf0', '0xba', '0xa3', '0xf', '0x91'], 58.4, '2025-07-10 17:27:11.707441']
['UID: ', ['0x4', '0x91', '0x25', '0xba', '0xa3', '0xf', '0x90'], 57.8, '2025-07-11 09:56:32.529430']
['UID: ', ['0x4', '0x82', '0xd8', '0xba', '0xa3', '0xf', '0x90'], 58.9, '2025-07-11 10:42:52.993087']
['UID: ', ['0x4', '0x25', '0xed', '0xba', '0xa3', '0xf', '0x91'], 58.4, '2025-07-11 10:50:28.593961']
['UID: ', ['0x4', '0xa1', '0xe2', '0xba', '0xa3', '0xf', '0x90'], 59.5, '2025-07-11 10:53:42.554272']
['UID: ', ['0x4', '0x2c', '0xf0', '0xba', '0xa3', '0xf', '0x91'], 58.9, '2025-07-11 10:59:41.298373']
['UID: ', ['0x4', '0xfb', '0xed', '0xba', '0xa3', '0xf', '0x90'], 58.9, '2025-07-11 11:01:33.060782']
['UID: ', ['0x4', '0x82', '0xd8', '0xba', '0xa3', '0xf', '0x90'], 57.8, '2025-07-11 13:30:16.994131']
['UID: ', ['0x4', '0xfc', '0xe5', '0xba', '0xa3', '0xf', '0x90'], 57.8, '2025-07-11 13:30:20.690525']
['UID: ', ['0x4', '0xa1', '0xe2', '0xba', '0xa3', '0xf', '0x90'], 57.3, '2025-07-11 13:30:24.619672']
['UID: ', ['0x4', '0x25', '0xed', '0xba', '0xa3', '0xf', '0x91'], 57.8, '2025-07-11 13:30:28.906109']
['UID: ', ['0x4', '0x91', '0x25', '0xba', '0xa3', '0xf', '0x90'], 57.8, '2025-07-11 13:30:34.797938']
['UID: ', ['0x4', '0x2c', '0xf0', '0xba', '0xa3', '0xf', '0x91'], 57.3, '2025-07-11 13:32:04.595146']
['UID: ', ['0x4', '0xfb', '0xed', '0xba', '0xa3', '0xf', '0x90'], 57.3, '2025-07-11 13:46:54.974543']
['UID: ', ['0x4', '0x25', '0xed', '0xba', '0xa3', '0xf', '0x91'], 57.3, '2025-07-11 13:48:48.586897']
['UID: ', ['0x4', '0x91', '0x25', '0xba', '0xa3', '0xf', '0x90'], 57.3, '2025-07-11 13:48:56.901353']
['UID: ', ['0x4', '0xfc', '0xe5', '0xba', '0xa3', '0xf', '0x90'], 56.8, '2025-07-11 13:50:51.160363']
['UID: ', ['0x4', '0x82', '0xd8', '0xba', '0xa3', '0xf', '0x90'], 57.3, '2025-07-11 13:51:03.879316']
['UID: ', ['0x4', '0xa1', '0xe2', '0xba', '0xa3', '0xf', '0x90'], 57.3, '2025-07-11 13:51:06.708177']
['UID: ', ['0x4', '0x2c', '0xf0', '0xba', '0xa3', '0xf', '0x91'], 57.3, '2025-07-11 13:54:58.493297']
['UID: ', ['0x4', '0xfb', '0xed', '0xba', '0xa3', '0xf', '0x90'], 57.3, '2025-07-11 14:12:01.146395']
['UID: ', ['0x4', '0x91', '0x25', '0xba', '0xa3', '0xf', '0x90'], 57.3, '2025-07-11 17:06:54.711304']
['UID: ', ['0x4', '0x2c', '0xf0', '0xba', '0xa3', '0xf', '0x91'], 58.4, '2025-07-11 18:33:56.533582']
['UID: ', ['0x4', '0x82', '0xd8', '0xba', '0xa3', '0xf', '0x90'], 58.4, '2025-07-11 18:35:12.336948']
['UID: ', ['0x4', '0xa1', '0xe2', '0xba', '0xa3', '0xf', '0x90'], 57.8, '2025-07-11 18:35:15.182873']
['UID: ', ['0x4', '0xfc', '0xe5', '0xba', '0xa3', '0xf', '0x90'], 57.8, '2025-07-11 18:35:18.073221']
['UID: ', ['0x4', '0x25', '0xed', '0xba', '0xa3', '0xf', '0x91'], 57.8, '2025-07-11 18:35:48.335999']
['UID: ', ['0x4', '0xfb', '0xed', '0xba', '0xa3', '0xf', '0x90'], 58.4, '2025-07-11 18:35:55.826242']
['UID: ', ['0x4', '0x91', '0x25', '0xba', '0xa3', '0xf', '0x90'], 58.4, '2025-07-14 09:57:59.347335']
['UID: ', ['0x4', '0x25', '0xed', '0xba', '0xa3', '0xf', '0x91'], 58.4, '2025-07-14 10:25:05.743949']
['UID: ', ['0x4', '0xfc', '0xe5', '0xba', '0xa3', '0xf', '0x90'], 57.8, '2025-07-14 10:27:26.336933']
['UID: ', ['0x4', '0xfb', '0xed', '0xba', '0xa3', '0xf', '0x90'], 57.8, '2025-07-14 10:34:21.262202']
['UID: ', ['0x4', '0xa1', '0xe2', '0xba', '0xa3', '0xf', '0x90'], 58.4, '2025-07-14 10:43:11.972706']
['UID: ', ['0x4', '0x2c', '0xf0', '0xba', '0xa3', '0xf', '0x91'], 57.8, '2025-07-14 10:56:45.207232']
['UID: ', ['0x4', '0x20', '0xa3', '0xba', '0xa3', '0xf', '0x90'], 57.8, '2025-07-14 10:59:20.413628']
['UID: ', ['0x4', '0x91', '0x25', '0xba', '0xa3', '0xf', '0x90'], 58.4, '2025-07-14 13:32:01.218032']
['UID: ', ['0x4', '0x20', '0xa3', '0xba', '0xa3', '0xf', '0x90'], 57.3, '2025-07-14 13:33:14.111838']
['UID: ', ['0x4', '0x25', '0xed', '0xba', '0xa3', '0xf', '0x91'], 57.8, '2025-07-14 13:33:21.931160']
['UID: ', ['0x4', '0xfb', '0xed', '0xba', '0xa3', '0xf', '0x90'], 57.3, '2025-07-14 13:34:03.121516']
['UID: ', ['0x4', '0xa1', '0xe2', '0xba', '0xa3', '0xf', '0x90'], 57.3, '2025-07-14 13:35:29.790192']
['UID: ', ['0x4', '0xfc', '0xe5', '0xba', '0xa3', '0xf', '0x90'], 57.8, '2025-07-14 13:35:33.592107']
['UID: ', ['0x4', '0x2c', '0xf0', '0xba', '0xa3', '0xf', '0x91'], 57.3, '2025-07-14 13:35:48.021983']
['UID: ', ['0x4', '0x91', '0x25', '0xba', '0xa3', '0xf', '0x90'], 57.3, '2025-07-14 13:51:45.635250']
['UID: ', ['0x4', '0xfb', '0xed', '0xba', '0xa3', '0xf', '0x90'], 57.3, '2025-07-14 13:53:18.939367']
['UID: ', ['0x4', '0x20', '0xa3', '0xba', '0xa3', '0xf', '0x90'], 57.8, '2025-07-14 13:56:04.884521']
['UID: ', ['0x4', '0xa1', '0xe2', '0xba', '0xa3', '0xf', '0x90'], 57.8, '2025-07-14 13:58:21.480128']
['UID: ', ['0x4', '0xfc', '0xe5', '0xba', '0xa3', '0xf', '0x90'], 57.3, '2025-07-14 13:58:47.596535']
['UID: ', ['0x4', '0x2c', '0xf0', '0xba', '0xa3', '0xf', '0x91'], 57.3, '2025-07-14 13:59:10.621522']
['UID: ', ['0x4', '0x91', '0x25', '0xba', '0xa3', '0xf', '0x90'], 57.8, '2025-07-14 16:26:19.908564']
['UID: ', ['0x4', '0x20', '0xa3', '0xba', '0xa3', '0xf', '0x90'], 56.8, '2025-07-14 18:08:13.192736']
['UID: ', ['0x4', '0xfb', '0xed', '0xba', '0xa3', '0xf', '0x90'], 57.3, '2025-07-14 18:08:24.788383']
['UID: ', ['0x4', '0xfc', '0xe5', '0xba', '0xa3', '0xf', '0x90'], 57.3, '2025-07-14 18:08:36.349239']
['UID: ', ['0x4', '0xa1', '0xe2', '0xba', '0xa3', '0xf', '0x90'], 56.8, '2025-07-14 18:08:42.445378']
['UID: ', ['0x4', '0x25', '0xed', '0xba', '0xa3', '0xf', '0x91'], 57.3, '2025-07-14 18:09:27.200574']
['UID: ', ['0x4', '0x2c', '0xf0', '0xba', '0xa3', '0xf', '0x91'], 56.8, '2025-07-14 18:10:45.099399']
['UID: ', ['0x4', '0x91', '0x25', '0xba', '0xa3', '0xf', '0x90'], 55.7, '2025-07-15 09:44:58.016901']
['UID: ', ['0x4', '0x82', '0xd8', '0xba', '0xa3', '0xf', '0x90'], 55.7, '2025-07-15 09:48:01.352762']
['UID: ', ['0x4', '0xfc', '0xe5', '0xba', '0xa3', '0xf', '0x90'], 55.7, '2025-07-15 09:59:13.927751']
['UID: ', ['0x4', '0xd3', '0xad', '0xba', '0xa3', '0xf', '0x90'], 55.7, '2025-07-15 09:59:24.178645']
['UID: ', ['0x4', '0x20', '0xa3', '0xba', '0xa3', '0xf', '0x90'], 55.7, '2025-07-15 10:02:50.709738']
['UID: ', ['0x4', '0xa1', '0xe2', '0xba', '0xa3', '0xf', '0x90'], 55.7, '2025-07-15 10:03:13.271046']
['UID: ', ['0x4', '0x2c', '0xf0', '0xba', '0xa3', '0xf', '0x91'], 55.1, '2025-07-15 10:15:59.710863']
['UID: ', ['0x4', '0xfb', '0xed', '0xba', '0xa3', '0xf', '0x90'], 55.1, '2025-07-15 10:18:22.325550']
['UID: ', ['0x4', '0xd3', '0xad', '0xba', '0xa3', '0xf', '0x90'], 56.2, '2025-07-15 11:58:19.606770']
['UID: ', ['0x4', '0xd3', '0xad', '0xba', '0xa3', '0xf', '0x90'], 56.2, '2025-07-15 12:21:33.489436']
['UID: ', ['0x4', '0x2c', '0xf0', '0xba', '0xa3', '0xf', '0x91'], 56.2, '2025-07-15 13:31:22.621838']
['UID: ', ['0x4', '0x20', '0xa3', '0xba', '0xa3', '0xf', '0x90'], 55.7, '2025-07-15 13:33:06.868691']
['UID: ', ['0x4', '0xa1', '0xe2', '0xba', '0xa3', '0xf', '0x90'], 55.7, '2025-07-15 13:34:24.140388']
['UID: ', ['0x4', '0x82', '0xd8', '0xba', '0xa3', '0xf', '0x90'], 55.7, '2025-07-15 13:34:26.963092']
['UID: ', ['0x4', '0xfc', '0xe5', '0xba', '0xa3', '0xf', '0x90'], 56.2, '2025-07-15 13:34:29.919874']
['UID: ', ['0x4', '0x91', '0x25', '0xba', '0xa3', '0xf', '0x90'], 56.2, '2025-07-15 13:34:58.584993']
['UID: ', ['0x4', '0xfb', '0xed', '0xba', '0xa3', '0xf', '0x90'], 56.2, '2025-07-15 13:35:35.919077']
['UID: ', ['0x4', '0x20', '0xa3', '0xba', '0xa3', '0xf', '0x90'], 56.2, '2025-07-15 13:54:48.630643']
['UID: ', ['0x4', '0x91', '0x25', '0xba', '0xa3', '0xf', '0x90'], 55.7, '2025-07-15 13:55:29.632823']
['UID: ', ['0x4', '0x2c', '0xf0', '0xba', '0xa3', '0xf', '0x91'], 55.7, '2025-07-15 13:56:58.271352']
['UID: ', ['0x4', '0xfc', '0xe5', '0xba', '0xa3', '0xf', '0x90'], 56.2, '2025-07-15 13:57:16.907986']
['UID: ', ['0x4', '0x82', '0xd8', '0xba', '0xa3', '0xf', '0x90'], 55.7, '2025-07-15 13:57:32.743820']
['UID: ', ['0x4', '0xa1', '0xe2', '0xba', '0xa3', '0xf', '0x90'], 55.1, '2025-07-15 13:57:36.367819']
['UID: ', ['0x4', '0xfb', '0xed', '0xba', '0xa3', '0xf', '0x90'], 55.1, '2025-07-15 13:58:28.569754']
['UID: ', ['0x4', '0x91', '0x25', '0xba', '0xa3', '0xf', '0x90'], 56.2, '2025-07-15 16:29:07.447340']
['UID: ', ['0x4', '0x82', '0xd8', '0xba', '0xa3', '0xf', '0x90'], 55.1, '2025-07-15 17:58:55.846606']
['UID: ', ['0x4', '0xa1', '0xe2', '0xba', '0xa3', '0xf', '0x90'], 55.7, '2025-07-15 17:58:58.635976']
['UID: ', ['0x4', '0x20', '0xa3', '0xba', '0xa3', '0xf', '0x90'], 55.1, '2025-07-15 17:59:12.311984']
['UID: ', ['0x4', '0xfc', '0xe5', '0xba', '0xa3', '0xf', '0x90'], 55.7, '2025-07-15 17:59:16.345499']
['UID: ', ['0x4', '0xfb', '0xed', '0xba', '0xa3', '0xf', '0x90'], 55.1, '2025-07-15 17:59:23.651164']
['UID: ', ['0x4', '0xd3', '0xad', '0xba', '0xa3', '0xf', '0x90'], 55.7, '2025-07-15 17:59:32.399538']
['UID: ', ['0x4', '0x2c', '0xf0', '0xba', '0xa3', '0xf', '0x91'], 55.7, '2025-07-15 17:59:59.531505']
['UID: ', ['0x4', '0x91', '0x25', '0xba', '0xa3', '0xf', '0x90'], 56.2, '2025-07-16 10:00:22.908105']
['UID: ', ['0x4', '0x20', '0xa3', '0xba', '0xa3', '0xf', '0x90'], 55.7, '2025-07-16 10:22:36.502497']
['UID: ', ['0x4', '0x82', '0xd8', '0xba', '0xa3', '0xf', '0x90'], 55.7, '2025-07-16 10:28:37.532004']
['UID: ', ['0x4', '0xfc', '0xe5', '0xba', '0xa3', '0xf', '0x90'], 56.2, '2025-07-16 10:29:21.575618']
['UID: ', ['0x4', '0xd3', '0xad', '0xba', '0xa3', '0xf', '0x90'], 56.2, '2025-07-16 10:36:47.127940']
['UID: ', ['0x4', '0x2c', '0xf0', '0xba', '0xa3', '0xf', '0x91'], 56.8, '2025-07-16 10:45:57.962663']
['UID: ', ['0x4', '0xa1', '0xe2', '0xba', '0xa3', '0xf', '0x90'], 56.2, '2025-07-16 10:53:12.182478']
['UID: ', ['0x4', '0xd3', '0xad', '0xba', '0xa3', '0xf', '0x90'], 57.3, '2025-07-16 11:58:31.110921']
['UID: ', ['0x4', '0xd3', '0xad', '0xba', '0xa3', '0xf', '0x90'], 57.3, '2025-07-16 12:22:20.263457']
['UID: ', ['0x4', '0xa1', '0xe2', '0xba', '0xa3', '0xf', '0x90'], 57.3, '2025-07-16 13:32:33.099201']
['UID: ', ['0x4', '0x82', '0xd8', '0xba', '0xa3', '0xf', '0x90'], 57.3, '2025-07-16 13:32:36.711998']
['UID: ', ['0x4', '0xfc', '0xe5', '0xba', '0xa3', '0xf', '0x90'], 57.3, '2025-07-16 13:32:40.289576']
['UID: ', ['0x4', '0x20', '0xa3', '0xba', '0xa3', '0xf', '0x90'], 57.3, '2025-07-16 13:32:51.239685']
['UID: ', ['0x4', '0x91', '0x25', '0xba', '0xa3', '0xf', '0x90'], 57.3, '2025-07-16 13:33:14.091788']
['UID: ', ['0x4', '0x2c', '0xf0', '0xba', '0xa3', '0xf', '0x91'], 57.3, '2025-07-16 13:33:20.179074']
['UID: ', ['0x4', '0x91', '0x25', '0xba', '0xa3', '0xf', '0x90'], 57.3, '2025-07-16 13:50:24.363045']
['UID: ', ['0x4', '0x2c', '0xf0', '0xba', '0xa3', '0xf', '0x91'], 57.3, '2025-07-16 13:56:25.595507']
['UID: ', ['0x4', '0xfc', '0xe5', '0xba', '0xa3', '0xf', '0x90'], 57.3, '2025-07-16 14:00:38.487581']
['UID: ', ['0x4', '0x20', '0xa3', '0xba', '0xa3', '0xf', '0x90'], 57.3, '2025-07-16 14:00:45.970932']
['UID: ', ['0x4', '0x82', '0xd8', '0xba', '0xa3', '0xf', '0x90'], 57.3, '2025-07-16 14:00:49.611325']
['UID: ', ['0x4', '0xa1', '0xe2', '0xba', '0xa3', '0xf', '0x90'], 57.3, '2025-07-16 14:00:52.057045']
['UID: ', ['0x4', '0x91', '0x25', '0xba', '0xa3', '0xf', '0x90'], 57.8, '2025-07-16 16:26:44.114086']
['UID: ', ['0x4', '0xd3', '0xad', '0xba', '0xa3', '0xf', '0x90'], 57.8, '2025-07-16 17:48:29.870493']
['UID: ', ['0x4', '0x2c', '0xf0', '0xba', '0xa3', '0xf', '0x91'], 57.3, '2025-07-16 17:48:45.458488']
['UID: ', ['0x4', '0xfc', '0xe5', '0xba', '0xa3', '0xf', '0x90'], 57.3, '2025-07-16 17:48:50.640397']
['UID: ', ['0x4', '0xfc', '0xe5', '0xba', '0xa3', '0xf', '0x90'], 57.3, '2025-07-16 17:48:52.738591']
['UID: ', ['0x4', '0x20', '0xa3', '0xba', '0xa3', '0xf', '0x90'], 57.8, '2025-07-16 17:48:56.798848']
['UID: ', ['0x4', '0x82', '0xd8', '0xba', '0xa3', '0xf', '0x90'], 57.8, '2025-07-16 17:49:58.901157']
['UID: ', ['0x4', '0xa1', '0xe2', '0xba', '0xa3', '0xf', '0x90'], 57.3, '2025-07-16 17:50:01.410149']
['UID: ', ['0x4', '0x91', '0x25', '0xba', '0xa3', '0xf', '0x90'], 56.2, '2025-07-17 07:56:04.750726']
['UID: ', ['0x4', '0xfc', '0xe5', '0xba', '0xa3', '0xf', '0x90'], 57.3, '2025-07-17 10:28:52.995547']
['UID: ', ['0x4', '0xa1', '0xe2', '0xba', '0xa3', '0xf', '0x90'], 57.3, '2025-07-17 10:29:43.099523']
['UID: ', ['0x4', '0x82', '0xd8', '0xba', '0xa3', '0xf', '0x90'], 56.8, '2025-07-17 10:31:32.049917']
['UID: ', ['0x4', '0xd3', '0xad', '0xba', '0xa3', '0xf', '0x90'], 57.3, '2025-07-17 10:35:53.231424']
['UID: ', ['0x4', '0x20', '0xa3', '0xba', '0xa3', '0xf', '0x90'], 56.2, '2025-07-17 10:36:46.148014']
['UID: ', ['0x4', '0x2c', '0xf0', '0xba', '0xa3', '0xf', '0x91'], 56.8, '2025-07-17 10:38:21.820147']
['UID: ', ['0x4', '0xfb', '0xed', '0xba', '0xa3', '0xf', '0x90'], 57.3, '2025-07-17 10:59:56.493048']
['UID: ', ['0x4', '0xd3', '0xad', '0xba', '0xa3', '0xf', '0x90'], 57.3, '2025-07-17 11:59:51.807385']
['UID: ', ['0x4', '0x91', '0x25', '0xba', '0xa3', '0xf', '0x90'], 57.3, '2025-07-17 12:08:49.016489']
['UID: ', ['0x4', '0xd3', '0xad', '0xba', '0xa3', '0xf', '0x90'], 57.3, '2025-07-17 12:21:55.182596']
['UID: ', ['0x4', '0x91', '0x25', '0xba', '0xa3', '0xf', '0x90'], 57.8, '2025-07-17 12:40:15.126553']
['UID: ', ['0x4', '0xa1', '0xe2', '0xba', '0xa3', '0xf', '0x90'], 57.3, '2025-07-17 13:33:14.913015']
['UID: ', ['0x4', '0x82', '0xd8', '0xba', '0xa3', '0xf', '0x90'], 57.3, '2025-07-17 13:33:17.829264']
['UID: ', ['0x4', '0xfc', '0xe5', '0xba', '0xa3', '0xf', '0x90'], 57.8, '2025-07-17 13:33:20.903080']
['UID: ', ['0x4', '0x20', '0xa3', '0xba', '0xa3', '0xf', '0x90'], 57.8, '2025-07-17 13:33:36.998341']
['UID: ', ['0x4', '0x2c', '0xf0', '0xba', '0xa3', '0xf', '0x91'], 57.3, '2025-07-17 13:34:21.473404']
['UID: ', ['0x4', '0xfb', '0xed', '0xba', '0xa3', '0xf', '0x90'], 57.8, '2025-07-17 13:35:05.032907']
['UID: ', ['0x4', '0x20', '0xa3', '0xba', '0xa3', '0xf', '0x90'], 57.3, '2025-07-17 13:55:58.783868']
['UID: ', ['0x4', '0xfb', '0xed', '0xba', '0xa3', '0xf', '0x90'], 57.3, '2025-07-17 13:57:24.625968']
['UID: ', ['0x4', '0x2c', '0xf0', '0xba', '0xa3', '0xf', '0x91'], 57.3, '2025-07-17 13:58:03.162311']
['UID: ', ['0x4', '0xfc', '0xe5', '0xba', '0xa3', '0xf', '0x90'], 57.8, '2025-07-17 13:59:18.022620']
['UID: ', ['0x4', '0xa1', '0xe2', '0xba', '0xa3', '0xf', '0x90'], 57.8, '2025-07-17 13:59:24.657866']
['UID: ', ['0x4', '0x82', '0xd8', '0xba', '0xa3', '0xf', '0x90'], 57.3, '2025-07-17 13:59:27.729858']
['UID: ', ['0x4', '0x91', '0x25', '0xba', '0xa3', '0xf', '0x90'], 57.8, '2025-07-17 14:35:17.556233']
['UID: ', ['0x4', '0x20', '0xa3', '0xba', '0xa3', '0xf', '0x90'], 58.4, '2025-07-17 16:06:13.620075']
['UID: ', ['0x4', '0xfb', '0xed', '0xba', '0xa3', '0xf', '0x90'], 57.8, '2025-07-17 16:06:26.535490']
['UID: ', ['0x4', '0x2c', '0xf0', '0xba', '0xa3', '0xf', '0x91'], 58.4, '2025-07-17 16:06:35.958112']
['UID: ', ['0x4', '0xd3', '0xad', '0xba', '0xa3', '0xf', '0x90'], 57.8, '2025-07-17 16:06:58.697310']
['UID: ', ['0x4', '0x82', '0xd8', '0xba', '0xa3', '0xf', '0x90'], 57.8, '2025-07-17 16:07:13.684852']
['UID: ', ['0x4', '0xfc', '0xe5', '0xba', '0xa3', '0xf', '0x90'], 57.3, '2025-07-17 16:07:15.977870']
['UID: ', ['0x4', '0xa1', '0xe2', '0xba', '0xa3', '0xf', '0x90'], 57.8, '2025-07-17 16:07:18.052468']
['UID: ', ['0x4', '0x91', '0x25', '0xba', '0xa3', '0xf', '0x90'], 57.8, '2025-07-18 09:56:26.778257']
['UID: ', ['0x4', '0xfc', '0xe5', '0xba', '0xa3', '0xf', '0x90'], 57.3, '2025-07-18 10:19:02.130737']
['UID: ', ['0x4', '0x82', '0xd8', '0xba', '0xa3', '0xf', '0x90'], 57.3, '2025-07-18 10:19:06.980812']
['UID: ', ['0x4', '0xa1', '0xe2', '0xba', '0xa3', '0xf', '0x90'], 57.3, '2025-07-18 10:28:30.300976']
['UID: ', ['0x4', '0xd3', '0xad', '0xba', '0xa3', '0xf', '0x90'], 57.3, '2025-07-18 10:29:47.404573']
['UID: ', ['0x4', '0xfb', '0xed', '0xba', '0xa3', '0xf', '0x90'], 57.3, '2025-07-18 10:40:34.044653']
['UID: ', ['0x4', '0x2c', '0xf0', '0xba', '0xa3', '0xf', '0x91'], 57.3, '2025-07-18 10:41:22.495501']
['UID: ', ['0x4', '0xd3', '0xad', '0xba', '0xa3', '0xf', '0x90'], 58.4, '2025-07-18 11:58:45.443619']
['UID: ', ['0x4', '0xd3', '0xad', '0xba', '0xa3', '0xf', '0x90'], 57.3, '2025-07-18 12:21:19.703557']
['UID: ', ['0x4', '0x91', '0x25', '0xba', '0xa3', '0xf', '0x90'], 58.4, '2025-07-18 13:21:49.023968']
['UID: ', ['0x4', '0x2c', '0xf0', '0xba', '0xa3', '0xf', '0x91'], 58.4, '2025-07-18 13:22:00.694176']
['UID: ', ['0x4', '0xa1', '0xe2', '0xba', '0xa3', '0xf', '0x90'], 58.4, '2025-07-18 13:23:35.551899']
['UID: ', ['0x4', '0x82', '0xd8', '0xba', '0xa3', '0xf', '0x90'], 58.4, '2025-07-18 13:23:39.482903']
['UID: ', ['0x4', '0xfc', '0xe5', '0xba', '0xa3', '0xf', '0x90'], 58.4, '2025-07-18 13:23:42.156389']
['UID: ', ['0x4', '0xfb', '0xed', '0xba', '0xa3', '0xf', '0x90'], 58.4, '2025-07-18 13:45:06.406968']
['UID: ', ['0x4', '0x91', '0x25', '0xba', '0xa3', '0xf', '0x90'], 58.9, '2025-07-18 13:48:41.953930']
['UID: ', ['0x4', '0x2c', '0xf0', '0xba', '0xa3', '0xf', '0x91'], 58.4, '2025-07-18 13:48:48.691043']
['UID: ', ['0x4', '0xfc', '0xe5', '0xba', '0xa3', '0xf', '0x90'], 58.4, '2025-07-18 13:50:13.195037']
['UID: ', ['0x4', '0x82', '0xd8', '0xba', '0xa3', '0xf', '0x90'], 58.4, '2025-07-18 13:50:18.101567']
['UID: ', ['0x4', '0xa1', '0xe2', '0xba', '0xa3', '0xf', '0x90'], 59.5, '2025-07-18 13:50:20.778094']
['UID: ', ['0x4', '0xfb', '0xed', '0xba', '0xa3', '0xf', '0x90'], 59.5, '2025-07-18 14:09:25.402431']
['UID: ', ['0x4', '0x91', '0x25', '0xba', '0xa3', '0xf', '0x90'], 59.5, '2025-07-18 16:27:43.615490']
['UID: ', ['0x4', '0xb6', '0xf6', '0xba', '0xa3', '0xf', '0x90'], 60.0, '2025-07-18 16:42:44.559894']
['UID: ', ['0x4', '0xfb', '0xed', '0xba', '0xa3', '0xf', '0x90'], 60.0, '2025-07-18 16:52:25.273033']
['UID: ', ['0x4', '0x2c', '0xf0', '0xba', '0xa3', '0xf', '0x91'], 59.5, '2025-07-18 16:52:53.664955']
['UID: ', ['0x4', '0xd3', '0xad', '0xba', '0xa3', '0xf', '0x90'], 60.0, '2025-07-18 16:53:06.462156']
['UID: ', ['0x4', '0x82', '0xd8', '0xba', '0xa3', '0xf', '0x90'], 59.5, '2025-07-18 16:53:16.044254']
['UID: ', ['0x4', '0xa1', '0xe2', '0xba', '0xa3', '0xf', '0x90'], 60.0, '2025-07-18 16:53:20.154698']
['UID: ', ['0x4', '0xfc', '0xe5', '0xba', '0xa3', '0xf', '0x90'], 59.5, '2025-07-18 16:53:23.802515']
['UID: ', ['0x4', '0x91', '0x25', '0xba', '0xa3', '0xf', '0x90'], 55.1, '2025-07-21 09:54:31.583498']
['UID: ', ['0x4', '0x82', '0xd8', '0xba', '0xa3', '0xf', '0x90'], 55.7, '2025-07-21 10:28:28.268285']
['UID: ', ['0x4', '0xd3', '0xad', '0xba', '0xa3', '0xf', '0x90'], 55.1, '2025-07-21 10:28:56.824926']
['UID: ', ['0x4', '0xa1', '0xe2', '0xba', '0xa3', '0xf', '0x90'], 55.1, '2025-07-21 10:46:35.874025']
['UID: ', ['0x4', '0x25', '0xed', '0xba', '0xa3', '0xf', '0x91'], 55.7, '2025-07-21 10:52:03.869077']
['UID: ', ['0x4', '0xfc', '0xe5', '0xba', '0xa3', '0xf', '0x90'], 56.2, '2025-07-21 10:58:56.678390']
['UID: ', ['0x4', '0x20', '0xa3', '0xba', '0xa3', '0xf', '0x90'], 56.2, '2025-07-21 11:00:22.378406']
['UID: ', ['0x4', '0xfb', '0xed', '0xba', '0xa3', '0xf', '0x90'], 55.7, '2025-07-21 11:03:07.413205']
['UID: ', ['0x4', '0x2c', '0xf0', '0xba', '0xa3', '0xf', '0x91'], 55.1, '2025-07-21 11:09:43.017061']
['UID: ', ['0x4', '0xd3', '0xad', '0xba', '0xa3', '0xf', '0x90'], 56.2, '2025-07-21 12:03:25.027827']
['UID: ', ['0x4', '0xd3', '0xad', '0xba', '0xa3', '0xf', '0x90'], 56.2, '2025-07-21 12:23:23.529366']
['UID: ', ['0x4', '0x25', '0xed', '0xba', '0xa3', '0xf', '0x91'], 56.2, '2025-07-21 12:57:24.269569']
['UID: ', ['0x4', '0x20', '0xa3', '0xba', '0xa3', '0xf', '0x90'], 56.2, '2025-07-21 12:57:40.504885']
['UID: ', ['0x4', '0x82', '0xd8', '0xba', '0xa3', '0xf', '0x90'], 56.2, '2025-07-21 12:57:58.597058']
['UID: ', ['0x4', '0xa1', '0xe2', '0xba', '0xa3', '0xf', '0x90'], 56.2, '2025-07-21 12:58:00.976497']
['UID: ', ['0x4', '0xfb', '0xed', '0xba', '0xa3', '0xf', '0x90'], 57.3, '2025-07-21 12:58:10.595272']
['UID: ', ['0x4', '0x2c', '0xf0', '0xba', '0xa3', '0xf', '0x91'], 56.2, '2025-07-21 12:58:50.104020']
['UID: ', ['0x4', '0xfc', '0xe5', '0xba', '0xa3', '0xf', '0x90'], 56.2, '2025-07-21 12:59:00.394944']
['UID: ', ['0x4', '0x25', '0xed', '0xba', '0xa3', '0xf', '0x91'], 56.8, '2025-07-21 13:18:43.117204']
['UID: ', ['0x4', '0xfb', '0xed', '0xba', '0xa3', '0xf', '0x90'], 57.3, '2025-07-21 13:18:48.760147']
['UID: ', ['0x4', '0x20', '0xa3', '0xba', '0xa3', '0xf', '0x90'], 56.2, '2025-07-21 13:19:45.534899']
['UID: ', ['0x4', '0xfc', '0xe5', '0xba', '0xa3', '0xf', '0x90'], 56.2, '2025-07-21 13:21:51.965363']
['UID: ', ['0x4', '0x82', '0xd8', '0xba', '0xa3', '0xf', '0x90'], 57.3, '2025-07-21 13:21:56.677690']
['UID: ', ['0x4', '0xa1', '0xe2', '0xba', '0xa3', '0xf', '0x90'], 56.8, '2025-07-21 13:22:00.191117']
['UID: ', ['0x4', '0x2c', '0xf0', '0xba', '0xa3', '0xf', '0x91'], 57.3, '2025-07-21 13:23:16.670459']
['UID: ', ['0x4', '0x91', '0x25', '0xba', '0xa3', '0xf', '0x90'], 57.3, '2025-07-21 13:28:44.971997']
['UID: ', ['0x4', '0x91', '0x25', '0xba', '0xa3', '0xf', '0x90'], 57.3, '2025-07-21 13:55:38.977011']
['UID: ', ['0x4', '0xfb', '0xed', '0xba', '0xa3', '0xf', '0x90'], 57.3, '2025-07-21 15:44:10.524448']
['UID: ', ['0x4', '0x25', '0xed', '0xba', '0xa3', '0xf', '0x91'], 57.3, '2025-07-21 15:44:24.489478']
['UID: ', ['0x4', '0x82', '0xd8', '0xba', '0xa3', '0xf', '0x90'], 57.3, '2025-07-21 15:44:33.772816']
['UID: ', ['0x4', '0x82', '0xd8', '0xba', '0xa3', '0xf', '0x90'], 57.3, '2025-07-21 15:44:35.821881']
['UID: ', ['0x4', '0xa1', '0xe2', '0xba', '0xa3', '0xf', '0x90'], 57.3, '2025-07-21 15:44:38.070809']
['UID: ', ['0x4', '0xfc', '0xe5', '0xba', '0xa3', '0xf', '0x90'], 57.3, '2025-07-21 15:44:40.415948']
['UID: ', ['0x4', '0x2c', '0xf0', '0xba', '0xa3', '0xf', '0x91'], 57.3, '2025-07-21 15:44:51.871432']
['UID: ', ['0x4', '0x20', '0xa3', '0xba', '0xa3', '0xf', '0x90'], 57.3, '2025-07-21 15:44:59.055484']
['UID: ', ['0x4', '0xd3', '0xad', '0xba', '0xa3', '0xf', '0x90'], 57.3, '2025-07-21 15:45:57.136365']
['UID: ', ['0x4', '0x91', '0x25', '0xba', '0xa3', '0xf', '0x90'], 57.3, '2025-07-21 16:26:49.306264']
['UID: ', ['0x4', '0x91', '0x25', '0xba', '0xa3', '0xf', '0x90'], 55.7, '2025-07-22 09:59:00.687378']
['UID: ', ['0x4', '0x82', '0xd8', '0xba', '0xa3', '0xf', '0x90'], 55.7, '2025-07-22 10:42:57.735694']
['UID: ', ['0x4', '0xa1', '0xe2', '0xba', '0xa3', '0xf', '0x90'], 55.7, '2025-07-22 10:52:47.939871']
['UID: ', ['0x4', '0x25', '0xed', '0xba', '0xa3', '0xf', '0x91'], 56.2, '2025-07-22 10:54:05.984665']
['UID: ', ['0x4', '0xfc', '0xe5', '0xba', '0xa3', '0xf', '0x90'], 56.2, '2025-07-22 10:55:13.855911']
['UID: ', ['0x4', '0x2c', '0xf0', '0xba', '0xa3', '0xf', '0x91'], 55.7, '2025-07-22 10:59:02.711794']
['UID: ', ['0x4', '0x20', '0xa3', '0xba', '0xa3', '0xf', '0x90'], 55.7, '2025-07-22 11:01:09.826062']
['UID: ', ['0x4', '0xfb', '0xed', '0xba', '0xa3', '0xf', '0x90'], 56.2, '2025-07-22 11:02:54.528555']
['UID: ', ['0x4', '0xd3', '0xad', '0xba', '0xa3', '0xf', '0x90'], 56.2, '2025-07-22 12:04:22.333174']
['UID: ', ['0x4', '0xd3', '0xad', '0xba', '0xa3', '0xf', '0x90'], 56.2, '2025-07-22 12:32:03.212452']
['UID: ', ['0x4', '0xfc', '0xe5', '0xba', '0xa3', '0xf', '0x90'], 55.7, '2025-07-22 12:41:18.626646']
['UID: ', ['0x4', '0xfb', '0xed', '0xba', '0xa3', '0xf', '0x90'], 55.7, '2025-07-22 12:41:31.172875']
['UID: ', ['0x4', '0x25', '0xed', '0xba', '0xa3', '0xf', '0x91'], 55.7, '2025-07-22 12:41:38.566050']
['UID: ', ['0x4', '0x82', '0xd8', '0xba', '0xa3', '0xf', '0x90'], 56.2, '2025-07-22 12:42:17.165763']
['UID: ', ['0x4', '0x20', '0xa3', '0xba', '0xa3', '0xf', '0x90'], 56.2, '2025-07-22 12:42:21.096464']
['UID: ', ['0x4', '0xa1', '0xe2', '0xba', '0xa3', '0xf', '0x90'], 56.2, '2025-07-22 12:42:33.234076']
['UID: ', ['0x4', '0x2c', '0xf0', '0xba', '0xa3', '0xf', '0x91'], 55.7, '2025-07-22 12:43:37.751314']
['UID: ', ['0x4', '0x91', '0x25', '0xba', '0xa3', '0xf', '0x90'], 56.2, '2025-07-22 12:56:13.386650']
['UID: ', ['0x4', '0x82', '0xd8', '0xba', '0xa3', '0xf', '0x90'], 56.2, '2025-07-22 13:21:08.862893']
['UID: ', ['0x4', '0xa1', '0xe2', '0xba', '0xa3', '0xf', '0x90'], 56.2, '2025-07-22 13:21:17.564315']
['UID: ', ['0x4', '0x91', '0x25', '0xba', '0xa3', '0xf', '0x90'], 56.2, '2025-07-22 13:28:03.469588']
['UID: ', ['0x4', '0x2c', '0xf0', '0xba', '0xa3', '0xf', '0x91'], 56.2, '2025-07-22 15:39:38.256936']
['UID: ', ['0x4', '0xfb', '0xed', '0xba', '0xa3', '0xf', '0x90'], 56.2, '2025-07-22 15:59:51.382053']
['UID: ', ['0x4', '0x20', '0xa3', '0xba', '0xa3', '0xf', '0x90'], 56.2, '2025-07-22 16:04:18.824418']
['UID: ', ['0x4', '0x91', '0x25', '0xba', '0xa3', '0xf', '0x90'], 56.8, '2025-07-22 16:36:44.164442']
['UID: ', ['0x4', '0x20', '0xa3', '0xba', '0xa3', '0xf', '0x90'], 55.1, '2025-07-22 18:10:19.589282']
['UID: ', ['0x4', '0xfb', '0xed', '0xba', '0xa3', '0xf', '0x90'], 55.1, '2025-07-22 18:10:47.794471']
['UID: ', ['0x4', '0x82', '0xd8', '0xba', '0xa3', '0xf', '0x90'], 55.1, '2025-07-22 18:11:20.981213']
['UID: ', ['0x4', '0xa1', '0xe2', '0xba', '0xa3', '0xf', '0x90'], 55.1, '2025-07-22 18:11:24.108402']
['UID: ', ['0x4', '0x2c', '0xf0', '0xba', '0xa3', '0xf', '0x91'], 55.7, '2025-07-22 18:11:32.744334']
['UID: ', ['0x4', '0xd3', '0xad', '0xba', '0xa3', '0xf', '0x90'], 55.7, '2025-07-23 09:30:28.005539']
['UID: ', ['0x4', '0x91', '0x25', '0xba', '0xa3', '0xf', '0x90'], 55.1, '2025-07-23 09:39:56.782976']
['UID: ', ['0x4', '0xfc', '0xe5', '0xba', '0xa3', '0xf', '0x90'], 55.1, '2025-07-23 09:40:34.982445']
['UID: ', ['0x4', '0x25', '0xed', '0xba', '0xa3', '0xf', '0x91'], 55.1, '2025-07-23 09:51:46.079825']
['UID: ', ['0x4', '0x82', '0xd8', '0xba', '0xa3', '0xf', '0x90'], 55.1, '2025-07-23 09:54:16.716349']
['UID: ', ['0x4', '0xa1', '0xe2', '0xba', '0xa3', '0xf', '0x90'], 55.1, '2025-07-23 09:59:07.099543']
['UID: ', ['0x4', '0x20', '0xa3', '0xba', '0xa3', '0xf', '0x90'], 55.1, '2025-07-23 10:02:00.763336']
['UID: ', ['0x4', '0x2c', '0xf0', '0xba', '0xa3', '0xf', '0x91'], 56.2, '2025-07-23 10:04:04.812280']
['UID: ', ['0x4', '0xfb', '0xed', '0xba', '0xa3', '0xf', '0x90'], 55.7, '2025-07-23 10:04:40.113261']
['UID: ', ['0x4', '0xd3', '0xad', '0xba', '0xa3', '0xf', '0x90'], 56.2, '2025-07-23 11:59:47.629306']
['UID: ', ['0x4', '0xd3', '0xad', '0xba', '0xa3', '0xf', '0x90'], 55.1, '2025-07-23 12:20:48.676811']
['UID: ', ['0x4', '0x25', '0xed', '0xba', '0xa3', '0xf', '0x91'], 55.7, '2025-07-23 13:31:48.990084']
['UID: ', ['0x4', '0x2c', '0xf0', '0xba', '0xa3', '0xf', '0x91'], 55.7, '2025-07-23 13:32:02.047838']
['UID: ', ['0x4', '0x20', '0xa3', '0xba', '0xa3', '0xf', '0x90'], 56.2, '2025-07-23 13:32:30.780853']
['UID: ', ['0x4', '0x91', '0x25', '0xba', '0xa3', '0xf', '0x90'], 55.7, '2025-07-23 13:32:58.594564']
['UID: ', ['0x4', '0x82', '0xd8', '0xba', '0xa3', '0xf', '0x90'], 55.1, '2025-07-23 13:33:21.953305']
['UID: ', ['0x4', '0xa1', '0xe2', '0xba', '0xa3', '0xf', '0x90'], 56.2, '2025-07-23 13:33:24.302847']
['UID: ', ['0x4', '0xfc', '0xe5', '0xba', '0xa3', '0xf', '0x90'], 55.1, '2025-07-23 13:33:26.554717']
['UID: ', ['0x4', '0xfb', '0xed', '0xba', '0xa3', '0xf', '0x90'], 55.7, '2025-07-23 13:36:29.585445']
['UID: ', ['0x4', '0x25', '0xed', '0xba', '0xa3', '0xf', '0x91'], 55.7, '2025-07-23 13:51:09.417112']
['UID: ', ['0x4', '0x20', '0xa3', '0xba', '0xa3', '0xf', '0x90'], 55.7, '2025-07-23 13:54:42.504969']
['UID: ', ['0x4', '0xfc', '0xe5', '0xba', '0xa3', '0xf', '0x90'], 55.7, '2025-07-23 13:55:39.714442']
['UID: ', ['0x4', '0x91', '0x25', '0xba', '0xa3', '0xf', '0x90'], 55.1, '2025-07-23 13:55:51.796991']
['UID: ', ['0x4', '0x82', '0xd8', '0xba', '0xa3', '0xf', '0x90'], 55.7, '2025-07-23 13:56:44.284446']
['UID: ', ['0x4', '0xa1', '0xe2', '0xba', '0xa3', '0xf', '0x90'], 55.1, '2025-07-23 13:56:46.508561']
['UID: ', ['0x4', '0x2c', '0xf0', '0xba', '0xa3', '0xf', '0x91'], 55.7, '2025-07-23 13:56:52.616345']
['UID: ', ['0x4', '0xfb', '0xed', '0xba', '0xa3', '0xf', '0x90'], 55.7, '2025-07-23 14:46:32.742048']
['UID: ', ['0x4', '0x82', '0xd8', '0xba', '0xa3', '0xf', '0x90'], 55.7, '2025-07-23 14:46:47.404977']
['UID: ', ['0x4', '0xa1', '0xe2', '0xba', '0xa3', '0xf', '0x90'], 55.7, '2025-07-23 14:46:50.453428']
['UID: ', ['0x4', '0xfc', '0xe5', '0xba', '0xa3', '0xf', '0x90'], 55.1, '2025-07-23 14:46:52.865658']
['UID: ', ['0x4', '0x20', '0xa3', '0xba', '0xa3', '0xf', '0x90'], 55.7, '2025-07-23 14:47:01.996442']
['UID: ', ['0x4', '0x25', '0xed', '0xba', '0xa3', '0xf', '0x91'], 56.2, '2025-07-23 14:47:39.765351']
['UID: ', ['0x4', '0x2c', '0xf0', '0xba', '0xa3', '0xf', '0x91'], 55.7, '2025-07-23 14:50:34.945082']
['UID: ', ['0x4', '0xd3', '0xad', '0xba', '0xa3', '0xf', '0x90'], 55.7, '2025-07-23 14:50:39.315499']
['UID: ', ['0x4', '0x91', '0x25', '0xba', '0xa3', '0xf', '0x90'], 55.7, '2025-07-23 14:59:55.393290']
['UID: ', ['0x4', '0x91', '0x25', '0xba', '0xa3', '0xf', '0x90'], 55.1, '2025-07-24 07:34:06.903815']
['UID: ', ['0x4', '0xd3', '0xad', '0xba', '0xa3', '0xf', '0x90'], 54.6, '2025-07-24 09:32:04.042959']
['UID: ', ['0x4', '0xfc', '0xe5', '0xba', '0xa3', '0xf', '0x90'], 54.6, '2025-07-24 09:48:40.166799']
['UID: ', ['0x4', '0x82', '0xd8', '0xba', '0xa3', '0xf', '0x90'], 55.1, '2025-07-24 09:48:45.580292']
['UID: ', ['0x4', '0x25', '0xed', '0xba', '0xa3', '0xf', '0x91'], 54.6, '2025-07-24 09:51:06.781738']
['UID: ', ['0x4', '0xa1', '0xe2', '0xba', '0xa3', '0xf', '0x90'], 55.1, '2025-07-24 09:54:57.280256']
['UID: ', ['0x4', '0x20', '0xa3', '0xba', '0xa3', '0xf', '0x90'], 55.1, '2025-07-24 10:03:31.244619']
['UID: ', ['0x4', '0xfb', '0xed', '0xba', '0xa3', '0xf', '0x90'], 55.1, '2025-07-24 10:04:37.364974']
['UID: ', ['0x4', '0x2c', '0xf0', '0xba', '0xa3', '0xf', '0x91'], 55.1, '2025-07-24 10:09:12.798124']
['UID: ', ['0x4', '0xd3', '0xad', '0xba', '0xa3', '0xf', '0x90'], 55.1, '2025-07-24 11:57:40.696465']
['UID: ', ['0x4', '0x91', '0x25', '0xba', '0xa3', '0xf', '0x90'], 55.1, '2025-07-24 12:36:12.944318']
['UID: ', ['0x4', '0x91', '0x25', '0xba', '0xa3', '0xf', '0x90'], 55.1, '2025-07-24 12:55:45.205417']
['UID: ', ['0x4', '0xfb', '0xed', '0xba', '0xa3', '0xf', '0x90'], 54.6, '2025-07-24 13:19:47.413045']
['UID: ', ['0x4', '0xfc', '0xe5', '0xba', '0xa3', '0xf', '0x90'], 55.1, '2025-07-24 13:19:59.495788']
['UID: ', ['0x4', '0x82', '0xd8', '0xba', '0xa3', '0xf', '0x90'], 55.1, '2025-07-24 13:20:02.017901']
['UID: ', ['0x4', '0xa1', '0xe2', '0xba', '0xa3', '0xf', '0x90'], 54.6, '2025-07-24 13:20:04.490958']
['UID: ', ['0x4', '0x2c', '0xf0', '0xba', '0xa3', '0xf', '0x91'], 55.1, '2025-07-24 13:20:18.302085']
['UID: ', ['0x4', '0x20', '0xa3', '0xba', '0xa3', '0xf', '0x90'], 55.1, '2025-07-24 13:20:27.582542']
['UID: ', ['0x4', '0x25', '0xed', '0xba', '0xa3', '0xf', '0x91'], 54.6, '2025-07-24 13:20:46.129055']
['UID: ', ['0x4', '0x25', '0xed', '0xba', '0xa3', '0xf', '0x91'], 54.1, '2025-07-24 13:40:14.072796']
['UID: ', ['0x4', '0xfb', '0xed', '0xba', '0xa3', '0xf', '0x90'], 54.6, '2025-07-24 13:41:28.403183']
['UID: ', ['0x4', '0x20', '0xa3', '0xba', '0xa3', '0xf', '0x90'], 55.1, '2025-07-24 13:43:27.385145']
['UID: ', ['0x4', '0x2c', '0xf0', '0xba', '0xa3', '0xf', '0x91'], 55.1, '2025-07-24 13:44:00.927152']
['UID: ', ['0x4', '0xfc', '0xe5', '0xba', '0xa3', '0xf', '0x90'], 55.1, '2025-07-24 13:44:58.586750']
['UID: ', ['0x4', '0x82', '0xd8', '0xba', '0xa3', '0xf', '0x90'], 54.6, '2025-07-24 13:45:03.507656']
['UID: ', ['0x4', '0xa1', '0xe2', '0xba', '0xa3', '0xf', '0x90'], 55.1, '2025-07-24 13:45:05.879008']
['UID: ', ['0x4', '0x91', '0x25', '0xba', '0xa3', '0xf', '0x90'], 54.1, '2025-07-24 14:31:20.488243']
['UID: ', ['0x4', '0x20', '0xa3', '0xba', '0xa3', '0xf', '0x90'], 55.1, '2025-07-24 16:11:28.440642']
['UID: ', ['0x4', '0xfc', '0xe5', '0xba', '0xa3', '0xf', '0x90'], 55.1, '2025-07-24 16:12:32.084650']
['UID: ', ['0x4', '0x82', '0xd8', '0xba', '0xa3', '0xf', '0x90'], 55.1, '2025-07-24 16:12:40.035963']
['UID: ', ['0x4', '0x2c', '0xf0', '0xba', '0xa3', '0xf', '0x91'], 55.1, '2025-07-24 16:12:54.117510']
['UID: ', ['0x4', '0x25', '0xed', '0xba', '0xa3', '0xf', '0x91'], 55.1, '2025-07-24 16:12:58.915258']
['UID: ', ['0x4', '0xd3', '0xad', '0xba', '0xa3', '0xf', '0x90'], 54.1, '2025-07-24 16:13:05.344636']
['UID: ', ['0x4', '0xa1', '0xe2', '0xba', '0xa3', '0xf', '0x90'], 55.1, '2025-07-24 16:13:10.315436']
['UID: ', ['0x4', '0xfb', '0xed', '0xba', '0xa3', '0xf', '0x90'], 54.6, '2025-07-24 16:13:22.590608']
['UID: ', ['0x4', '0xd3', '0xad', '0xba', '0xa3', '0xf', '0x90'], 55.1, '2025-07-25 10:06:15.040422']
['UID: ', ['0x4', '0x82', '0xd8', '0xba', '0xa3', '0xf', '0x90'], 54.6, '2025-07-25 10:10:51.142527']
['UID: ', ['0x4', '0xfc', '0xe5', '0xba', '0xa3', '0xf', '0x90'], 55.1, '2025-07-25 10:11:01.813979']
['UID: ', ['0x4', '0xa1', '0xe2', '0xba', '0xa3', '0xf', '0x90'], 55.1, '2025-07-25 10:27:34.552642']
['UID: ', ['0x4', '0x25', '0xed', '0xba', '0xa3', '0xf', '0x91'], 55.7, '2025-07-25 10:52:18.073408']
['UID: ', ['0x4', '0xfb', '0xed', '0xba', '0xa3', '0xf', '0x90'], 55.7, '2025-07-25 11:09:31.056032']
['UID: ', ['0x4', '0xd3', '0xad', '0xba', '0xa3', '0xf', '0x90'], 56.2, '2025-07-25 12:36:57.299028']
['UID: ', ['0x4', '0xfb', '0xed', '0xba', '0xa3', '0xf', '0x90'], 56.2, '2025-07-25 12:50:39.425036']
['UID: ', ['0x4', '0x25', '0xed', '0xba', '0xa3', '0xf', '0x91'], 56.2, '2025-07-25 12:50:46.130773']
['UID: ', ['0x4', '0xfc', '0xe5', '0xba', '0xa3', '0xf', '0x90'], 56.2, '2025-07-25 12:52:42.130743']
['UID: ', ['0x4', '0x82', '0xd8', '0xba', '0xa3', '0xf', '0x90'], 56.2, '2025-07-25 12:52:44.953373']
['UID: ', ['0x4', '0xa1', '0xe2', '0xba', '0xa3', '0xf', '0x90'], 56.2, '2025-07-25 12:52:47.427880']
['UID: ', ['0x4', '0xd3', '0xad', '0xba', '0xa3', '0xf', '0x90'], 56.2, '2025-07-25 12:57:50.424106']
['UID: ', ['0x4', '0xfc', '0xe5', '0xba', '0xa3', '0xf', '0x90'], 55.1, '2025-07-25 13:43:39.413071']
['UID: ', ['0x4', '0xa1', '0xe2', '0xba', '0xa3', '0xf', '0x90'], 56.2, '2025-07-25 13:46:40.293472']
['UID: ', ['0x4', '0xfb', '0xed', '0xba', '0xa3', '0xf', '0x90'], 56.2, '2025-07-25 14:31:37.001152']
['UID: ', ['0x4', '0xd3', '0xad', '0xba', '0xa3', '0xf', '0x90'], 57.3, '2025-07-25 18:03:18.277621']
['UID: ', ['0x4', '0xfb', '0xed', '0xba', '0xa3', '0xf', '0x90'], 57.3, '2025-07-25 18:04:16.141310']
['UID: ', ['0x4', '0xfc', '0xe5', '0xba', '0xa3', '0xf', '0x90'], 57.3, '2025-07-25 18:04:37.383006']
['UID: ', ['0x4', '0x82', '0xd8', '0xba', '0xa3', '0xf', '0x90'], 57.3, '2025-07-25 18:04:42.900779']
['UID: ', ['0x4', '0xa1', '0xe2', '0xba', '0xa3', '0xf', '0x90'], 57.3, '2025-07-25 18:04:48.255305']
['UID: ', ['0x4', '0xd3', '0xad', '0xba', '0xa3', '0xf', '0x90'], 54.1, '2025-07-28 10:31:31.685842']
['UID: ', ['0x4', '0x82', '0xd8', '0xba', '0xa3', '0xf', '0x90'], 54.6, '2025-07-28 10:48:00.677328']
['UID: ', ['0x4', '0xfc', '0xe5', '0xba', '0xa3', '0xf', '0x90'], 54.1, '2025-07-28 10:49:41.494854']
['UID: ', ['0x4', '0xb6', '0xf6', '0xba', '0xa3', '0xf', '0x90'], 55.1, '2025-07-28 10:52:16.335729']
['UID: ', ['0x4', '0xa1', '0xe2', '0xba', '0xa3', '0xf', '0x90'], 54.1, '2025-07-28 10:52:32.419372']
['UID: ', ['0x4', '0x74', '0xfc', '0xba', '0xa3', '0xf', '0x90'], 54.1, '2025-07-28 10:53:04.711741']
['UID: ', ['0x4', '0xfb', '0xed', '0xba', '0xa3', '0xf', '0x90'], 54.6, '2025-07-28 10:57:06.857073']
['UID: ', ['0x4', '0x25', '0xed', '0xba', '0xa3', '0xf', '0x91'], 53.5, '2025-07-28 10:57:40.614480']
['UID: ', ['0x4', '0x20', '0xa3', '0xba', '0xa3', '0xf', '0x90'], 54.1, '2025-07-28 11:01:21.149423']
['UID: ', ['0x4', '0xd3', '0xad', '0xba', '0xa3', '0xf', '0x90'], 55.1, '2025-07-28 11:59:32.375847']
['UID: ', ['0x4', '0xd3', '0xad', '0xba', '0xa3', '0xf', '0x90'], 55.1, '2025-07-28 12:21:26.526136']
['UID: ', ['0x4', '0x25', '0xed', '0xba', '0xa3', '0xf', '0x91'], 56.2, '2025-07-28 13:31:02.948973']
['UID: ', ['0x4', '0x20', '0xa3', '0xba', '0xa3', '0xf', '0x90'], 55.7, '2025-07-28 13:31:46.986190']
['UID: ', ['0x4', '0xa1', '0xe2', '0xba', '0xa3', '0xf', '0x90'], 56.2, '2025-07-28 13:32:24.799118']
['UID: ', ['0x4', '0x82', '0xd8', '0xba', '0xa3', '0xf', '0x90'], 55.7, '2025-07-28 13:32:27.863348']
['UID: ', ['0x4', '0xfc', '0xe5', '0xba', '0xa3', '0xf', '0x90'], 55.7, '2025-07-28 13:32:30.539856']
['UID: ', ['0x4', '0x74', '0xfc', '0xba', '0xa3', '0xf', '0x90'], 55.7, '2025-07-28 13:32:37.952212']
['UID: ', ['0x4', '0xfb', '0xed', '0xba', '0xa3', '0xf', '0x90'], 55.7, '2025-07-28 13:35:27.056615']
['UID: ', ['0x4', '0x25', '0xed', '0xba', '0xa3', '0xf', '0x91'], 55.1, '2025-07-28 13:48:59.714904']
['UID: ', ['0x4', '0xfc', '0xe5', '0xba', '0xa3', '0xf', '0x90'], 55.1, '2025-07-28 13:57:18.550240']
['UID: ', ['0x4', '0x82', '0xd8', '0xba', '0xa3', '0xf', '0x90'], 55.7, '2025-07-28 13:57:23.891647']
['UID: ', ['0x4', '0x20', '0xa3', '0xba', '0xa3', '0xf', '0x90'], 55.7, '2025-07-28 13:57:38.185625']
['UID: ', ['0x4', '0xa1', '0xe2', '0xba', '0xa3', '0xf', '0x90'], 55.1, '2025-07-28 13:57:41.704215']
['UID: ', ['0x4', '0x74', '0xfc', '0xba', '0xa3', '0xf', '0x90'], 55.7, '2025-07-28 13:57:46.601984']
['UID: ', ['0x4', '0xfb', '0xed', '0xba', '0xa3', '0xf', '0x90'], 55.7, '2025-07-28 13:58:37.957209']
['UID: ', ['0x4', '0x74', '0xfc', '0xba', '0xa3', '0xf', '0x90'], 56.2, '2025-07-28 15:57:15.205552']
['UID: ', ['0x4', '0x25', '0xed', '0xba', '0xa3', '0xf', '0x91'], 56.2, '2025-07-28 15:57:29.440423']
['UID: ', ['0x4', '0xfb', '0xed', '0xba', '0xa3', '0xf', '0x90'], 56.2, '2025-07-28 15:57:39.865664']
['UID: ', ['0x4', '0x20', '0xa3', '0xba', '0xa3', '0xf', '0x90'], 55.7, '2025-07-28 15:57:46.507338']
['UID: ', ['0x4', '0xd3', '0xad', '0xba', '0xa3', '0xf', '0x90'], 56.8, '2025-07-28 15:57:53.143313']
['UID: ', ['0x4', '0x82', '0xd8', '0xba', '0xa3', '0xf', '0x90'], 56.2, '2025-07-28 16:01:58.035232']
['UID: ', ['0x4', '0xfc', '0xe5', '0xba', '0xa3', '0xf', '0x90'], 56.2, '2025-07-28 16:02:00.527698']
['UID: ', ['0x4', '0xa1', '0xe2', '0xba', '0xa3', '0xf', '0x90'], 56.8, '2025-07-28 16:02:03.205576']
['UID: ', ['0x4', '0xa1', '0xe2', '0xba', '0xa3', '0xf', '0x90'], 56.2, '2025-07-28 16:02:05.254922']
['UID: ', ['0x4', '0xa1', '0xe2', '0xba', '0xa3', '0xf', '0x90'], 56.2, '2025-07-28 16:02:07.300439']
['UID: ', ['0x4', '0x91', '0x25', '0xba', '0xa3', '0xf', '0x90'], 55.1, '2025-07-29 07:35:59.638632']
['UID: ', ['0x4', '0xd3', '0xad', '0xba', '0xa3', '0xf', '0x90'], 54.1, '2025-07-29 10:32:59.286927']
['UID: ', ['0x4', '0x82', '0xd8', '0xba', '0xa3', '0xf', '0x90'], 54.1, '2025-07-29 10:45:49.675917']
['UID: ', ['0x4', '0xfc', '0xe5', '0xba', '0xa3', '0xf', '0x90'], 54.1, '2025-07-29 10:48:53.556546']
['UID: ', ['0x4', '0x25', '0xed', '0xba', '0xa3', '0xf', '0x91'], 55.1, '2025-07-29 10:51:15.376164']
['UID: ', ['0x4', '0x74', '0xfc', '0xba', '0xa3', '0xf', '0x90'], 54.6, '2025-07-29 10:54:14.712246']
['UID: ', ['0x4', '0xa1', '0xe2', '0xba', '0xa3', '0xf', '0x90'], 54.6, '2025-07-29 10:55:11.498545']
['UID: ', ['0x4', '0x20', '0xa3', '0xba', '0xa3', '0xf', '0x90'], 54.1, '2025-07-29 11:03:49.885157']
['UID: ', ['0x4', '0xfb', '0xed', '0xba', '0xa3', '0xf', '0x90'], 54.6, '2025-07-29 11:04:30.803827']
['UID: ', ['0x4', '0x2c', '0xf0', '0xba', '0xa3', '0xf', '0x91'], 54.6, '2025-07-29 11:08:25.011727']
['UID: ', ['0x4', '0x74', '0xfc', '0xba', '0xa3', '0xf', '0x90'], 54.1, '2025-07-29 11:58:15.659383']
['UID: ', ['0x4', '0xfb', '0xed', '0xba', '0xa3', '0xf', '0x90'], 55.1, '2025-07-29 12:00:15.762556']
['UID: ', ['0x4', '0x25', '0xed', '0xba', '0xa3', '0xf', '0x91'], 55.1, '2025-07-29 12:00:28.309237']
['UID: ', ['0x4', '0xd3', '0xad', '0xba', '0xa3', '0xf', '0x90'], 55.1, '2025-07-29 12:00:57.503267']
['UID: ', ['0x4', '0x2c', '0xf0', '0xba', '0xa3', '0xf', '0x91'], 55.1, '2025-07-29 12:02:35.718091']
['UID: ', ['0x4', '0xa1', '0xe2', '0xba', '0xa3', '0xf', '0x90'], 55.1, '2025-07-29 12:20:29.022505']
['UID: ', ['0x4', '0xd3', '0xad', '0xba', '0xa3', '0xf', '0x90'], 54.1, '2025-07-29 12:22:13.572592']
['UID: ', ['0x4', '0x91', '0x25', '0xba', '0xa3', '0xf', '0x90'], 55.1, '2025-07-29 12:27:12.955977']
['UID: ', ['0x4', '0xfc', '0xe5', '0xba', '0xa3', '0xf', '0x90'], 55.1, '2025-07-29 12:28:28.987990']
['UID: ', ['0x4', '0x82', '0xd8', '0xba', '0xa3', '0xf', '0x90'], 54.1, '2025-07-29 12:31:50.798912']
['UID: ', ['0x4', '0x20', '0xa3', '0xba', '0xa3', '0xf', '0x90'], 55.1, '2025-07-29 12:31:54.224915']
['UID: ', ['0x4', '0xd3', '0xad', '0xba', '0xa3', '0xf', '0x90'], 55.1, '2025-07-29 12:36:15.070772']
['UID: ', ['0x4', '0x91', '0x25', '0xba', '0xa3', '0xf', '0x90'], 54.6, '2025-07-29 13:00:18.441229']
['UID: ', ['0x4', '0xfb', '0xed', '0xba', '0xa3', '0xf', '0x90'], 54.6, '2025-07-29 13:50:07.422297']
['UID: ', ['0x4', '0xa1', '0xe2', '0xba', '0xa3', '0xf', '0x90'], 55.1, '2025-07-29 13:57:42.990781']
['UID: ', ['0x4', '0x82', '0xd8', '0xba', '0xa3', '0xf', '0x90'], 55.1, '2025-07-29 13:57:45.313205']
['UID: ', ['0x4', '0x2c', '0xf0', '0xba', '0xa3', '0xf', '0x91'], 55.1, '2025-07-29 13:57:52.482905']
['UID: ', ['0x4', '0x20', '0xa3', '0xba', '0xa3', '0xf', '0x90'], 55.1, '2025-07-29 15:29:46.014739']
['UID: ', ['0x4', '0x91', '0x25', '0xba', '0xa3', '0xf', '0x90'], 55.7, '2025-07-29 16:32:00.804307']
['UID: ', ['0x4', '0xfb', '0xed', '0xba', '0xa3', '0xf', '0x90'], 55.1, '2025-07-29 18:10:41.946245']
['UID: ', ['0x4', '0x20', '0xa3', '0xba', '0xa3', '0xf', '0x90'], 55.7, '2025-07-29 18:10:50.122283']
['UID: ', ['0x4', '0x2c', '0xf0', '0xba', '0xa3', '0xf', '0x91'], 55.7, '2025-07-29 18:11:16.628562']
['UID: ', ['0x4', '0x82', '0xd8', '0xba', '0xa3', '0xf', '0x90'], 55.1, '2025-07-29 18:11:27.525551']
['UID: ', ['0x4', '0xa1', '0xe2', '0xba', '0xa3', '0xf', '0x90'], 55.1, '2025-07-29 18:11:32.173859']
['UID: ', ['0x4', '0x91', '0x25', '0xba', '0xa3', '0xf', '0x90'], 55.7, '2025-07-30 07:24:20.595236']
['UID: ', ['0x4', '0x82', '0xd8', '0xba', '0xa3', '0xf', '0x90'], 55.7, '2025-07-30 10:50:21.194169']
['UID: ', ['0x4', '0xa1', '0xe2', '0xba', '0xa3', '0xf', '0x90'], 55.1, '2025-07-30 10:55:03.280656']
['UID: ', ['0x4', '0x20', '0xa3', '0xba', '0xa3', '0xf', '0x90'], 55.7, '2025-07-30 11:03:01.815596']
['UID: ', ['0x4', '0xfb', '0xed', '0xba', '0xa3', '0xf', '0x90'], 55.1, '2025-07-30 11:04:30.620478']
['UID: ', ['0x4', '0x2c', '0xf0', '0xba', '0xa3', '0xf', '0x91'], 55.7, '2025-07-30 11:08:59.716671']
['UID: ', ['0x4', '0xfc', '0xe5', '0xba', '0xa3', '0xf', '0x90'], 55.1, '2025-07-30 11:11:55.544044']
['UID: ', ['0x4', '0x74', '0xfc', '0xba', '0xa3', '0xf', '0x90'], 55.1, '2025-07-30 11:21:45.635354']
['UID: ', ['0x4', '0x25', '0xed', '0xba', '0xa3', '0xf', '0x91'], 54.6, '2025-07-30 11:25:00.770269']
['UID: ', ['0x4', '0x91', '0x25', '0xba', '0xa3', '0xf', '0x90'], 55.1, '2025-07-30 12:27:50.894139']
['UID: ', ['0x4', '0x91', '0x25', '0xba', '0xa3', '0xf', '0x90'], 55.7, '2025-07-30 13:01:33.804512']
['UID: ', ['0x4', '0x25', '0xed', '0xba', '0xa3', '0xf', '0x91'], 56.2, '2025-07-30 13:31:11.529938']
['UID: ', ['0x4', '0x74', '0xfc', '0xba', '0xa3', '0xf', '0x90'], 55.7, '2025-07-30 13:35:07.615591']
['UID: ', ['0x4', '0x20', '0xa3', '0xba', '0xa3', '0xf', '0x90'], 56.2, '2025-07-30 13:35:13.692656']
['UID: ', ['0x4', '0xfc', '0xe5', '0xba', '0xa3', '0xf', '0x90'], 56.2, '2025-07-30 13:36:55.032958']
['UID: ', ['0x4', '0x82', '0xd8', '0xba', '0xa3', '0xf', '0x90'], 56.2, '2025-07-30 13:36:57.329088']
['UID: ', ['0x4', '0xa1', '0xe2', '0xba', '0xa3', '0xf', '0x90'], 56.2, '2025-07-30 13:36:59.870385']
['UID: ', ['0x4', '0x2c', '0xf0', '0xba', '0xa3', '0xf', '0x91'], 56.2, '2025-07-30 13:37:11.182044']
['UID: ', ['0x4', '0xfb', '0xed', '0xba', '0xa3', '0xf', '0x90'], 56.2, '2025-07-30 13:40:37.407208']
['UID: ', ['0x4', '0x25', '0xed', '0xba', '0xa3', '0xf', '0x91'], 56.2, '2025-07-30 13:48:31.686558']
['UID: ', ['0x4', '0x20', '0xa3', '0xba', '0xa3', '0xf', '0x90'], 56.8, '2025-07-30 13:57:51.924190']
['UID: ', ['0x4', '0x74', '0xfc', '0xba', '0xa3', '0xf', '0x90'], 56.2, '2025-07-30 13:59:12.912844']
['UID: ', ['0x4', '0xfb', '0xed', '0xba', '0xa3', '0xf', '0x90'], 56.2, '2025-07-30 14:01:33.507353']
['UID: ', ['0x4', '0xfc', '0xe5', '0xba', '0xa3', '0xf', '0x90'], 56.2, '2025-07-30 14:01:39.698198']
['UID: ', ['0x4', '0x82', '0xd8', '0xba', '0xa3', '0xf', '0x90'], 56.2, '2025-07-30 14:01:48.828301']
['UID: ', ['0x4', '0xa1', '0xe2', '0xba', '0xa3', '0xf', '0x90'], 56.2, '2025-07-30 14:01:51.500883']
['UID: ', ['0x4', '0x2c', '0xf0', '0xba', '0xa3', '0xf', '0x91'], 55.7, '2025-07-30 14:01:55.426747']
['UID: ', ['0x4', '0x91', '0x25', '0xba', '0xa3', '0xf', '0x90'], 56.2, '2025-07-30 16:29:22.907753']
['UID: ', ['0x4', '0x20', '0xa3', '0xba', '0xa3', '0xf', '0x90'], 57.3, '2025-07-30 17:10:36.232684']
['UID: ', ['0x4', '0x74', '0xfc', '0xba', '0xa3', '0xf', '0x90'], 56.8, '2025-07-30 17:10:57.091938']
['UID: ', ['0x4', '0xfb', '0xed', '0xba', '0xa3', '0xf', '0x90'], 56.8, '2025-07-30 17:11:38.045303']
['UID: ', ['0x4', '0x82', '0xd8', '0xba', '0xa3', '0xf', '0x90'], 56.2, '2025-07-30 17:11:49.495926']
['UID: ', ['0x4', '0xa1', '0xe2', '0xba', '0xa3', '0xf', '0x90'], 56.8, '2025-07-30 17:11:52.305874']
['UID: ', ['0x4', '0xfc', '0xe5', '0xba', '0xa3', '0xf', '0x90'], 56.8, '2025-07-30 17:11:57.023052']
['UID: ', ['0x4', '0x2c', '0xf0', '0xba', '0xa3', '0xf', '0x91'], 56.2, '2025-07-30 17:12:16.925149']
['UID: ', ['0x4', '0x25', '0xed', '0xba', '0xa3', '0xf', '0x91'], 56.8, '2025-07-30 17:12:22.729783']
['UID: ', ['0x4', '0x91', '0x25', '0xba', '0xa3', '0xf', '0x90'], 55.1, '2025-07-31 07:26:23.791443']
['UID: ', ['0x4', '0x82', '0xd8', '0xba', '0xa3', '0xf', '0x90'], 55.1, '2025-07-31 10:38:24.079560']
['UID: ', ['0x4', '0xd3', '0xad', '0xba', '0xa3', '0xf', '0x90'], 55.1, '2025-07-31 11:05:45.702067']
['UID: ', ['0x4', '0x25', '0xed', '0xba', '0xa3', '0xf', '0x91'], 55.1, '2025-07-31 11:05:57.788696']
['UID: ', ['0x4', '0xfc', '0xe5', '0xba', '0xa3', '0xf', '0x90'], 55.1, '2025-07-31 11:16:22.632382']
['UID: ', ['0x4', '0xa1', '0xe2', '0xba', '0xa3', '0xf', '0x90'], 55.1, '2025-07-31 11:18:00.173616']
['UID: ', ['0x4', '0x74', '0xfc', '0xba', '0xa3', '0xf', '0x90'], 55.7, '2025-07-31 11:24:28.047459']
['UID: ', ['0x4', '0x2c', '0xf0', '0xba', '0xa3', '0xf', '0x91'], 56.2, '2025-07-31 11:28:57.485021']
['UID: ', ['0x4', '0x20', '0xa3', '0xba', '0xa3', '0xf', '0x90'], 55.7, '2025-07-31 11:31:50.768154']
['UID: ', ['0x4', '0xfb', '0xed', '0xba', '0xa3', '0xf', '0x90'], 55.1, '2025-07-31 11:34:22.719248']
['UID: ', ['0x4', '0xd3', '0xad', '0xba', '0xa3', '0xf', '0x90'], 55.1, '2025-07-31 12:02:56.130788']
['UID: ', ['0x4', '0xd3', '0xad', '0xba', '0xa3', '0xf', '0x90'], 55.1, '2025-07-31 12:25:42.013058']
['UID: ', ['0x4', '0x91', '0x25', '0xba', '0xa3', '0xf', '0x90'], 55.7, '2025-07-31 12:26:29.837765']
['UID: ', ['0x4', '0x91', '0x25', '0xba', '0xa3', '0xf', '0x90'], 55.1, '2025-07-31 12:59:15.859293']
['UID: ', ['0x4', '0x74', '0xfc', '0xba', '0xa3', '0xf', '0x90'], 56.2, '2025-07-31 13:33:07.789813']
['UID: ', ['0x4', '0x20', '0xa3', '0xba', '0xa3', '0xf', '0x90'], 56.2, '2025-07-31 13:33:13.815101']
['UID: ', ['0x4', '0x82', '0xd8', '0xba', '0xa3', '0xf', '0x90'], 55.1, '2025-07-31 13:33:23.434048']
['UID: ', ['0x4', '0xa1', '0xe2', '0xba', '0xa3', '0xf', '0x90'], 55.7, '2025-07-31 13:33:25.677342']
['UID: ', ['0x4', '0xfc', '0xe5', '0xba', '0xa3', '0xf', '0x90'], 55.1, '2025-07-31 13:33:27.831909']
['UID: ', ['0x4', '0xfb', '0xed', '0xba', '0xa3', '0xf', '0x90'], 56.2, '2025-07-31 13:33:54.955334']
['UID: ', ['0x4', '0x25', '0xed', '0xba', '0xa3', '0xf', '0x91'], 55.7, '2025-07-31 13:34:00.798072']
['UID: ', ['0x4', '0x2c', '0xf0', '0xba', '0xa3', '0xf', '0x91'], 55.7, '2025-07-31 13:34:57.616803']
['UID: ', ['0x4', '0x25', '0xed', '0xba', '0xa3', '0xf', '0x91'], 55.1, '2025-07-31 13:53:49.763730']
['UID: ', ['0x4', '0xfb', '0xed', '0xba', '0xa3', '0xf', '0x90'], 55.1, '2025-07-31 13:55:32.746602']
['UID: ', ['0x4', '0xfc', '0xe5', '0xba', '0xa3', '0xf', '0x90'], 55.7, '2025-07-31 13:56:37.703058']
['UID: ', ['0x4', '0x82', '0xd8', '0xba', '0xa3', '0xf', '0x90'], 55.1, '2025-07-31 13:56:40.102137']
['UID: ', ['0x4', '0xa1', '0xe2', '0xba', '0xa3', '0xf', '0x90'], 55.7, '2025-07-31 13:56:42.425720']
['UID: ', ['0x4', '0x74', '0xfc', '0xba', '0xa3', '0xf', '0x90'], 55.7, '2025-07-31 13:57:35.438702']
['UID: ', ['0x4', '0x20', '0xa3', '0xba', '0xa3', '0xf', '0x90'], 55.7, '2025-07-31 13:58:08.498371']
['UID: ', ['0x4', '0x2c', '0xf0', '0xba', '0xa3', '0xf', '0x91'], 55.1, '2025-07-31 13:58:57.636557']
['UID: ', ['0x4', '0x91', '0x25', '0xba', '0xa3', '0xf', '0x90'], 56.2, '2025-07-31 16:27:57.181205']
['UID: ', ['0x4', '0xfb', '0xed', '0xba', '0xa3', '0xf', '0x90'], 56.2, '2025-07-31 16:50:24.783156']
['UID: ', ['0x4', '0xd3', '0xad', '0xba', '0xa3', '0xf', '0x90'], 56.2, '2025-07-31 16:50:34.795379']
['UID: ', ['0x4', '0x20', '0xa3', '0xba', '0xa3', '0xf', '0x90'], 55.7, '2025-07-31 16:50:39.679582']
['UID: ', ['0x4', '0xfc', '0xe5', '0xba', '0xa3', '0xf', '0x90'], 55.7, '2025-07-31 16:50:43.816154']
['UID: ', ['0x4', '0x82', '0xd8', '0xba', '0xa3', '0xf', '0x90'], 56.2, '2025-07-31 16:50:45.991119']
['UID: ', ['0x4', '0xa1', '0xe2', '0xba', '0xa3', '0xf', '0x90'], 55.1, '2025-07-31 16:50:48.039643']
['UID: ', ['0x4', '0x74', '0xfc', '0xba', '0xa3', '0xf', '0x90'], 56.2, '2025-07-31 16:50:56.066507']
['UID: ', ['0x4', '0x2c', '0xf0', '0xba', '0xa3', '0xf', '0x91'], 56.2, '2025-07-31 16:51:05.638858']
['UID: ', ['0x4', '0x25', '0xed', '0xba', '0xa3', '0xf', '0x91'], 55.7, '2025-07-31 16:51:16.118001']
['UID: ', ['0x4', '0x91', '0x25', '0xba', '0xa3', '0xf', '0x90'], 54.1, '2025-08-01 07:27:47.912616']
['UID: ', ['0x4', '0x82', '0xd8', '0xba', '0xa3', '0xf', '0x90'], 54.1, '2025-08-01 10:38:54.824474']
['UID: ', ['0x4', '0xd3', '0xad', '0xba', '0xa3', '0xf', '0x90'], 53.0, '2025-08-01 11:00:34.822908']
['UID: ', ['0x4', '0xfc', '0xe5', '0xba', '0xa3', '0xf', '0x90'], 53.5, '2025-08-01 11:07:58.460194']
['UID: ', ['0x4', '0x25', '0xed', '0xba', '0xa3', '0xf', '0x91'], 54.1, '2025-08-01 11:10:31.142190']
['UID: ', ['0x4', '0xa1', '0xe2', '0xba', '0xa3', '0xf', '0x90'], 53.5, '2025-08-01 11:14:42.116595']
['UID: ', ['0x4', '0x74', '0xfc', '0xba', '0xa3', '0xf', '0x90'], 53.5, '2025-08-01 11:25:55.699772']
['UID: ', ['0x4', '0x2c', '0xf0', '0xba', '0xa3', '0xf', '0x91'], 53.5, '2025-08-01 11:39:00.718234']
['UID: ', ['0x4', '0xfb', '0xed', '0xba', '0xa3', '0xf', '0x90'], 54.1, '2025-08-01 11:39:24.467337']
['UID: ', ['0x4', '0xd3', '0xad', '0xba', '0xa3', '0xf', '0x90'], 54.1, '2025-08-01 12:00:09.755909']
['UID: ', ['0x4', '0xd3', '0xad', '0xba', '0xa3', '0xf', '0x90'], 54.1, '2025-08-01 12:23:27.925722']
['UID: ', ['0x4', '0x91', '0x25', '0xba', '0xa3', '0xf', '0x90'], 54.1, '2025-08-01 12:30:39.434276']
['UID: ', ['0x4', '0x2c', '0xf0', '0xba', '0xa3', '0xf', '0x91'], 54.1, '2025-08-01 12:57:46.950351']
['UID: ', ['0x4', '0x74', '0xfc', '0xba', '0xa3', '0xf', '0x90'], 54.1, '2025-08-01 12:57:59.040867']
['UID: ', ['0x4', '0x25', '0xed', '0xba', '0xa3', '0xf', '0x91'], 54.1, '2025-08-01 13:00:55.571463']
['UID: ', ['0x4', '0x91', '0x25', '0xba', '0xa3', '0xf', '0x90'], 55.1, '2025-08-01 13:01:39.183627']
['UID: ', ['0x4', '0xa1', '0xe2', '0xba', '0xa3', '0xf', '0x90'], 54.1, '2025-08-01 13:03:15.899746']
['UID: ', ['0x4', '0x82', '0xd8', '0xba', '0xa3', '0xf', '0x90'], 54.6, '2025-08-01 13:03:19.454201']
['UID: ', ['0x4', '0xfc', '0xe5', '0xba', '0xa3', '0xf', '0x90'], 54.1, '2025-08-01 13:03:22.617036']
['UID: ', ['0x4', '0xfb', '0xed', '0xba', '0xa3', '0xf', '0x90'], 54.1, '2025-08-01 13:03:35.941788']
['UID: ', ['0x4', '0x2c', '0xf0', '0xba', '0xa3', '0xf', '0x91'], 54.1, '2025-08-01 13:18:55.827155']
['UID: ', ['0x4', '0x25', '0xed', '0xba', '0xa3', '0xf', '0x91'], 54.1, '2025-08-01 13:19:23.867575']
['UID: ', ['0x4', '0xfb', '0xed', '0xba', '0xa3', '0xf', '0x90'], 54.1, '2025-08-01 13:24:16.419909']
['UID: ', ['0x4', '0x74', '0xfc', '0xba', '0xa3', '0xf', '0x90'], 54.6, '2025-08-01 13:25:56.489777']
['UID: ', ['0x4', '0xa1', '0xe2', '0xba', '0xa3', '0xf', '0x90'], 54.6, '2025-08-01 13:26:37.419511']
['UID: ', ['0x4', '0x82', '0xd8', '0xba', '0xa3', '0xf', '0x90'], 54.1, '2025-08-01 13:26:39.519572']
['UID: ', ['0x4', '0xfc', '0xe5', '0xba', '0xa3', '0xf', '0x90'], 54.1, '2025-08-01 13:26:43.270459']
['UID: ', ['0x4', '0x74', '0xfc', '0xba', '0xa3', '0xf', '0x90'], 55.1, '2025-08-01 15:56:36.770706']
['UID: ', ['0x4', '0x2c', '0xf0', '0xba', '0xa3', '0xf', '0x91'], 55.1, '2025-08-01 15:58:02.847347']
['UID: ', ['0x4', '0x25', '0xed', '0xba', '0xa3', '0xf', '0x91'], 55.1, '2025-08-01 15:58:42.519925']
['UID: ', ['0x4', '0xd3', '0xad', '0xba', '0xa3', '0xf', '0x90'], 54.6, '2025-08-01 15:59:18.773992']
['UID: ', ['0x4', '0xfb', '0xed', '0xba', '0xa3', '0xf', '0x90'], 55.1, '2025-08-01 15:59:25.837311']
['UID: ', ['0x4', '0xa1', '0xe2', '0xba', '0xa3', '0xf', '0x90'], 55.1, '2025-08-01 15:59:46.058898']
['UID: ', ['0x4', '0x82', '0xd8', '0xba', '0xa3', '0xf', '0x90'], 55.1, '2025-08-01 15:59:50.661753']
['UID: ', ['0x4', '0xfc', '0xe5', '0xba', '0xa3', '0xf', '0x90'], 55.1, '2025-08-01 15:59:54.020844']
['UID: ', ['0x4', '0x91', '0x25', '0xba', '0xa3', '0xf', '0x90'], 55.1, '2025-08-01 16:27:04.196070']
['UID: ', ['0x4', '0x91', '0x25', '0xba', '0xa3', '0xf', '0x90'], 54.1, '2025-08-04 07:33:32.449428']
['UID: ', ['0x4', '0x82', '0xd8', '0xba', '0xa3', '0xf', '0x90'], 54.1, '2025-08-04 10:49:55.872461']
['UID: ', ['0x4', '0xd3', '0xad', '0xba', '0xa3', '0xf', '0x90'], 54.6, '2025-08-04 11:01:33.907249']
['UID: ', ['0x4', '0x25', '0xed', '0xba', '0xa3', '0xf', '0x91'], 55.1, '2025-08-04 11:02:03.537999']
['UID: ', ['0x4', '0x20', '0xa3', '0xba', '0xa3', '0xf', '0x90'], 54.6, '2025-08-04 11:08:43.602230']
['UID: ', ['0x4', '0xa1', '0xe2', '0xba', '0xa3', '0xf', '0x90'], 54.6, '2025-08-04 11:18:49.484912']
['UID: ', ['0x4', '0x74', '0xfc', '0xba', '0xa3', '0xf', '0x90'], 54.6, '2025-08-04 11:20:55.086402']
['UID: ', ['0x4', '0xfc', '0xe5', '0xba', '0xa3', '0xf', '0x90'], 54.1, '2025-08-04 11:24:16.340482']
['UID: ', ['0x4', '0x2c', '0xf0', '0xba', '0xa3', '0xf', '0x91'], 54.1, '2025-08-04 11:35:07.036097']
['UID: ', ['0x4', '0xfb', '0xed', '0xba', '0xa3', '0xf', '0x90'], 54.1, '2025-08-04 11:36:42.188603']
['UID: ', ['0x4', '0xd3', '0xad', '0xba', '0xa3', '0xf', '0x90'], 54.1, '2025-08-04 12:01:54.096602']
['UID: ', ['0x4', '0xfc', '0xe5', '0xba', '0xa3', '0xf', '0x90'], 54.1, '2025-08-04 12:05:21.985781']
['UID: ', ['0x4', '0xd3', '0xad', '0xba', '0xa3', '0xf', '0x90'], 55.1, '2025-08-04 12:23:44.209441']
['UID: ', ['0x4', '0x91', '0x25', '0xba', '0xa3', '0xf', '0x90'], 54.1, '2025-08-04 12:30:45.907182']
['UID: ', ['0x4', '0x91', '0x25', '0xba', '0xa3', '0xf', '0x90'], 55.1, '2025-08-04 12:59:40.204847']
['UID: ', ['0x4', '0xfb', '0xed', '0xba', '0xa3', '0xf', '0x90'], 55.1, '2025-08-04 13:16:23.036728']
['UID: ', ['0x4', '0x2c', '0xf0', '0xba', '0xa3', '0xf', '0x91'], 55.1, '2025-08-04 13:17:26.854218']
['UID: ', ['0x4', '0x25', '0xed', '0xba', '0xa3', '0xf', '0x91'], 54.6, '2025-08-04 13:17:38.664711']
['UID: ', ['0x4', '0x20', '0xa3', '0xba', '0xa3', '0xf', '0x90'], 54.6, '2025-08-04 13:17:43.969280']
['UID: ', ['0x4', '0x74', '0xfc', '0xba', '0xa3', '0xf', '0x90'], 55.1, '2025-08-04 13:17:51.090998']
['UID: ', ['0x4', '0xa1', '0xe2', '0xba', '0xa3', '0xf', '0x90'], 55.1, '2025-08-04 13:19:54.933154']
['UID: ', ['0x4', '0x82', '0xd8', '0xba', '0xa3', '0xf', '0x90'], 55.1, '2025-08-04 13:19:58.087665']
['UID: ', ['0x4', '0x25', '0xed', '0xba', '0xa3', '0xf', '0x91'], 54.6, '2025-08-04 13:36:28.640419']
['UID: ', ['0x4', '0xfb', '0xed', '0xba', '0xa3', '0xf', '0x90'], 55.1, '2025-08-04 13:37:54.313732']
['UID: ', ['0x4', '0x20', '0xa3', '0xba', '0xa3', '0xf', '0x90'], 54.6, '2025-08-04 13:38:17.732978']
['UID: ', ['0x4', '0x2c', '0xf0', '0xba', '0xa3', '0xf', '0x91'], 55.1, '2025-08-04 13:39:09.774112']
['UID: ', ['0x4', '0x74', '0xfc', '0xba', '0xa3', '0xf', '0x90'], 55.1, '2025-08-04 13:43:38.305544']
['UID: ', ['0x4', '0xa1', '0xe2', '0xba', '0xa3', '0xf', '0x90'], 54.1, '2025-08-04 13:44:12.362177']
['UID: ', ['0x4', '0x82', '0xd8', '0xba', '0xa3', '0xf', '0x90'], 54.1, '2025-08-04 13:44:15.114671']
['UID: ', ['0x4', '0x25', '0xed', '0xba', '0xa3', '0xf', '0x91'], 55.1, '2025-08-04 14:15:40.322668']
['UID: ', ['0x4', '0xfb', '0xed', '0xba', '0xa3', '0xf', '0x90'], 55.1, '2025-08-04 14:15:54.902239']
['UID: ', ['0x4', '0x74', '0xfc', '0xba', '0xa3', '0xf', '0x90'], 55.1, '2025-08-04 14:16:21.452336']
['UID: ', ['0x4', '0x91', '0x25', '0xba', '0xa3', '0xf', '0x90'], 55.1, '2025-08-04 16:30:24.380879']
['UID: ', ['0x4', '0xd3', '0xad', '0xba', '0xa3', '0xf', '0x90'], 55.1, '2025-08-04 16:44:57.878997']
['UID: ', ['0x4', '0x2c', '0xf0', '0xba', '0xa3', '0xf', '0x91'], 55.1, '2025-08-04 16:45:03.266322']
['UID: ', ['0x4', '0x20', '0xa3', '0xba', '0xa3', '0xf', '0x90'], 55.1, '2025-08-04 16:45:57.441921']
['UID: ', ['0x4', '0x82', '0xd8', '0xba', '0xa3', '0xf', '0x90'], 55.7, '2025-08-04 16:47:34.394072']
['UID: ', ['0x4', '0xa1', '0xe2', '0xba', '0xa3', '0xf', '0x90'], 55.1, '2025-08-04 16:47:36.779441']
['UID: ', ['0x4', '0x91', '0x25', '0xba', '0xa3', '0xf', '0x90'], 53.5, '2025-08-05 07:28:18.451991']
['UID: ', ['0x4', '0x82', '0xd8', '0xba', '0xa3', '0xf', '0x90'], 54.1, '2025-08-05 10:59:10.010403']
['UID: ', ['0x4', '0xfc', '0xe5', '0xba', '0xa3', '0xf', '0x90'], 54.1, '2025-08-05 11:17:45.339337']
['UID: ', ['0x4', '0xa1', '0xe2', '0xba', '0xa3', '0xf', '0x90'], 54.1, '2025-08-05 11:20:15.127010']
['UID: ', ['0x4', '0x25', '0xed', '0xba', '0xa3', '0xf', '0x91'], 54.1, '2025-08-05 11:22:24.790938']
['UID: ', ['0x4', '0x74', '0xfc', '0xba', '0xa3', '0xf', '0x90'], 53.5, '2025-08-05 11:22:36.693582']
['UID: ', ['0x4', '0x2c', '0xf0', '0xba', '0xa3', '0xf', '0x91'], 53.0, '2025-08-05 11:29:29.438676']
['UID: ', ['0x4', '0xd3', '0xad', '0xba', '0xa3', '0xf', '0x90'], 54.1, '2025-08-05 11:30:05.104915']
['UID: ', ['0x4', '0xfb', '0xed', '0xba', '0xa3', '0xf', '0x90'], 54.1, '2025-08-05 11:35:14.945214']
['UID: ', ['0x4', '0x20', '0xa3', '0xba', '0xa3', '0xf', '0x90'], 54.1, '2025-08-05 11:38:19.617042']
['UID: ', ['0x4', '0x91', '0x25', '0xba', '0xa3', '0xf', '0x90'], 54.1, '2025-08-05 12:34:00.672670']
['UID: ', ['0x4', '0xd3', '0xad', '0xba', '0xa3', '0xf', '0x90'], 54.1, '2025-08-05 12:38:57.818441']
['UID: ', ['0x4', '0xd3', '0xad', '0xba', '0xa3', '0xf', '0x90'], 54.6, '2025-08-05 13:01:32.292086']
['UID: ', ['0x4', '0x25', '0xed', '0xba', '0xa3', '0xf', '0x91'], 54.1, '2025-08-05 13:31:40.499596']
['UID: ', ['0x4', '0x2c', '0xf0', '0xba', '0xa3', '0xf', '0x91'], 54.6, '2025-08-05 13:32:34.142939']
['UID: ', ['0x4', '0x74', '0xfc', '0xba', '0xa3', '0xf', '0x90'], 54.1, '2025-08-05 13:33:45.402613']
['UID: ', ['0x4', '0x20', '0xa3', '0xba', '0xa3', '0xf', '0x90'], 54.1, '2025-08-05 13:34:02.087470']
['UID: ', ['0x4', '0xa1', '0xe2', '0xba', '0xa3', '0xf', '0x90'], 54.1, '2025-08-05 13:35:22.051714']
['UID: ', ['0x4', '0x82', '0xd8', '0xba', '0xa3', '0xf', '0x90'], 54.6, '2025-08-05 13:35:24.991687']
['UID: ', ['0x4', '0xfc', '0xe5', '0xba', '0xa3', '0xf', '0x90'], 54.1, '2025-08-05 13:35:28.033970']
['UID: ', ['0x4', '0xfb', '0xed', '0xba', '0xa3', '0xf', '0x90'], 54.1, '2025-08-05 13:35:57.939012']
['UID: ', ['0x4', '0x25', '0xed', '0xba', '0xa3', '0xf', '0x91'], 54.1, '2025-08-05 13:51:12.742909']
['UID: ', ['0x4', '0xfb', '0xed', '0xba', '0xa3', '0xf', '0x90'], 54.1, '2025-08-05 13:54:14.979375']
['UID: ', ['0x4', '0x20', '0xa3', '0xba', '0xa3', '0xf', '0x90'], 54.6, '2025-08-05 13:55:31.661950']
['UID: ', ['0x4', '0x2c', '0xf0', '0xba', '0xa3', '0xf', '0x91'], 54.1, '2025-08-05 13:56:43.825405']
['UID: ', ['0x4', '0xfc', '0xe5', '0xba', '0xa3', '0xf', '0x90'], 54.6, '2025-08-05 13:57:03.411522']
['UID: ', ['0x4', '0xa1', '0xe2', '0xba', '0xa3', '0xf', '0x90'], 54.6, '2025-08-05 13:57:06.360932']
['UID: ', ['0x4', '0x82', '0xd8', '0xba', '0xa3', '0xf', '0x90'], 54.1, '2025-08-05 13:57:09.034925']
['UID: ', ['0x4', '0x74', '0xfc', '0xba', '0xa3', '0xf', '0x90'], 54.1, '2025-08-05 13:57:25.717311']
['UID: ', ['0x4', '0x20', '0xa3', '0xba', '0xa3', '0xf', '0x90'], 55.1, '2025-08-05 15:29:35.599447']
['UID: ', ['0x4', '0x91', '0x25', '0xba', '0xa3', '0xf', '0x90'], 55.1, '2025-08-05 16:24:48.134154']
['UID: ', ['0x4', '0xa1', '0xe2', '0xba', '0xa3', '0xf', '0x90'], 55.1, '2025-08-05 18:03:02.405986']
['UID: ', ['0x4', '0x82', '0xd8', '0xba', '0xa3', '0xf', '0x90'], 55.1, '2025-08-05 18:03:04.588026']
['UID: ', ['0x4', '0xfc', '0xe5', '0xba', '0xa3', '0xf', '0x90'], 55.1, '2025-08-05 18:03:07.575286']
['UID: ', ['0x4', '0x74', '0xfc', '0xba', '0xa3', '0xf', '0x90'], 55.1, '2025-08-05 18:03:14.022514']
['UID: ', ['0x4', '0xd3', '0xad', '0xba', '0xa3', '0xf', '0x90'], 55.1, '2025-08-05 18:03:38.985801']
['UID: ', ['0x4', '0x25', '0xed', '0xba', '0xa3', '0xf', '0x91'], 55.1, '2025-08-05 18:03:44.892882']
['UID: ', ['0x4', '0x2c', '0xf0', '0xba', '0xa3', '0xf', '0x91'], 55.7, '2025-08-05 18:03:52.881241']
['UID: ', ['0x4', '0xfb', '0xed', '0xba', '0xa3', '0xf', '0x90'], 55.1, '2025-08-05 18:04:10.401954']
['UID: ', ['0x4', '0x91', '0x25', '0xba', '0xa3', '0xf', '0x90'], 53.0, '2025-08-06 07:35:20.053744']
['UID: ', ['0x4', '0x82', '0xd8', '0xba', '0xa3', '0xf', '0x90'], 53.5, '2025-08-06 10:37:52.793321']
['UID: ', ['0x4', '0xa1', '0xe2', '0xba', '0xa3', '0xf', '0x90'], 54.1, '2025-08-06 10:51:09.795205']
['UID: ', ['0x4', '0xfc', '0xe5', '0xba', '0xa3', '0xf', '0x90'], 54.1, '2025-08-06 11:16:28.629788']
['UID: ', ['0x4', '0x25', '0xed', '0xba', '0xa3', '0xf', '0x91'], 53.5, '2025-08-06 11:16:49.019693']
['UID: ', ['0x4', '0x74', '0xfc', '0xba', '0xa3', '0xf', '0x90'], 53.5, '2025-08-06 11:18:30.557692']
['UID: ', ['0x4', '0xd3', '0xad', '0xba', '0xa3', '0xf', '0x90'], 54.1, '2025-08-06 11:29:48.645094']
['UID: ', ['0x4', '0xfb', '0xed', '0xba', '0xa3', '0xf', '0x90'], 54.1, '2025-08-06 11:36:20.350616']
['UID: ', ['0x4', '0x2c', '0xf0', '0xba', '0xa3', '0xf', '0x91'], 54.6, '2025-08-06 11:43:01.099870']
['UID: ', ['0x4', '0x91', '0x25', '0xba', '0xa3', '0xf', '0x90'], 55.1, '2025-08-06 12:20:50.477359']
['UID: ', ['0x4', '0xd3', '0xad', '0xba', '0xa3', '0xf', '0x90'], 55.1, '2025-08-06 12:40:04.591328']
['UID: ', ['0x4', '0x91', '0x25', '0xba', '0xa3', '0xf', '0x90'], 55.1, '2025-08-06 13:00:27.165766']
['UID: ', ['0x4', '0xd3', '0xad', '0xba', '0xa3', '0xf', '0x90'], 55.1, '2025-08-06 13:03:37.760589']
['UID: ', ['0x4', '0x2c', '0xf0', '0xba', '0xa3', '0xf', '0x91'], 55.1, '2025-08-06 13:32:55.079063']
['UID: ', ['0x4', '0x74', '0xfc', '0xba', '0xa3', '0xf', '0x90'], 55.1, '2025-08-06 13:33:20.313848']
['UID: ', ['0x4', '0xa1', '0xe2', '0xba', '0xa3', '0xf', '0x90'], 55.1, '2025-08-06 13:34:53.870095']
['UID: ', ['0x4', '0x82', '0xd8', '0xba', '0xa3', '0xf', '0x90'], 55.1, '2025-08-06 13:34:58.436040']
['UID: ', ['0x4', '0xfc', '0xe5', '0xba', '0xa3', '0xf', '0x90'], 55.1, '2025-08-06 13:35:00.637870']
['UID: ', ['0x4', '0xfb', '0xed', '0xba', '0xa3', '0xf', '0x90'], 55.7, '2025-08-06 13:36:17.445383']
['UID: ', ['0x4', '0x25', '0xed', '0xba', '0xa3', '0xf', '0x91'], 55.1, '2025-08-06 13:37:29.941680']
['UID: ', ['0x4', '0xfb', '0xed', '0xba', '0xa3', '0xf', '0x90'], 55.1, '2025-08-06 13:56:54.033937']
['UID: ', ['0x4', '0x25', '0xed', '0xba', '0xa3', '0xf', '0x91'], 55.1, '2025-08-06 13:56:57.964645']
['UID: ', ['0x4', '0x74', '0xfc', '0xba', '0xa3', '0xf', '0x90'], 55.7, '2025-08-06 13:57:04.246818']
['UID: ', ['0x4', '0x2c', '0xf0', '0xba', '0xa3', '0xf', '0x91'], 55.1, '2025-08-06 13:57:47.756233']
['UID: ', ['0x4', '0xfc', '0xe5', '0xba', '0xa3', '0xf', '0x90'], 55.1, '2025-08-06 13:58:09.310311']
['UID: ', ['0x4', '0x82', '0xd8', '0xba', '0xa3', '0xf', '0x90'], 55.1, '2025-08-06 13:58:11.821185']
['UID: ', ['0x4', '0xa1', '0xe2', '0xba', '0xa3', '0xf', '0x90'], 55.1, '2025-08-06 13:58:15.120910']
['UID: ', ['0x4', '0x91', '0x25', '0xba', '0xa3', '0xf', '0x90'], 55.1, '2025-08-06 16:26:02.783990']
['UID: ', ['0x4', '0xa1', '0xe2', '0xba', '0xa3', '0xf', '0x90'], 55.1, '2025-08-06 18:05:52.568690']
['UID: ', ['0x4', '0x82', '0xd8', '0xba', '0xa3', '0xf', '0x90'], 55.1, '2025-08-06 18:05:57.344216']
['UID: ', ['0x4', '0xfc', '0xe5', '0xba', '0xa3', '0xf', '0x90'], 55.7, '2025-08-06 18:06:15.551148']
['UID: ', ['0x4', '0x74', '0xfc', '0xba', '0xa3', '0xf', '0x90'], 55.1, '2025-08-06 18:06:22.712957']
['UID: ', ['0x4', '0xfb', '0xed', '0xba', '0xa3', '0xf', '0x90'], 55.1, '2025-08-06 18:06:34.493581']
['UID: ', ['0x4', '0x25', '0xed', '0xba', '0xa3', '0xf', '0x91'], 55.7, '2025-08-06 18:06:41.168902']
['UID: ', ['0x4', '0xd3', '0xad', '0xba', '0xa3', '0xf', '0x90'], 55.1, '2025-08-06 18:07:22.209102']
['UID: ', ['0x4', '0x2c', '0xf0', '0xba', '0xa3', '0xf', '0x91'], 55.1, '2025-08-06 18:07:38.142269']
['UID: ', ['0x4', '0x91', '0x25', '0xba', '0xa3', '0xf', '0x90'], 54.1, '2025-08-07 07:11:54.586745']
['UID: ', ['0x4', '0xfc', '0xe5', '0xba', '0xa3', '0xf', '0x90'], 55.1, '2025-08-07 11:08:18.439680']
['UID: ', ['0x4', '0x74', '0xfc', '0xba', '0xa3', '0xf', '0x90'], 55.1, '2025-08-07 11:13:10.767258']
['UID: ', ['0x4', '0x25', '0xed', '0xba', '0xa3', '0xf', '0x91'], 54.6, '2025-08-07 11:14:14.306156']
['UID: ', ['0x4', '0xd3', '0xad', '0xba', '0xa3', '0xf', '0x90'], 55.1, '2025-08-07 11:28:45.767521']
['UID: ', ['0x4', '0xfb', '0xed', '0xba', '0xa3', '0xf', '0x90'], 55.1, '2025-08-07 11:35:19.784055']
['UID: ', ['0x4', '0x20', '0xa3', '0xba', '0xa3', '0xf', '0x90'], 54.6, '2025-08-07 11:35:25.072603']
['UID: ', ['0x4', '0x2c', '0xf0', '0xba', '0xa3', '0xf', '0x91'], 55.1, '2025-08-07 11:45:36.510221']
['UID: ', ['0x4', '0x91', '0x25', '0xba', '0xa3', '0xf', '0x90'], 55.1, '2025-08-07 12:27:59.593759']
['UID: ', ['0x4', '0xd3', '0xad', '0xba', '0xa3', '0xf', '0x90'], 56.2, '2025-08-07 12:39:16.811368']
['UID: ', ['0x4', '0x91', '0x25', '0xba', '0xa3', '0xf', '0x90'], 55.1, '2025-08-07 13:01:12.412251']
['UID: ', ['0x4', '0xd3', '0xad', '0xba', '0xa3', '0xf', '0x90'], 55.1, '2025-08-07 13:01:56.010685']
['UID: ', ['0x4', '0x25', '0xed', '0xba', '0xa3', '0xf', '0x91'], 55.1, '2025-08-07 13:32:06.926153']
['UID: ', ['0x4', '0x2c', '0xf0', '0xba', '0xa3', '0xf', '0x91'], 55.1, '2025-08-07 13:34:07.804022']
['UID: ', ['0x4', '0x74', '0xfc', '0xba', '0xa3', '0xf', '0x90'], 55.1, '2025-08-07 13:34:15.268365']
['UID: ', ['0x4', '0x20', '0xa3', '0xba', '0xa3', '0xf', '0x90'], 55.1, '2025-08-07 13:34:28.303957']
['UID: ', ['0x4', '0xfb', '0xed', '0xba', '0xa3', '0xf', '0x90'], 55.1, '2025-08-07 13:34:55.418685']
['UID: ', ['0x4', '0xfc', '0xe5', '0xba', '0xa3', '0xf', '0x90'], 55.1, '2025-08-07 13:36:45.923137']
['UID: ', ['0x4', '0x82', '0xd8', '0xba', '0xa3', '0xf', '0x90'], 55.1, '2025-08-07 13:36:48.606908']
['UID: ', ['0x4', '0x25', '0xed', '0xba', '0xa3', '0xf', '0x91'], 55.1, '2025-08-07 13:52:18.151934']
['UID: ', ['0x4', '0x74', '0xfc', '0xba', '0xa3', '0xf', '0x90'], 54.1, '2025-08-07 13:54:24.627680']
['UID: ', ['0x4', '0xfb', '0xed', '0xba', '0xa3', '0xf', '0x90'], 55.1, '2025-08-07 13:55:37.494801']
['UID: ', ['0x4', '0x2c', '0xf0', '0xba', '0xa3', '0xf', '0x91'], 55.1, '2025-08-07 13:57:15.273895']
['UID: ', ['0x4', '0xfc', '0xe5', '0xba', '0xa3', '0xf', '0x90'], 54.1, '2025-08-07 14:00:51.372034']
['UID: ', ['0x4', '0x82', '0xd8', '0xba', '0xa3', '0xf', '0x90'], 55.1, '2025-08-07 14:00:54.234480']
['UID: ', ['0x4', '0x20', '0xa3', '0xba', '0xa3', '0xf', '0x90'], 55.1, '2025-08-07 14:01:05.465451']
['UID: ', ['0x4', '0x91', '0x25', '0xba', '0xa3', '0xf', '0x90'], 55.1, '2025-08-07 16:30:17.798598']
['UID: ', ['0x4', '0xfb', '0xed', '0xba', '0xa3', '0xf', '0x90'], 55.1, '2025-08-07 16:32:34.166586']
['UID: ', ['0x4', '0x74', '0xfc', '0xba', '0xa3', '0xf', '0x90'], 55.1, '2025-08-07 16:32:44.508656']
['UID: ', ['0x4', '0xfc', '0xe5', '0xba', '0xa3', '0xf', '0x90'], 55.1, '2025-08-07 16:35:12.168748']
['UID: ', ['0x4', '0x82', '0xd8', '0xba', '0xa3', '0xf', '0x90'], 55.1, '2025-08-07 16:35:14.633847']
['UID: ', ['0x4', '0x20', '0xa3', '0xba', '0xa3', '0xf', '0x90'], 55.1, '2025-08-07 16:35:20.726611']
['UID: ', ['0x4', '0x2c', '0xf0', '0xba', '0xa3', '0xf', '0x91'], 54.6, '2025-08-07 16:35:31.710795']
['UID: ', ['0x4', '0x25', '0xed', '0xba', '0xa3', '0xf', '0x91'], 55.1, '2025-08-07 16:35:39.083117']
['UID: ', ['0x4', '0xd3', '0xad', '0xba', '0xa3', '0xf', '0x90'], 55.1, '2025-08-07 16:35:55.764182']
['UID: ', ['0x4', '0x91', '0x25', '0xba', '0xa3', '0xf', '0x90'], 54.1, '2025-08-08 07:30:54.430671']
['UID: ', ['0x4', '0x82', '0xd8', '0xba', '0xa3', '0xf', '0x90'], 54.1, '2025-08-08 10:51:50.274937']
['UID: ', ['0x4', '0xfc', '0xe5', '0xba', '0xa3', '0xf', '0x90'], 55.1, '2025-08-08 11:15:19.796844']
['UID: ', ['0x4', '0x74', '0xfc', '0xba', '0xa3', '0xf', '0x90'], 54.6, '2025-08-08 11:23:56.263694']
['UID: ', ['0x4', '0x2c', '0xf0', '0xba', '0xa3', '0xf', '0x91'], 54.6, '2025-08-08 11:28:52.923973']
['UID: ', ['0x4', '0xd3', '0xad', '0xba', '0xa3', '0xf', '0x90'], 54.6, '2025-08-08 11:30:27.489915']
['UID: ', ['0x4', '0x20', '0xa3', '0xba', '0xa3', '0xf', '0x90'], 54.1, '2025-08-08 11:33:18.393063']
['UID: ', ['0x4', '0xfb', '0xed', '0xba', '0xa3', '0xf', '0x90'], 54.6, '2025-08-08 11:34:24.992577']
['UID: ', ['0x4', '0x91', '0x25', '0xba', '0xa3', '0xf', '0x90'], 55.1, '2025-08-08 12:27:21.087613']
['UID: ', ['0x4', '0xd3', '0xad', '0xba', '0xa3', '0xf', '0x90'], 55.1, '2025-08-08 12:39:41.872060']
['UID: ', ['0x4', '0xd3', '0xad', '0xba', '0xa3', '0xf', '0x90'], 55.1, '2025-08-08 13:01:58.180662']
['UID: ', ['0x4', '0x91', '0x25', '0xba', '0xa3', '0xf', '0x90'], 55.1, '2025-08-08 13:02:59.618773']
['UID: ', ['0x4', '0x74', '0xfc', '0xba', '0xa3', '0xf', '0x90'], 56.2, '2025-08-08 13:31:49.705099']
['UID: ', ['0x4', '0x20', '0xa3', '0xba', '0xa3', '0xf', '0x90'], 55.7, '2025-08-08 13:34:08.102592']
['UID: ', ['0x4', '0x2c', '0xf0', '0xba', '0xa3', '0xf', '0x91'], 55.1, '2025-08-08 13:34:15.834861']
['UID: ', ['0x4', '0x82', '0xd8', '0xba', '0xa3', '0xf', '0x90'], 55.7, '2025-08-08 13:35:18.758011']
['UID: ', ['0x4', '0xfc', '0xe5', '0xba', '0xa3', '0xf', '0x90'], 55.1, '2025-08-08 13:35:21.000066']
['UID: ', ['0x4', '0xfb', '0xed', '0xba', '0xa3', '0xf', '0x90'], 55.7, '2025-08-08 13:44:26.247532']
['UID: ', ['0x4', '0x74', '0xfc', '0xba', '0xa3', '0xf', '0x90'], 56.2, '2025-08-08 13:54:38.571875']
['UID: ', ['0x4', '0x2c', '0xf0', '0xba', '0xa3', '0xf', '0x91'], 56.2, '2025-08-08 13:58:54.210569']
['UID: ', ['0x4', '0xfc', '0xe5', '0xba', '0xa3', '0xf', '0x90'], 56.2, '2025-08-08 14:02:11.235897']
['UID: ', ['0x4', '0x82', '0xd8', '0xba', '0xa3', '0xf', '0x90'], 55.7, '2025-08-08 14:02:14.363744']
['UID: ', ['0x4', '0x20', '0xa3', '0xba', '0xa3', '0xf', '0x90'], 55.7, '2025-08-08 14:02:18.423380']
['UID: ', ['0x4', '0xfb', '0xed', '0xba', '0xa3', '0xf', '0x90'], 55.7, '2025-08-08 14:15:40.029301']
['UID: ', ['0x4', '0x74', '0xfc', '0xba', '0xa3', '0xf', '0x90'], 56.8, '2025-08-08 15:34:19.670176']
['UID: ', ['0x4', '0x2c', '0xf0', '0xba', '0xa3', '0xf', '0x91'], 56.2, '2025-08-08 15:34:32.838191']
['UID: ', ['0x4', '0xd3', '0xad', '0xba', '0xa3', '0xf', '0x90'], 56.2, '2025-08-08 15:34:37.426202']
['UID: ', ['0x4', '0xfb', '0xed', '0xba', '0xa3', '0xf', '0x90'], 56.2, '2025-08-08 15:36:36.058949']
['UID: ', ['0x4', '0x82', '0xd8', '0xba', '0xa3', '0xf', '0x90'], 56.8, '2025-08-08 15:36:55.932350']
['UID: ', ['0x4', '0xfc', '0xe5', '0xba', '0xa3', '0xf', '0x90'], 56.2, '2025-08-08 15:36:58.658050']
['UID: ', ['0x4', '0x20', '0xa3', '0xba', '0xa3', '0xf', '0x90'], 56.8, '2025-08-08 15:37:01.427525']
['UID: ', ['0x4', '0x91', '0x25', '0xba', '0xa3', '0xf', '0x90'], 56.2, '2025-08-08 16:23:55.371142']
['UID: ', ['0x4', '0x91', '0x25', '0xba', '0xa3', '0xf', '0x90'], 54.6, '2025-08-11 09:40:26.645254']
['UID: ', ['0x4', '0x82', '0xd8', '0xba', '0xa3', '0xf', '0x90'], 56.2, '2025-08-11 10:44:29.850412']
['UID: ', ['0x4', '0xa1', '0xe2', '0xba', '0xa3', '0xf', '0x90'], 56.2, '2025-08-11 11:04:30.432089']
['UID: ', ['0x4', '0x25', '0xed', '0xba', '0xa3', '0xf', '0x91'], 56.2, '2025-08-11 11:15:31.333956']
['UID: ', ['0x4', '0x74', '0xfc', '0xba', '0xa3', '0xf', '0x90'], 56.2, '2025-08-11 11:17:39.555233']
['UID: ', ['0x4', '0x20', '0xa3', '0xba', '0xa3', '0xf', '0x90'], 56.2, '2025-08-11 11:28:57.431655']
['UID: ', ['0x4', '0xd3', '0xad', '0xba', '0xa3', '0xf', '0x90'], 56.8, '2025-08-11 11:29:07.759337']
['UID: ', ['0x4', '0x2c', '0xf0', '0xba', '0xa3', '0xf', '0x91'], 56.8, '2025-08-11 11:34:52.276537']
['UID: ', ['0x4', '0xfb', '0xed', '0xba', '0xa3', '0xf', '0x90'], 56.2, '2025-08-11 11:45:56.541149']
['UID: ', ['0x4', '0xd3', '0xad', '0xba', '0xa3', '0xf', '0x90'], 57.8, '2025-08-11 12:41:08.758703']
['UID: ', ['0x4', '0xd3', '0xad', '0xba', '0xa3', '0xf', '0x90'], 57.8, '2025-08-11 13:02:11.710753']
['UID: ', ['0x4', '0x25', '0xed', '0xba', '0xa3', '0xf', '0x91'], 58.4, '2025-08-11 13:29:47.547524']
['UID: ', ['0x4', '0x91', '0x25', '0xba', '0xa3', '0xf', '0x90'], 58.4, '2025-08-11 13:34:29.656097']
['UID: ', ['0x4', '0x74', '0xfc', '0xba', '0xa3', '0xf', '0x90'], 58.4, '2025-08-11 13:47:40.184269']
['UID: ', ['0x4', '0xd3', '0xad', '0xba', '0xa3', '0xf', '0x90'], 58.4, '2025-08-11 13:48:11.494168']
['UID: ', ['0x4', '0x82', '0xd8', '0xba', '0xa3', '0xf', '0x90'], 58.4, '2025-08-11 13:49:04.157379']
['UID: ', ['0x4', '0xa1', '0xe2', '0xba', '0xa3', '0xf', '0x90'], 58.4, '2025-08-11 13:49:07.869454']
['UID: ', ['0x4', '0x20', '0xa3', '0xba', '0xa3', '0xf', '0x90'], 58.4, '2025-08-11 13:50:30.776720']
['UID: ', ['0x4', '0xfb', '0xed', '0xba', '0xa3', '0xf', '0x90'], 58.4, '2025-08-11 13:51:35.498124']
['UID: ', ['0x4', '0x2c', '0xf0', '0xba', '0xa3', '0xf', '0x91'], 58.4, '2025-08-11 13:51:58.054965']
['UID: ', ['0x4', '0x91', '0x25', '0xba', '0xa3', '0xf', '0x90'], 57.8, '2025-08-11 14:02:35.027228']
['UID: ', ['0x4', '0x91', '0x25', '0xba', '0xa3', '0xf', '0x90'], 60.0, '2025-08-11 16:43:39.748784']
['UID: ', ['0x4', '0x91', '0x25', '0xba', '0xa3', '0xf', '0x90'], 55.7, '2025-08-12 09:37:40.685763']
['UID: ', ['0x4', '0x82', '0xd8', '0xba', '0xa3', '0xf', '0x90'], 56.8, '2025-08-12 10:37:22.746607']
['UID: ', ['0x4', '0xa1', '0xe2', '0xba', '0xa3', '0xf', '0x90'], 57.3, '2025-08-12 11:10:11.440501']
['UID: ', ['0x4', '0x25', '0xed', '0xba', '0xa3', '0xf', '0x91'], 56.8, '2025-08-12 11:15:37.683591']
['UID: ', ['0x4', '0x74', '0xfc', '0xba', '0xa3', '0xf', '0x90'], 56.8, '2025-08-12 11:21:20.096466']
['UID: ', ['0x4', '0xd3', '0xad', '0xba', '0xa3', '0xf', '0x90'], 57.8, '2025-08-12 11:27:58.375595']
['UID: ', ['0x4', '0x20', '0xa3', '0xba', '0xa3', '0xf', '0x90'], 57.3, '2025-08-12 11:32:55.488479']
['UID: ', ['0x4', '0x2c', '0xf0', '0xba', '0xa3', '0xf', '0x91'], 57.8, '2025-08-12 11:35:24.374824']
['UID: ', ['0x4', '0xfb', '0xed', '0xba', '0xa3', '0xf', '0x90'], 57.3, '2025-08-12 11:37:15.937950']
['UID: ', ['0x4', '0xd3', '0xad', '0xba', '0xa3', '0xf', '0x90'], 57.8, '2025-08-12 12:41:26.068321']
['UID: ', ['0x4', '0xd3', '0xad', '0xba', '0xa3', '0xf', '0x90'], 58.4, '2025-08-12 13:03:16.419194']
['UID: ', ['0x4', '0x91', '0x25', '0xba', '0xa3', '0xf', '0x90'], 58.4, '2025-08-12 13:37:39.224864']
['UID: ', ['0x4', '0x25', '0xed', '0xba', '0xa3', '0xf', '0x91'], 58.9, '2025-08-12 13:38:00.454349']
['UID: ', ['0x4', '0x20', '0xa3', '0xba', '0xa3', '0xf', '0x90'], 58.9, '2025-08-12 13:39:08.527866']
['UID: ', ['0x4', '0x74', '0xfc', '0xba', '0xa3', '0xf', '0x90'], 59.5, '2025-08-12 13:39:14.596350']
['UID: ', ['0x4', '0x2c', '0xf0', '0xba', '0xa3', '0xf', '0x91'], 59.5, '2025-08-12 13:39:55.495061']
['UID: ', ['0x4', '0xfb', '0xed', '0xba', '0xa3', '0xf', '0x90'], 58.9, '2025-08-12 13:40:57.108877']
['UID: ', ['0x4', '0xa1', '0xe2', '0xba', '0xa3', '0xf', '0x90'], 58.9, '2025-08-12 13:42:06.330880']
['UID: ', ['0x4', '0x82', '0xd8', '0xba', '0xa3', '0xf', '0x90'], 59.5, '2025-08-12 13:42:09.168477']
['UID: ', ['0x4', '0x25', '0xed', '0xba', '0xa3', '0xf', '0x91'], 59.5, '2025-08-12 13:56:52.298685']
['UID: ', ['0x4', '0x91', '0x25', '0xba', '0xa3', '0xf', '0x90'], 59.5, '2025-08-12 13:57:58.565117']
['UID: ', ['0x4', '0x20', '0xa3', '0xba', '0xa3', '0xf', '0x90'], 59.5, '2025-08-12 14:00:05.371805']
['UID: ', ['0x4', '0xfb', '0xed', '0xba', '0xa3', '0xf', '0x90'], 59.5, '2025-08-12 14:00:27.842525']
['UID: ', ['0x4', '0x74', '0xfc', '0xba', '0xa3', '0xf', '0x90'], 59.5, '2025-08-12 14:00:36.574783']
['UID: ', ['0x4', '0xa1', '0xe2', '0xba', '0xa3', '0xf', '0x90'], 59.5, '2025-08-12 14:04:07.609085']
['UID: ', ['0x4', '0x82', '0xd8', '0xba', '0xa3', '0xf', '0x90'], 59.5, '2025-08-12 14:04:10.643724']
['UID: ', ['0x4', '0x2c', '0xf0', '0xba', '0xa3', '0xf', '0x91'], 59.5, '2025-08-12 14:04:24.346776']
['UID: ', ['0x4', '0x91', '0x25', '0xba', '0xa3', '0xf', '0x90'], 60.5, '2025-08-12 16:26:09.557966']
['UID: ', ['0x4', '0xfb', '0xed', '0xba', '0xa3', '0xf', '0x90'], 60.0, '2025-08-12 18:00:04.526407']
['UID: ', ['0x4', '0x82', '0xd8', '0xba', '0xa3', '0xf', '0x90'], 60.5, '2025-08-12 18:01:14.578762']
['UID: ', ['0x4', '0xa1', '0xe2', '0xba', '0xa3', '0xf', '0x90'], 60.5, '2025-08-12 18:01:16.625357']
['UID: ', ['0x4', '0x74', '0xfc', '0xba', '0xa3', '0xf', '0x90'], 60.0, '2025-08-12 18:01:41.328027']
['UID: ', ['0x4', '0x2c', '0xf0', '0xba', '0xa3', '0xf', '0x91'], 60.0, '2025-08-12 18:01:46.506950']
['UID: ', ['0x4', '0x20', '0xa3', '0xba', '0xa3', '0xf', '0x90'], 60.0, '2025-08-12 18:01:50.642361']
['UID: ', ['0x4', '0x25', '0xed', '0xba', '0xa3', '0xf', '0x91'], 60.5, '2025-08-12 18:01:56.000402']
['UID: ', ['0x4', '0xd3', '0xad', '0xba', '0xa3', '0xf', '0x90'], 60.5, '2025-08-12 18:02:00.263681']
['UID: ', ['0x4', '0x91', '0x25', '0xba', '0xa3', '0xf', '0x90'], 57.3, '2025-08-13 09:45:39.248275']
['UID: ', ['0x4', '0x82', '0xd8', '0xba', '0xa3', '0xf', '0x90'], 57.3, '2025-08-13 10:46:48.735687']
['UID: ', ['0x4', '0xa1', '0xe2', '0xba', '0xa3', '0xf', '0x90'], 56.8, '2025-08-13 11:13:19.053312']
['UID: ', ['0x4', '0x74', '0xfc', '0xba', '0xa3', '0xf', '0x90'], 57.3, '2025-08-13 11:21:06.551808']
['UID: ', ['0x4', '0x25', '0xed', '0xba', '0xa3', '0xf', '0x91'], 57.3, '2025-08-13 11:22:49.508594']
['UID: ', ['0x4', '0xd3', '0xad', '0xba', '0xa3', '0xf', '0x90'], 57.3, '2025-08-13 11:27:03.534087']
['UID: ', ['0x4', '0x20', '0xa3', '0xba', '0xa3', '0xf', '0x90'], 57.3, '2025-08-13 11:30:04.073693']
['UID: ', ['0x4', '0xfb', '0xed', '0xba', '0xa3', '0xf', '0x90'], 57.3, '2025-08-13 11:34:49.797329']
['UID: ', ['0x4', '0x2c', '0xf0', '0xba', '0xa3', '0xf', '0x91'], 57.3, '2025-08-13 11:35:08.208694']
['UID: ', ['0x4', '0x91', '0x25', '0xba', '0xa3', '0xf', '0x90'], 57.8, '2025-08-13 12:20:19.175692']
['UID: ', ['0x4', '0xd3', '0xad', '0xba', '0xa3', '0xf', '0x90'], 57.3, '2025-08-13 12:39:33.672722']
['UID: ', ['0x4', '0xd3', '0xad', '0xba', '0xa3', '0xf', '0x90'], 57.3, '2025-08-13 13:01:55.289114']
['UID: ', ['0x4', '0x20', '0xa3', '0xba', '0xa3', '0xf', '0x90'], 58.4, '2025-08-13 13:35:22.788421']
['UID: ', ['0x4', '0x74', '0xfc', '0xba', '0xa3', '0xf', '0x90'], 58.4, '2025-08-13 13:35:58.052736']
['UID: ', ['0x4', '0x25', '0xed', '0xba', '0xa3', '0xf', '0x91'], 57.8, '2025-08-13 13:37:09.908230']
['UID: ', ['0x4', '0x2c', '0xf0', '0xba', '0xa3', '0xf', '0x91'], 58.9, '2025-08-13 13:37:47.421637']
['UID: ', ['0x4', '0xfb', '0xed', '0xba', '0xa3', '0xf', '0x90'], 58.4, '2025-08-13 13:40:04.243110']
['UID: ', ['0x4', '0x25', '0xed', '0xba', '0xa3', '0xf', '0x91'], 57.8, '2025-08-13 13:56:58.211763']
['UID: ', ['0x4', '0x74', '0xfc', '0xba', '0xa3', '0xf', '0x90'], 57.8, '2025-08-13 13:58:17.728473']
['UID: ', ['0x4', '0x20', '0xa3', '0xba', '0xa3', '0xf', '0x90'], 58.4, '2025-08-13 13:58:30.010513']
['UID: ', ['0x4', '0x2c', '0xf0', '0xba', '0xa3', '0xf', '0x91'], 57.8, '2025-08-13 14:00:09.345440']
['UID: ', ['0x4', '0xfb', '0xed', '0xba', '0xa3', '0xf', '0x90'], 58.4, '2025-08-13 14:00:14.272166']
['UID: ', ['0x4', '0x82', '0xd8', '0xba', '0xa3', '0xf', '0x90'], 58.4, '2025-08-13 14:20:21.740163']
['UID: ', ['0x4', '0xa1', '0xe2', '0xba', '0xa3', '0xf', '0x90'], 58.4, '2025-08-13 14:20:24.417700']
['UID: ', ['0x4', '0xa1', '0xe2', '0xba', '0xa3', '0xf', '0x90'], 58.4, '2025-08-13 14:43:01.230109']
['UID: ', ['0x4', '0x82', '0xd8', '0xba', '0xa3', '0xf', '0x90'], 57.8, '2025-08-13 14:43:05.288308']
['UID: ', ['0x4', '0xd3', '0xad', '0xba', '0xa3', '0xf', '0x90'], 56.8, '2025-08-13 17:53:46.350272']
['UID: ', ['0x4', '0x74', '0xfc', '0xba', '0xa3', '0xf', '0x90'], 56.2, '2025-08-13 17:54:58.087475']
['UID: ', ['0x4', '0x25', '0xed', '0xba', '0xa3', '0xf', '0x91'], 56.8, '2025-08-13 17:55:34.730499']
['UID: ', ['0x4', '0xfb', '0xed', '0xba', '0xa3', '0xf', '0x90'], 56.2, '2025-08-13 17:55:41.796912']
['UID: ', ['0x4', '0x2c', '0xf0', '0xba', '0xa3', '0xf', '0x91'], 56.8, '2025-08-13 17:55:48.024304']
['UID: ', ['0x4', '0x20', '0xa3', '0xba', '0xa3', '0xf', '0x90'], 56.2, '2025-08-13 17:55:51.948892']
['UID: ', ['0x4', '0x82', '0xd8', '0xba', '0xa3', '0xf', '0x90'], 56.2, '2025-08-13 18:00:12.309309']
['UID: ', ['0x4', '0xa1', '0xe2', '0xba', '0xa3', '0xf', '0x90'], 56.8, '2025-08-13 18:00:14.720099']
['UID: ', ['0x4', '0x91', '0x25', '0xba', '0xa3', '0xf', '0x90'], 56.8, '2025-08-14 09:35:20.435185']
['UID: ', ['0x4', '0x82', '0xd8', '0xba', '0xa3', '0xf', '0x90'], 56.8, '2025-08-14 10:38:13.644053']
['UID: ', ['0x4', '0xa1', '0xe2', '0xba', '0xa3', '0xf', '0x90'], 57.3, '2025-08-14 11:13:54.387231']
['UID: ', ['0x4', '0x74', '0xfc', '0xba', '0xa3', '0xf', '0x90'], 56.8, '2025-08-14 11:14:59.493266']
['UID: ', ['0x4', '0x25', '0xed', '0xba', '0xa3', '0xf', '0x91'], 57.3, '2025-08-14 11:22:25.159786']
['UID: ', ['0x4', '0xfb', '0xed', '0xba', '0xa3', '0xf', '0x90'], 56.2, '2025-08-14 11:31:06.245731']
['UID: ', ['0x4', '0xd3', '0xad', '0xba', '0xa3', '0xf', '0x90'], 56.8, '2025-08-14 11:32:11.742336']
['UID: ', ['0x4', '0x20', '0xa3', '0xba', '0xa3', '0xf', '0x90'], 56.8, '2025-08-14 11:35:17.489128']
['UID: ', ['0x4', '0x2c', '0xf0', '0xba', '0xa3', '0xf', '0x91'], 56.2, '2025-08-14 11:36:20.610472']
['UID: ', ['0x4', '0xd3', '0xad', '0xba', '0xa3', '0xf', '0x90'], 57.3, '2025-08-14 12:41:00.263941']
['UID: ', ['0x4', '0xd3', '0xad', '0xba', '0xa3', '0xf', '0x90'], 57.8, '2025-08-14 13:02:21.821285']
['UID: ', ['0x4', '0x2c', '0xf0', '0xba', '0xa3', '0xf', '0x91'], 57.8, '2025-08-14 13:30:48.614258']
['UID: ', ['0x4', '0xa1', '0xe2', '0xba', '0xa3', '0xf', '0x90'], 57.3, '2025-08-14 13:31:16.544036']
['UID: ', ['0x4', '0x74', '0xfc', '0xba', '0xa3', '0xf', '0x90'], 57.8, '2025-08-14 13:31:25.237069']
['UID: ', ['0x4', '0x82', '0xd8', '0xba', '0xa3', '0xf', '0x90'], 58.4, '2025-08-14 13:32:13.181331']
['UID: ', ['0x4', '0xfb', '0xed', '0xba', '0xa3', '0xf', '0x90'], 57.8, '2025-08-14 13:32:19.253239']
['UID: ', ['0x4', '0x20', '0xa3', '0xba', '0xa3', '0xf', '0x90'], 57.8, '2025-08-14 13:32:27.189323']
['UID: ', ['0x4', '0x25', '0xed', '0xba', '0xa3', '0xf', '0x91'], 58.4, '2025-08-14 13:32:32.829417']
['UID: ', ['0x4', '0x91', '0x25', '0xba', '0xa3', '0xf', '0x90'], 57.3, '2025-08-14 13:32:36.560812']
['UID: ', ['0x4', '0x25', '0xed', '0xba', '0xa3', '0xf', '0x91'], 57.8, '2025-08-14 13:52:33.033018']
['UID: ', ['0x4', '0xfb', '0xed', '0xba', '0xa3', '0xf', '0x90'], 58.4, '2025-08-14 13:52:42.731123']
['UID: ', ['0x4', '0x82', '0xd8', '0xba', '0xa3', '0xf', '0x90'], 57.8, '2025-08-14 13:53:04.222486']
['UID: ', ['0x4', '0x74', '0xfc', '0xba', '0xa3', '0xf', '0x90'], 57.8, '2025-08-14 13:54:07.688807']
['UID: ', ['0x4', '0x20', '0xa3', '0xba', '0xa3', '0xf', '0x90'], 57.8, '2025-08-14 13:54:11.613579']
['UID: ', ['0x4', '0x91', '0x25', '0xba', '0xa3', '0xf', '0x90'], 57.8, '2025-08-14 13:54:54.566920']
['UID: ', ['0x4', '0x2c', '0xf0', '0xba', '0xa3', '0xf', '0x91'], 57.8, '2025-08-14 13:55:32.998397']
['UID: ', ['0x4', '0xa1', '0xe2', '0xba', '0xa3', '0xf', '0x90'], 58.4, '2025-08-14 13:55:56.020588']
['UID: ', ['0x4', '0x74', '0xfc', '0xba', '0xa3', '0xf', '0x90'], 58.4, '2025-08-14 15:46:44.574920']
['UID: ', ['0x4', '0xfb', '0xed', '0xba', '0xa3', '0xf', '0x90'], 58.4, '2025-08-14 15:46:59.162473']
['UID: ', ['0x4', '0xa1', '0xe2', '0xba', '0xa3', '0xf', '0x90'], 59.5, '2025-08-14 15:47:07.325399']
['UID: ', ['0x4', '0xd3', '0xad', '0xba', '0xa3', '0xf', '0x90'], 58.4, '2025-08-14 15:47:35.987212']
['UID: ', ['0x4', '0x2c', '0xf0', '0xba', '0xa3', '0xf', '0x91'], 58.4, '2025-08-14 15:47:40.907102']
['UID: ', ['0x4', '0x82', '0xd8', '0xba', '0xa3', '0xf', '0x90'], 58.9, '2025-08-14 15:47:48.982620']
['UID: ', ['0x4', '0x25', '0xed', '0xba', '0xa3', '0xf', '0x91'], 58.4, '2025-08-14 15:48:20.492451']
['UID: ', ['0x4', '0x20', '0xa3', '0xba', '0xa3', '0xf', '0x90'], 58.4, '2025-08-14 15:48:27.925594']
['UID: ', ['0x4', '0x91', '0x25', '0xba', '0xa3', '0xf', '0x90'], 58.4, '2025-08-14 16:27:27.593199']
['UID: ', ['0x4', '0x91', '0x25', '0xba', '0xa3', '0xf', '0x90'], 56.2, '2025-08-15 09:46:52.615347']
['UID: ', ['0x4', '0x82', '0xd8', '0xba', '0xa3', '0xf', '0x90'], 56.2, '2025-08-15 10:37:50.812733']
['UID: ', ['0x4', '0x25', '0xed', '0xba', '0xa3', '0xf', '0x91'], 56.8, '2025-08-15 11:19:22.305915']
['UID: ', ['0x4', '0x74', '0xfc', '0xba', '0xa3', '0xf', '0x90'], 57.3, '2025-08-15 11:19:27.487184']
['UID: ', ['0x4', '0xa1', '0xe2', '0xba', '0xa3', '0xf', '0x90'], 57.3, '2025-08-15 11:22:57.749811']
['UID: ', ['0x4', '0xd3', '0xad', '0xba', '0xa3', '0xf', '0x90'], 57.3, '2025-08-15 11:32:21.264717']
['UID: ', ['0x4', '0xfb', '0xed', '0xba', '0xa3', '0xf', '0x90'], 57.3, '2025-08-15 11:37:55.780377']
['UID: ', ['0x4', '0x2c', '0xf0', '0xba', '0xa3', '0xf', '0x91'], 57.3, '2025-08-15 11:39:03.257386']
['UID: ', ['0x4', '0xd3', '0xad', '0xba', '0xa3', '0xf', '0x90'], 57.3, '2025-08-15 12:40:58.556868']
['UID: ', ['0x4', '0xd3', '0xad', '0xba', '0xa3', '0xf', '0x90'], 57.8, '2025-08-15 13:03:07.115169']
['UID: ', ['0x4', '0x25', '0xed', '0xba', '0xa3', '0xf', '0x91'], 57.3, '2025-08-15 13:31:05.575329']
['UID: ', ['0x4', '0x74', '0xfc', '0xba', '0xa3', '0xf', '0x90'], 57.3, '2025-08-15 13:32:10.951204']
['UID: ', ['0x4', '0x2c', '0xf0', '0xba', '0xa3', '0xf', '0x91'], 57.8, '2025-08-15 13:32:47.607241']
['UID: ', ['0x4', '0x82', '0xd8', '0xba', '0xa3', '0xf', '0x90'], 57.3, '2025-08-15 13:33:50.802125']
['UID: ', ['0x4', '0xa1', '0xe2', '0xba', '0xa3', '0xf', '0x90'], 57.3, '2025-08-15 13:34:47.476481']
['UID: ', ['0x4', '0xfb', '0xed', '0xba', '0xa3', '0xf', '0x90'], 57.3, '2025-08-15 13:42:59.956299']
['UID: ', ['0x4', '0x25', '0xed', '0xba', '0xa3', '0xf', '0x91'], 58.4, '2025-08-15 13:50:56.505882']
['UID: ', ['0x4', '0x74', '0xfc', '0xba', '0xa3', '0xf', '0x90'], 57.8, '2025-08-15 13:54:19.163637']
['UID: ', ['0x4', '0x82', '0xd8', '0xba', '0xa3', '0xf', '0x90'], 57.3, '2025-08-15 13:54:31.467117']
['UID: ', ['0x4', '0xa1', '0xe2', '0xba', '0xa3', '0xf', '0x90'], 57.8, '2025-08-15 13:56:41.855545']
['UID: ', ['0x4', '0x91', '0x25', '0xba', '0xa3', '0xf', '0x90'], 57.3, '2025-08-15 13:57:00.028209']
['UID: ', ['0x4', '0x2c', '0xf0', '0xba', '0xa3', '0xf', '0x91'], 57.8, '2025-08-15 13:57:11.288695']
['UID: ', ['0x4', '0x25', '0xed', '0xba', '0xa3', '0xf', '0x91'], 58.4, '2025-08-15 15:01:16.480243']
['UID: ', ['0x4', '0x74', '0xfc', '0xba', '0xa3', '0xf', '0x90'], 58.4, '2025-08-15 15:01:23.849557']
['UID: ', ['0x4', '0x82', '0xd8', '0xba', '0xa3', '0xf', '0x90'], 58.4, '2025-08-15 15:01:52.395505']
['UID: ', ['0x4', '0xa1', '0xe2', '0xba', '0xa3', '0xf', '0x90'], 58.4, '2025-08-15 15:02:03.499496']
['UID: ', ['0x4', '0x2c', '0xf0', '0xba', '0xa3', '0xf', '0x91'], 58.9, '2025-08-15 15:06:17.147538']
['UID: ', ['0x4', '0xd3', '0xad', '0xba', '0xa3', '0xf', '0x90'], 58.4, '2025-08-15 15:06:29.231025']
['UID: ', ['0x4', '0x91', '0x25', '0xba', '0xa3', '0xf', '0x90'], 57.3, '2025-08-18 09:43:45.712178']
['UID: ', ['0x4', '0x82', '0xd8', '0xba', '0xa3', '0xf', '0x90'], 55.7, '2025-08-18 10:52:18.632007']
['UID: ', ['0x4', '0x25', '0xed', '0xba', '0xa3', '0xf', '0x91'], 55.7, '2025-08-18 11:22:32.611592']
['UID: ', ['0x4', '0x74', '0xfc', '0xba', '0xa3', '0xf', '0x90'], 55.7, '2025-08-18 11:23:41.416533']
['UID: ', ['0x4', '0xfb', '0xed', '0xba', '0xa3', '0xf', '0x90'], 55.7, '2025-08-18 11:30:27.383820']
['UID: ', ['0x4', '0x20', '0xa3', '0xba', '0xa3', '0xf', '0x90'], 55.7, '2025-08-18 11:31:49.680836']
['UID: ', ['0x4', '0xd3', '0xad', '0xba', '0xa3', '0xf', '0x90'], 55.7, '2025-08-18 11:33:11.092622']
['UID: ', ['0x4', '0x2c', '0xf0', '0xba', '0xa3', '0xf', '0x91'], 55.1, '2025-08-18 11:37:42.698890']
['UID: ', ['0x4', '0xa1', '0xe2', '0xba', '0xa3', '0xf', '0x90'], 56.2, '2025-08-18 11:39:51.377942']
['UID: ', ['0x4', '0x91', '0x25', '0xba', '0xa3', '0xf', '0x90'], 55.1, '2025-08-18 12:03:35.741014']
['UID: ', ['0x4', '0x91', '0x25', '0xba', '0xa3', '0xf', '0x90'], 55.7, '2025-08-18 12:16:30.617965']
['UID: ', ['0x4', '0xd3', '0xad', '0xba', '0xa3', '0xf', '0x90'], 56.2, '2025-08-18 12:58:09.265297']
['UID: ', ['0x4', '0xd3', '0xad', '0xba', '0xa3', '0xf', '0x90'], 56.2, '2025-08-18 13:20:49.161634']
['UID: ', ['0x4', '0x20', '0xa3', '0xba', '0xa3', '0xf', '0x90'], 55.7, '2025-08-18 13:36:59.784429']
['UID: ', ['0x4', '0xa1', '0xe2', '0xba', '0xa3', '0xf', '0x90'], 55.7, '2025-08-18 13:37:07.599868']
['UID: ', ['0x4', '0x25', '0xed', '0xba', '0xa3', '0xf', '0x91'], 55.7, '2025-08-18 13:37:32.704506']
['UID: ', ['0x4', '0x74', '0xfc', '0xba', '0xa3', '0xf', '0x90'], 55.7, '2025-08-18 13:38:37.176269']
['UID: ', ['0x4', '0xfb', '0xed', '0xba', '0xa3', '0xf', '0x90'], 55.1, '2025-08-18 13:39:17.009539']
['UID: ', ['0x4', '0x2c', '0xf0', '0xba', '0xa3', '0xf', '0x91'], 55.7, '2025-08-18 13:39:32.057647']
['UID: ', ['0x4', '0x82', '0xd8', '0xba', '0xa3', '0xf', '0x90'], 55.1, '2025-08-18 13:44:52.887159']
['UID: ', ['0x4', '0x25', '0xed', '0xba', '0xa3', '0xf', '0x91'], 56.2, '2025-08-18 13:57:10.120863']
['UID: ', ['0x4', '0xfb', '0xed', '0xba', '0xa3', '0xf', '0x90'], 55.7, '2025-08-18 13:59:14.457877']
['UID: ', ['0x4', '0x74', '0xfc', '0xba', '0xa3', '0xf', '0x90'], 55.7, '2025-08-18 13:59:50.101532']
['UID: ', ['0x4', '0x20', '0xa3', '0xba', '0xa3', '0xf', '0x90'], 55.1, '2025-08-18 14:00:06.948638']
['UID: ', ['0x4', '0x2c', '0xf0', '0xba', '0xa3', '0xf', '0x91'], 55.7, '2025-08-18 14:00:36.564210']
['UID: ', ['0x4', '0xa1', '0xe2', '0xba', '0xa3', '0xf', '0x90'], 55.1, '2025-08-18 14:00:41.837204']
['UID: ', ['0x4', '0x82', '0xd8', '0xba', '0xa3', '0xf', '0x90'], 55.7, '2025-08-18 14:05:05.097569']
['UID: ', ['0x4', '0x25', '0xed', '0xba', '0xa3', '0xf', '0x91'], 55.1, '2025-08-18 14:36:26.019594']
['UID: ', ['0x4', '0xfb', '0xed', '0xba', '0xa3', '0xf', '0x90'], 55.7, '2025-08-18 14:37:08.196753']
['UID: ', ['0x4', '0x74', '0xfc', '0xba', '0xa3', '0xf', '0x90'], 55.7, '2025-08-18 14:40:45.236662']
['UID: ', ['0x4', '0x91', '0x25', '0xba', '0xa3', '0xf', '0x90'], 55.1, '2025-08-18 16:25:47.267306']
['UID: ', ['0x4', '0x20', '0xa3', '0xba', '0xa3', '0xf', '0x90'], 55.7, '2025-08-18 16:58:19.774212']
['UID: ', ['0x4', '0x82', '0xd8', '0xba', '0xa3', '0xf', '0x90'], 55.7, '2025-08-18 16:58:37.800518']
['UID: ', ['0x4', '0xa1', '0xe2', '0xba', '0xa3', '0xf', '0x90'], 55.7, '2025-08-18 17:00:05.884584']
['UID: ', ['0x4', '0x2c', '0xf0', '0xba', '0xa3', '0xf', '0x91'], 55.7, '2025-08-18 17:04:46.538390']
['UID: ', ['0x4', '0xd3', '0xad', '0xba', '0xa3', '0xf', '0x90'], 55.7, '2025-08-18 17:04:49.995207']
['UID: ', ['0x4', '0x91', '0x25', '0xba', '0xa3', '0xf', '0x90'], 55.1, '2025-08-19 09:54:53.758947']
['UID: ', ['0x4', '0x82', '0xd8', '0xba', '0xa3', '0xf', '0x90'], 55.1, '2025-08-19 11:22:10.157289']
['UID: ', ['0x4', '0x74', '0xfc', '0xba', '0xa3', '0xf', '0x90'], 55.1, '2025-08-19 11:46:36.263972']
['UID: ', ['0x4', '0xa1', '0xe2', '0xba', '0xa3', '0xf', '0x90'], 55.1, '2025-08-19 11:51:19.833074']
['UID: ', ['0x4', '0x25', '0xed', '0xba', '0xa3', '0xf', '0x91'], 55.1, '2025-08-19 11:54:42.661689']
['UID: ', ['0x4', '0xfb', '0xed', '0xba', '0xa3', '0xf', '0x90'], 55.7, '2025-08-19 11:58:14.083292']
['UID: ', ['0x4', '0xd3', '0xad', '0xba', '0xa3', '0xf', '0x90'], 55.1, '2025-08-19 12:01:23.558089']
['UID: ', ['0x4', '0x2c', '0xf0', '0xba', '0xa3', '0xf', '0x91'], 55.1, '2025-08-19 12:01:47.321590']
['UID: ', ['0x4', '0x20', '0xa3', '0xba', '0xa3', '0xf', '0x90'], 54.6, '2025-08-19 12:02:15.420857']
['UID: ', ['0x4', '0xd3', '0xad', '0xba', '0xa3', '0xf', '0x90'], 55.1, '2025-08-19 12:58:58.974441']
['UID: ', ['0x4', '0xd3', '0xad', '0xba', '0xa3', '0xf', '0x90'], 55.7, '2025-08-19 13:19:54.341493']
['UID: ', ['0x4', '0x91', '0x25', '0xba', '0xa3', '0xf', '0x90'], 55.7, '2025-08-19 13:27:35.645151']
['UID: ', ['0x4', '0x25', '0xed', '0xba', '0xa3', '0xf', '0x91'], 56.2, '2025-08-19 13:36:23.934533']
['UID: ', ['0x4', '0x74', '0xfc', '0xba', '0xa3', '0xf', '0x90'], 55.7, '2025-08-19 13:36:33.220213']
['UID: ', ['0x4', '0xa1', '0xe2', '0xba', '0xa3', '0xf', '0x90'], 56.2, '2025-08-19 13:37:18.633420']
['UID: ', ['0x4', '0x20', '0xa3', '0xba', '0xa3', '0xf', '0x90'], 55.7, '2025-08-19 13:37:42.623013']
['UID: ', ['0x4', '0x82', '0xd8', '0xba', '0xa3', '0xf', '0x90'], 55.7, '2025-08-19 13:38:12.108795']
['UID: ', ['0x4', '0xfb', '0xed', '0xba', '0xa3', '0xf', '0x90'], 55.7, '2025-08-19 13:38:16.881070']
['UID: ', ['0x4', '0x2c', '0xf0', '0xba', '0xa3', '0xf', '0x91'], 55.7, '2025-08-19 13:38:43.672291']
['UID: ', ['0x4', '0x25', '0xed', '0xba', '0xa3', '0xf', '0x91'], 55.7, '2025-08-19 13:55:25.748491']
['UID: ', ['0x4', '0xa1', '0xe2', '0xba', '0xa3', '0xf', '0x90'], 55.7, '2025-08-19 13:58:23.556560']
['UID: ', ['0x4', '0x91', '0x25', '0xba', '0xa3', '0xf', '0x90'], 56.2, '2025-08-19 13:58:33.760866']
['UID: ', ['0x4', '0x74', '0xfc', '0xba', '0xa3', '0xf', '0x90'], 56.2, '2025-08-19 13:58:37.861088']
['UID: ', ['0x4', '0xfb', '0xed', '0xba', '0xa3', '0xf', '0x90'], 56.2, '2025-08-19 13:58:52.835561']
['UID: ', ['0x4', '0x82', '0xd8', '0xba', '0xa3', '0xf', '0x90'], 55.7, '2025-08-19 13:59:14.413612']
['UID: ', ['0x4', '0x20', '0xa3', '0xba', '0xa3', '0xf', '0x90'], 56.2, '2025-08-19 14:00:11.630415']
['UID: ', ['0x4', '0x2c', '0xf0', '0xba', '0xa3', '0xf', '0x91'], 55.7, '2025-08-19 14:00:22.453058']
['UID: ', ['0x4', '0x91', '0x25', '0xba', '0xa3', '0xf', '0x90'], 56.8, '2025-08-19 16:27:30.589334']
['UID: ', ['0x4', '0xa1', '0xe2', '0xba', '0xa3', '0xf', '0x90'], 56.8, '2025-08-19 17:53:31.191358']
['UID: ', ['0x4', '0x20', '0xa3', '0xba', '0xa3', '0xf', '0x90'], 56.2, '2025-08-19 17:53:37.932441']
['UID: ', ['0x4', '0x74', '0xfc', '0xba', '0xa3', '0xf', '0x90'], 56.2, '2025-08-19 17:53:44.995581']
['UID: ', ['0x4', '0xfb', '0xed', '0xba', '0xa3', '0xf', '0x90'], 56.2, '2025-08-19 17:53:56.440437']
['UID: ', ['0x4', '0x2c', '0xf0', '0xba', '0xa3', '0xf', '0x91'], 56.2, '2025-08-19 17:54:18.231391']
['UID: ', ['0x4', '0x82', '0xd8', '0xba', '0xa3', '0xf', '0x90'], 55.7, '2025-08-19 17:54:21.615147']
['UID: ', ['0x4', '0x25', '0xed', '0xba', '0xa3', '0xf', '0x91'], 56.2, '2025-08-19 17:54:28.723190']
['UID: ', ['0x4', '0xd3', '0xad', '0xba', '0xa3', '0xf', '0x90'], 56.8, '2025-08-19 17:54:39.711599']
['UID: ', ['0x4', '0x91', '0x25', '0xba', '0xa3', '0xf', '0x90'], 54.1, '2025-08-20 09:41:56.856223']
['UID: ', ['0x4', '0x82', '0xd8', '0xba', '0xa3', '0xf', '0x90'], 54.1, '2025-08-20 11:25:49.080990']
['UID: ', ['0x4', '0x74', '0xfc', '0xba', '0xa3', '0xf', '0x90'], 53.5, '2025-08-20 11:47:43.558366']
['UID: ', ['0x4', '0x25', '0xed', '0xba', '0xa3', '0xf', '0x91'], 54.1, '2025-08-20 11:49:07.240606']
['UID: ', ['0x4', '0x20', '0xa3', '0xba', '0xa3', '0xf', '0x90'], 54.1, '2025-08-20 11:58:07.161224']
['UID: ', ['0x4', '0xa1', '0xe2', '0xba', '0xa3', '0xf', '0x90'], 54.6, '2025-08-20 11:58:22.377729']
['UID: ', ['0x4', '0xfb', '0xed', '0xba', '0xa3', '0xf', '0x90'], 54.1, '2025-08-20 12:00:17.071559']
['UID: ', ['0x4', '0xd3', '0xad', '0xba', '0xa3', '0xf', '0x90'], 54.1, '2025-08-20 12:05:22.635647']
['UID: ', ['0x4', '0x2c', '0xf0', '0xba', '0xa3', '0xf', '0x91'], 54.6, '2025-08-20 12:07:43.205902']
['UID: ', ['0x4', '0xd3', '0xad', '0xba', '0xa3', '0xf', '0x90'], 54.1, '2025-08-20 13:00:45.637001']
['UID: ', ['0x4', '0xd3', '0xad', '0xba', '0xa3', '0xf', '0x90'], 54.1, '2025-08-20 13:21:50.249827']
['UID: ', ['0x4', '0x25', '0xed', '0xba', '0xa3', '0xf', '0x91'], 54.6, '2025-08-20 13:35:35.092906']
['UID: ', ['0x4', '0x74', '0xfc', '0xba', '0xa3', '0xf', '0x90'], 53.5, '2025-08-20 13:35:45.913892']
['UID: ', ['0x4', '0x82', '0xd8', '0xba', '0xa3', '0xf', '0x90'], 54.1, '2025-08-20 13:35:53.605602']
['UID: ', ['0x4', '0x91', '0x25', '0xba', '0xa3', '0xf', '0x90'], 53.5, '2025-08-20 13:35:57.857748']
['UID: ', ['0x4', '0x2c', '0xf0', '0xba', '0xa3', '0xf', '0x91'], 54.1, '2025-08-20 13:36:39.043580']
['UID: ', ['0x4', '0x20', '0xa3', '0xba', '0xa3', '0xf', '0x90'], 54.1, '2025-08-20 13:36:48.207872']
['UID: ', ['0x4', '0xa1', '0xe2', '0xba', '0xa3', '0xf', '0x90'], 54.1, '2025-08-20 13:36:56.670733']
['UID: ', ['0x4', '0xfb', '0xed', '0xba', '0xa3', '0xf', '0x90'], 54.1, '2025-08-20 13:41:12.183750']
['UID: ', ['0x4', '0x91', '0x25', '0xba', '0xa3', '0xf', '0x90'], 53.5, '2025-08-20 13:51:48.666363']
['UID: ', ['0x4', '0x25', '0xed', '0xba', '0xa3', '0xf', '0x91'], 54.1, '2025-08-20 13:55:19.056594']
['UID: ', ['0x4', '0xa1', '0xe2', '0xba', '0xa3', '0xf', '0x90'], 53.5, '2025-08-20 13:55:46.855132']
['UID: ', ['0x4', '0x82', '0xd8', '0xba', '0xa3', '0xf', '0x90'], 54.1, '2025-08-20 13:57:25.213245']
['UID: ', ['0x4', '0x74', '0xfc', '0xba', '0xa3', '0xf', '0x90'], 54.1, '2025-08-20 14:00:04.011269']
['UID: ', ['0x4', '0x2c', '0xf0', '0xba', '0xa3', '0xf', '0x91'], 54.1, '2025-08-20 14:00:33.751667']
['UID: ', ['0x4', '0x20', '0xa3', '0xba', '0xa3', '0xf', '0x90'], 54.1, '2025-08-20 14:01:22.635845']
['UID: ', ['0x4', '0xfb', '0xed', '0xba', '0xa3', '0xf', '0x90'], 54.1, '2025-08-20 14:01:27.824469']
['UID: ', ['0x4', '0x74', '0xfc', '0xba', '0xa3', '0xf', '0x90'], 53.5, '2025-08-20 15:28:08.002140']
['UID: ', ['0x4', '0x20', '0xa3', '0xba', '0xa3', '0xf', '0x90'], 54.1, '2025-08-20 15:28:35.125003']
['UID: ', ['0x4', '0xa1', '0xe2', '0xba', '0xa3', '0xf', '0x90'], 53.5, '2025-08-20 15:28:41.839107']
['UID: ', ['0x4', '0x2c', '0xf0', '0xba', '0xa3', '0xf', '0x91'], 53.5, '2025-08-20 15:28:49.533469']
['UID: ', ['0x4', '0x25', '0xed', '0xba', '0xa3', '0xf', '0x91'], 53.5, '2025-08-20 15:28:54.100994']
['UID: ', ['0x4', '0xd3', '0xad', '0xba', '0xa3', '0xf', '0x90'], 54.1, '2025-08-20 15:29:07.894730']
['UID: ', ['0x4', '0xfb', '0xed', '0xba', '0xa3', '0xf', '0x90'], 54.1, '2025-08-20 15:29:14.059252']
['UID: ', ['0x4', '0x82', '0xd8', '0xba', '0xa3', '0xf', '0x90'], 54.1, '2025-08-20 15:37:54.923201']
['UID: ', ['0x4', '0x91', '0x25', '0xba', '0xa3', '0xf', '0x90'], 54.1, '2025-08-20 16:02:51.443837']
['UID: ', ['0x4', '0x82', '0xd8', '0xba', '0xa3', '0xf', '0x90'], 54.1, '2025-08-21 11:23:25.652521']
['UID: ', ['0x4', '0x25', '0xed', '0xba', '0xa3', '0xf', '0x91'], 54.6, '2025-08-21 11:48:43.486446']
['UID: ', ['0x4', '0x74', '0xfc', '0xba', '0xa3', '0xf', '0x90'], 54.1, '2025-08-21 11:51:19.582382']
['UID: ', ['0x4', '0xa1', '0xe2', '0xba', '0xa3', '0xf', '0x90'], 54.6, '2025-08-21 11:55:11.707595']
['UID: ', ['0x4', '0xfb', '0xed', '0xba', '0xa3', '0xf', '0x90'], 54.1, '2025-08-21 11:56:48.465022']
['UID: ', ['0x4', '0x20', '0xa3', '0xba', '0xa3', '0xf', '0x90'], 54.6, '2025-08-21 11:59:18.098956']
['UID: ', ['0x4', '0xd3', '0xad', '0xba', '0xa3', '0xf', '0x90'], 54.6, '2025-08-21 12:03:30.342199']
['UID: ', ['0x4', '0x2c', '0xf0', '0xba', '0xa3', '0xf', '0x91'], 54.6, '2025-08-21 12:07:49.726691']
['UID: ', ['0x4', '0xd3', '0xad', '0xba', '0xa3', '0xf', '0x90'], 55.1, '2025-08-21 13:02:32.436547']
['UID: ', ['0x4', '0xd3', '0xad', '0xba', '0xa3', '0xf', '0x90'], 54.6, '2025-08-21 13:23:16.637601']
['UID: ', ['0x4', '0x25', '0xed', '0xba', '0xa3', '0xf', '0x91'], 54.6, '2025-08-21 13:32:24.143867']
['UID: ', ['0x4', '0xa1', '0xe2', '0xba', '0xa3', '0xf', '0x90'], 54.1, '2025-08-21 13:32:33.405029']
['UID: ', ['0x4', '0x74', '0xfc', '0xba', '0xa3', '0xf', '0x90'], 54.1, '2025-08-21 13:33:42.882607']
['UID: ', ['0x4', '0x82', '0xd8', '0xba', '0xa3', '0xf', '0x90'], 55.1, '2025-08-21 13:33:50.222072']
['UID: ', ['0x4', '0x2c', '0xf0', '0xba', '0xa3', '0xf', '0x91'], 54.1, '2025-08-21 13:34:05.480614']
['UID: ', ['0x4', '0x20', '0xa3', '0xba', '0xa3', '0xf', '0x90'], 55.1, '2025-08-21 13:34:11.395516']
['UID: ', ['0x4', '0xfb', '0xed', '0xba', '0xa3', '0xf', '0x90'], 54.6, '2025-08-21 13:34:21.775152']
['UID: ', ['0x4', '0x25', '0xed', '0xba', '0xa3', '0xf', '0x91'], 54.1, '2025-08-21 13:52:14.526582']
['UID: ', ['0x4', '0x74', '0xfc', '0xba', '0xa3', '0xf', '0x90'], 54.6, '2025-08-21 13:53:26.145332']
['UID: ', ['0x4', '0xa1', '0xe2', '0xba', '0xa3', '0xf', '0x90'], 54.6, '2025-08-21 13:53:42.152293']
['UID: ', ['0x4', '0x82', '0xd8', '0xba', '0xa3', '0xf', '0x90'], 54.1, '2025-08-21 13:54:24.964876']
['UID: ', ['0x4', '0xfb', '0xed', '0xba', '0xa3', '0xf', '0x90'], 54.1, '2025-08-21 13:55:06.954969']
['UID: ', ['0x4', '0x20', '0xa3', '0xba', '0xa3', '0xf', '0x90'], 54.1, '2025-08-21 13:55:29.734354']
['UID: ', ['0x4', '0x2c', '0xf0', '0xba', '0xa3', '0xf', '0x91'], 54.1, '2025-08-21 13:57:13.099599']
['UID: ', ['0x4', '0x20', '0xa3', '0xba', '0xa3', '0xf', '0x90'], 54.1, '2025-08-21 16:24:16.629564']
['UID: ', ['0x4', '0x74', '0xfc', '0xba', '0xa3', '0xf', '0x90'], 54.6, '2025-08-21 16:24:25.136165']
['UID: ', ['0x4', '0xa1', '0xe2', '0xba', '0xa3', '0xf', '0x90'], 54.1, '2025-08-21 16:24:32.283684']
['UID: ', ['0x4', '0xfb', '0xed', '0xba', '0xa3', '0xf', '0x90'], 54.6, '2025-08-21 16:24:38.727903']
['UID: ', ['0x4', '0xd3', '0xad', '0xba', '0xa3', '0xf', '0x90'], 54.1, '2025-08-21 16:24:49.337748']
['UID: ', ['0x4', '0x2c', '0xf0', '0xba', '0xa3', '0xf', '0x91'], 54.1, '2025-08-21 16:24:54.522781']
['UID: ', ['0x4', '0x82', '0xd8', '0xba', '0xa3', '0xf', '0x90'], 54.6, '2025-08-21 16:25:14.324299']
['UID: ', ['0x4', '0x25', '0xed', '0xba', '0xa3', '0xf', '0x91'], 54.1, '2025-08-21 16:25:18.745996']
['UID: ', ['0x4', '0x91', '0x25', '0xba', '0xa3', '0xf', '0x90'], 53.0, '2025-08-22 09:58:38.468393']
['UID: ', ['0x4', '0x82', '0xd8', '0xba', '0xa3', '0xf', '0x90'], 53.5, '2025-08-22 11:17:47.159740']
['UID: ', ['0x4', '0xfc', '0xe5', '0xba', '0xa3', '0xf', '0x90'], 54.1, '2025-08-22 11:45:14.473485']
['UID: ', ['0x4', '0x25', '0xed', '0xba', '0xa3', '0xf', '0x91'], 53.5, '2025-08-22 11:48:46.346165']
['UID: ', ['0x4', '0x74', '0xfc', '0xba', '0xa3', '0xf', '0x90'], 53.5, '2025-08-22 11:50:55.753530']
['UID: ', ['0x4', '0xa1', '0xe2', '0xba', '0xa3', '0xf', '0x90'], 53.5, '2025-08-22 11:57:23.513417']
['UID: ', ['0x4', '0xfb', '0xed', '0xba', '0xa3', '0xf', '0x90'], 53.5, '2025-08-22 11:59:56.043868']
['UID: ', ['0x4', '0xd3', '0xad', '0xba', '0xa3', '0xf', '0x90'], 54.1, '2025-08-22 12:04:52.363319']
['UID: ', ['0x4', '0x2c', '0xf0', '0xba', '0xa3', '0xf', '0x91'], 54.1, '2025-08-22 12:05:58.326344']
['UID: ', ['0x4', '0xd3', '0xad', '0xba', '0xa3', '0xf', '0x90'], 54.1, '2025-08-22 12:58:58.070385']
['UID: ', ['0x4', '0xd3', '0xad', '0xba', '0xa3', '0xf', '0x90'], 54.1, '2025-08-22 13:21:02.248420']
['UID: ', ['0x4', '0x91', '0x25', '0xba', '0xa3', '0xf', '0x90'], 54.6, '2025-08-22 13:35:30.623485']
['UID: ', ['0x4', '0x25', '0xed', '0xba', '0xa3', '0xf', '0x91'], 55.1, '2025-08-22 13:35:51.607045']
['UID: ', ['0x4', '0x74', '0xfc', '0xba', '0xa3', '0xf', '0x90'], 54.1, '2025-08-22 13:36:25.642868']
['UID: ', ['0x4', '0x82', '0xd8', '0xba', '0xa3', '0xf', '0x90'], 54.1, '2025-08-22 13:36:32.817600']
['UID: ', ['0x4', '0xa1', '0xe2', '0xba', '0xa3', '0xf', '0x90'], 54.6, '2025-08-22 13:36:41.205338']
['UID: ', ['0x4', '0xfc', '0xe5', '0xba', '0xa3', '0xf', '0x90'], 54.1, '2025-08-22 13:36:44.094589']
['UID: ', ['0x4', '0x2c', '0xf0', '0xba', '0xa3', '0xf', '0x91'], 54.1, '2025-08-22 13:37:04.743461']
['UID: ', ['0x4', '0xfb', '0xed', '0xba', '0xa3', '0xf', '0x90'], 54.1, '2025-08-22 13:45:55.462093']
['UID: ', ['0x4', '0x25', '0xed', '0xba', '0xa3', '0xf', '0x91'], 54.1, '2025-08-22 13:54:59.776182']
['UID: ', ['0x4', '0x91', '0x25', '0xba', '0xa3', '0xf', '0x90'], 54.6, '2025-08-22 13:56:05.244274']
['UID: ', ['0x4', '0x82', '0xd8', '0xba', '0xa3', '0xf', '0x90'], 54.1, '2025-08-22 13:57:43.294820']
['UID: ', ['0x4', '0xfc', '0xe5', '0xba', '0xa3', '0xf', '0x90'], 54.1, '2025-08-22 13:58:16.429391']
['UID: ', ['0x4', '0xa1', '0xe2', '0xba', '0xa3', '0xf', '0x90'], 54.1, '2025-08-22 13:58:19.468770']
['UID: ', ['0x4', '0x74', '0xfc', '0xba', '0xa3', '0xf', '0x90'], 54.1, '2025-08-22 13:58:47.480408']
['UID: ', ['0x4', '0x2c', '0xf0', '0xba', '0xa3', '0xf', '0x91'], 54.1, '2025-08-22 13:59:49.118425']
['UID: ', ['0x4', '0xfb', '0xed', '0xba', '0xa3', '0xf', '0x90'], 54.1, '2025-08-22 14:13:44.895229']
['UID: ', ['0x4', '0xd3', '0xad', '0xba', '0xa3', '0xf', '0x90'], 54.1, '2025-08-22 15:16:43.280365']
['UID: ', ['0x4', '0x74', '0xfc', '0xba', '0xa3', '0xf', '0x90'], 54.1, '2025-08-22 15:16:53.471281']
['UID: ', ['0x4', '0x25', '0xed', '0xba', '0xa3', '0xf', '0x91'], 54.6, '2025-08-22 15:17:04.293875']
['UID: ', ['0x4', '0x2c', '0xf0', '0xba', '0xa3', '0xf', '0x91'], 54.6, '2025-08-22 15:17:15.115757']
['UID: ', ['0x4', '0x91', '0x25', '0xba', '0xa3', '0xf', '0x90'], 55.1, '2025-08-22 15:17:29.058061']
['UID: ', ['0x4', '0xa1', '0xe2', '0xba', '0xa3', '0xf', '0x90'], 55.1, '2025-08-22 15:18:00.344699']
['UID: ', ['0x4', '0xfc', '0xe5', '0xba', '0xa3', '0xf', '0x90'], 54.6, '2025-08-22 15:20:53.303617']
['UID: ', ['0x4', '0x82', '0xd8', '0xba', '0xa3', '0xf', '0x90'], 55.1, '2025-08-22 15:20:56.641944']
['UID: ', ['0x4', '0xfb', '0xed', '0xba', '0xa3', '0xf', '0x90'], 55.1, '2025-08-22 15:21:49.476211']
['UID: ', ['0x4', '0x91', '0x25', '0xba', '0xa3', '0xf', '0x90'], 55.1, '2025-08-26 09:37:19.971152']
['UID: ', ['0x4', '0x82', '0xd8', '0xba', '0xa3', '0xf', '0x90'], 56.2, '2025-08-26 11:17:37.163348']
['UID: ', ['0x4', '0x20', '0xa3', '0xba', '0xa3', '0xf', '0x90'], 56.2, '2025-08-26 11:43:34.111365']
['UID: ', ['0x4', '0xfc', '0xe5', '0xba', '0xa3', '0xf', '0x90'], 56.2, '2025-08-26 11:49:25.341783']
['UID: ', ['0x4', '0x74', '0xfc', '0xba', '0xa3', '0xf', '0x90'], 56.2, '2025-08-26 11:52:46.345094']
['UID: ', ['0x4', '0x25', '0xed', '0xba', '0xa3', '0xf', '0x91'], 56.2, '2025-08-26 11:53:52.962804']
['UID: ', ['0x4', '0xa1', '0xe2', '0xba', '0xa3', '0xf', '0x90'], 56.2, '2025-08-26 11:57:43.251110']
['UID: ', ['0x4', '0x2c', '0xf0', '0xba', '0xa3', '0xf', '0x91'], 56.2, '2025-08-26 11:58:59.018975']
['UID: ', ['0x4', '0xd3', '0xad', '0xba', '0xa3', '0xf', '0x90'], 56.2, '2025-08-26 12:02:11.264223']
['UID: ', ['0x4', '0xd3', '0xad', '0xba', '0xa3', '0xf', '0x90'], 56.8, '2025-08-26 13:03:18.123685']
['UID: ', ['0x4', '0x25', '0xed', '0xba', '0xa3', '0xf', '0x91'], 57.3, '2025-08-26 13:23:22.640190']
['UID: ', ['0x4', '0x91', '0x25', '0xba', '0xa3', '0xf', '0x90'], 56.8, '2025-08-26 13:23:25.782469']
['UID: ', ['0x4', '0xd3', '0xad', '0xba', '0xa3', '0xf', '0x90'], 56.8, '2025-08-26 13:24:39.728642']
['UID: ', ['0x4', '0x74', '0xfc', '0xba', '0xa3', '0xf', '0x90'], 57.3, '2025-08-26 13:31:06.856471']
['UID: ', ['0x4', '0x20', '0xa3', '0xba', '0xa3', '0xf', '0x90'], 57.3, '2025-08-26 13:32:36.050109']
['UID: ', ['0x4', '0xa1', '0xe2', '0xba', '0xa3', '0xf', '0x90'], 56.2, '2025-08-26 13:32:51.750172']
['UID: ', ['0x4', '0x82', '0xd8', '0xba', '0xa3', '0xf', '0x90'], 56.2, '2025-08-26 13:33:23.654885']
['UID: ', ['0x4', '0xfc', '0xe5', '0xba', '0xa3', '0xf', '0x90'], 57.3, '2025-08-26 13:33:25.706327']
['UID: ', ['0x4', '0x2c', '0xf0', '0xba', '0xa3', '0xf', '0x91'], 57.3, '2025-08-26 13:33:56.598904']
['UID: ', ['0x4', '0x91', '0x25', '0xba', '0xa3', '0xf', '0x90'], 56.8, '2025-08-26 13:41:22.933152']
['UID: ', ['0x4', '0x25', '0xed', '0xba', '0xa3', '0xf', '0x91'], 57.3, '2025-08-26 13:42:45.286768']
['UID: ', ['0x4', '0x74', '0xfc', '0xba', '0xa3', '0xf', '0x90'], 57.3, '2025-08-26 13:51:36.210758']
['UID: ', ['0x4', '0x2c', '0xf0', '0xba', '0xa3', '0xf', '0x91'], 56.2, '2025-08-26 13:52:20.020370']
['UID: ', ['0x4', '0x20', '0xa3', '0xba', '0xa3', '0xf', '0x90'], 56.8, '2025-08-26 13:53:21.310620']
['UID: ', ['0x4', '0xa1', '0xe2', '0xba', '0xa3', '0xf', '0x90'], 56.8, '2025-08-26 13:55:39.503584']
['UID: ', ['0x4', '0x82', '0xd8', '0xba', '0xa3', '0xf', '0x90'], 57.3, '2025-08-26 13:56:24.203683']
['UID: ', ['0x4', '0xfc', '0xe5', '0xba', '0xa3', '0xf', '0x90'], 57.3, '2025-08-26 13:56:26.404057']
['UID: ', ['0x4', '0x74', '0xfc', '0xba', '0xa3', '0xf', '0x90'], 56.8, '2025-08-26 14:45:26.708436']
['UID: ', ['0x4', '0x82', '0xd8', '0xba', '0xa3', '0xf', '0x90'], 57.3, '2025-08-26 14:45:31.971139']
['UID: ', ['0x4', '0xfc', '0xe5', '0xba', '0xa3', '0xf', '0x90'], 57.3, '2025-08-26 14:45:35.683396']
['UID: ', ['0x4', '0x20', '0xa3', '0xba', '0xa3', '0xf', '0x90'], 57.3, '2025-08-26 14:45:42.809734']
['UID: ', ['0x4', '0x25', '0xed', '0xba', '0xa3', '0xf', '0x91'], 57.3, '2025-08-26 14:45:46.497737']
['UID: ', ['0x4', '0xa1', '0xe2', '0xba', '0xa3', '0xf', '0x90'], 57.3, '2025-08-26 14:46:48.398113']
['UID: ', ['0x4', '0x2c', '0xf0', '0xba', '0xa3', '0xf', '0x91'], 57.3, '2025-08-26 14:53:34.382726']
['UID: ', ['0x4', '0xd3', '0xad', '0xba', '0xa3', '0xf', '0x90'], 56.8, '2025-08-26 14:53:39.612805']
['UID: ', ['0x4', '0x91', '0x25', '0xba', '0xa3', '0xf', '0x90'], 57.3, '2025-08-26 15:12:11.603023']
['UID: ', ['0x4', '0x91', '0x25', '0xba', '0xa3', '0xf', '0x90'], 56.8, '2025-08-26 15:14:30.354778']
['UID: ', ['0x4', '0x91', '0x25', '0xba', '0xa3', '0xf', '0x90'], 56.8, '2025-08-26 16:47:09.689072']
['UID: ', ['0x4', '0x91', '0x25', '0xba', '0xa3', '0xf', '0x90'], 55.1, '2025-08-27 10:19:14.889935']
['UID: ', ['0x4', '0x82', '0xd8', '0xba', '0xa3', '0xf', '0x90'], 55.1, '2025-08-27 11:00:34.082754']
['UID: ', ['0x4', '0xfc', '0xe5', '0xba', '0xa3', '0xf', '0x90'], 55.1, '2025-08-27 11:14:50.165839']
['UID: ', ['0x4', '0x74', '0xfc', '0xba', '0xa3', '0xf', '0x90'], 55.7, '2025-08-27 11:19:00.469391']
['UID: ', ['0x4', '0x25', '0xed', '0xba', '0xa3', '0xf', '0x91'], 55.7, '2025-08-27 11:21:17.083775']
['UID: ', ['0x4', '0x20', '0xa3', '0xba', '0xa3', '0xf', '0x90'], 55.7, '2025-08-27 11:25:45.097508']
['UID: ', ['0x4', '0xa1', '0xe2', '0xba', '0xa3', '0xf', '0x90'], 55.7, '2025-08-27 11:25:49.023390']
['UID: ', ['0x4', '0xd3', '0xad', '0xba', '0xa3', '0xf', '0x90'], 55.7, '2025-08-27 11:33:21.382234']
['UID: ', ['0x4', '0x2c', '0xf0', '0xba', '0xa3', '0xf', '0x91'], 55.1, '2025-08-27 11:35:41.991266']
['UID: ', ['0x4', '0xd3', '0xad', '0xba', '0xa3', '0xf', '0x90'], 55.7, '2025-08-27 12:55:32.361006']
['UID: ', ['0x4', '0xd3', '0xad', '0xba', '0xa3', '0xf', '0x90'], 56.2, '2025-08-27 13:21:52.859608']
['UID: ', ['0x4', '0x25', '0xed', '0xba', '0xa3', '0xf', '0x91'], 56.2, '2025-08-27 13:32:57.915892']
['UID: ', ['0x4', '0x2c', '0xf0', '0xba', '0xa3', '0xf', '0x91'], 56.2, '2025-08-27 13:33:30.659091']
['UID: ', ['0x4', '0x74', '0xfc', '0xba', '0xa3', '0xf', '0x90'], 56.2, '2025-08-27 13:33:53.689777']
['UID: ', ['0x4', '0xfc', '0xe5', '0xba', '0xa3', '0xf', '0x90'], 56.2, '2025-08-27 13:34:38.482898']
['UID: ', ['0x4', '0x82', '0xd8', '0xba', '0xa3', '0xf', '0x90'], 56.2, '2025-08-27 13:34:41.656110']
['UID: ', ['0x4', '0xa1', '0xe2', '0xba', '0xa3', '0xf', '0x90'], 56.2, '2025-08-27 13:34:53.853003']
['UID: ', ['0x4', '0x20', '0xa3', '0xba', '0xa3', '0xf', '0x90'], 56.2, '2025-08-27 13:35:01.301770']
['UID: ', ['0x4', '0x91', '0x25', '0xba', '0xa3', '0xf', '0x90'], 56.2, '2025-08-27 13:36:13.262320']
['UID: ', ['0x4', '0x25', '0xed', '0xba', '0xa3', '0xf', '0x91'], 56.2, '2025-08-27 13:52:10.020434']
['UID: ', ['0x4', '0x91', '0x25', '0xba', '0xa3', '0xf', '0x90'], 56.2, '2025-08-27 13:53:29.956664']
['UID: ', ['0x4', '0x74', '0xfc', '0xba', '0xa3', '0xf', '0x90'], 56.2, '2025-08-27 13:54:00.708016']
['UID: ', ['0x4', '0x2c', '0xf0', '0xba', '0xa3', '0xf', '0x91'], 56.2, '2025-08-27 13:54:28.189293']
['UID: ', ['0x4', '0xfc', '0xe5', '0xba', '0xa3', '0xf', '0x90'], 56.2, '2025-08-27 13:56:06.140499']
['UID: ', ['0x4', '0xa1', '0xe2', '0xba', '0xa3', '0xf', '0x90'], 56.2, '2025-08-27 13:56:08.263227']
['UID: ', ['0x4', '0x82', '0xd8', '0xba', '0xa3', '0xf', '0x90'], 56.2, '2025-08-27 13:56:11.166415']
['UID: ', ['0x4', '0x20', '0xa3', '0xba', '0xa3', '0xf', '0x90'], 56.8, '2025-08-27 13:57:01.073256']
['UID: ', ['0x4', '0x91', '0x25', '0xba', '0xa3', '0xf', '0x90'], 55.1, '2025-08-27 16:29:38.352431']
['UID: ', ['0x4', '0xd3', '0xad', '0xba', '0xa3', '0xf', '0x90'], 55.1, '2025-08-27 17:58:21.327661']
['UID: ', ['0x4', '0x2c', '0xf0', '0xba', '0xa3', '0xf', '0x91'], 55.7, '2025-08-27 17:58:25.957367']
['UID: ', ['0x4', '0x25', '0xed', '0xba', '0xa3', '0xf', '0x91'], 55.1, '2025-08-27 17:58:33.871393']
['UID: ', ['0x4', '0x74', '0xfc', '0xba', '0xa3', '0xf', '0x90'], 55.1, '2025-08-27 17:58:39.800846']
['UID: ', ['0x4', '0x20', '0xa3', '0xba', '0xa3', '0xf', '0x90'], 55.1, '2025-08-27 17:59:25.218073']
['UID: ', ['0x4', '0x82', '0xd8', '0xba', '0xa3', '0xf', '0x90'], 55.1, '2025-08-27 18:00:04.879419']
['UID: ', ['0x4', '0xfc', '0xe5', '0xba', '0xa3', '0xf', '0x90'], 55.1, '2025-08-27 18:00:12.006227']
['UID: ', ['0x4', '0xa1', '0xe2', '0xba', '0xa3', '0xf', '0x90'], 55.1, '2025-08-27 18:00:24.084759']
['UID: ', ['0x4', '0x91', '0x25', '0xba', '0xa3', '0xf', '0x90'], 54.1, '2025-08-28 09:40:44.396016']
['UID: ', ['0x4', '0x82', '0xd8', '0xba', '0xa3', '0xf', '0x90'], 54.6, '2025-08-28 10:29:10.973186']
['UID: ', ['0x4', '0xa1', '0xe2', '0xba', '0xa3', '0xf', '0x90'], 54.6, '2025-08-28 10:55:50.494573']
['UID: ', ['0x4', '0x20', '0xa3', '0xba', '0xa3', '0xf', '0x90'], 54.6, '2025-08-28 11:06:44.012546']
['UID: ', ['0x4', '0x74', '0xfc', '0xba', '0xa3', '0xf', '0x90'], 54.1, '2025-08-28 11:17:04.762645']
['UID: ', ['0x4', '0x25', '0xed', '0xba', '0xa3', '0xf', '0x91'], 54.6, '2025-08-28 11:20:54.386686']
['UID: ', ['0x4', '0x2c', '0xf0', '0xba', '0xa3', '0xf', '0x91'], 54.1, '2025-08-28 11:34:27.436719']
['UID: ', ['0x4', '0xd3', '0xad', '0xba', '0xa3', '0xf', '0x90'], 54.1, '2025-08-28 11:34:35.997683']
['UID: ', ['0x4', '0xd3', '0xad', '0xba', '0xa3', '0xf', '0x90'], 55.7, '2025-08-28 12:55:21.812453']
['UID: ', ['0x4', '0x91', '0x25', '0xba', '0xa3', '0xf', '0x90'], 55.7, '2025-08-28 13:10:39.256206']
['UID: ', ['0x4', '0xd3', '0xad', '0xba', '0xa3', '0xf', '0x90'], 55.7, '2025-08-28 13:21:19.262554']
['UID: ', ['0x4', '0x20', '0xa3', '0xba', '0xa3', '0xf', '0x90'], 55.1, '2025-08-28 13:31:30.078772']
['UID: ', ['0x4', '0x25', '0xed', '0xba', '0xa3', '0xf', '0x91'], 55.7, '2025-08-28 13:31:36.146233']
['UID: ', ['0x4', '0x74', '0xfc', '0xba', '0xa3', '0xf', '0x90'], 55.1, '2025-08-28 13:31:47.264053']
['UID: ', ['0x4', '0xa1', '0xe2', '0xba', '0xa3', '0xf', '0x90'], 55.7, '2025-08-28 13:31:54.124979']
['UID: ', ['0x4', '0x91', '0x25', '0xba', '0xa3', '0xf', '0x90'], 55.7, '2025-08-28 13:32:31.550160']
['UID: ', ['0x4', '0x82', '0xd8', '0xba', '0xa3', '0xf', '0x90'], 55.7, '2025-08-28 13:32:49.335596']
['UID: ', ['0x4', '0x2c', '0xf0', '0xba', '0xa3', '0xf', '0x91'], 55.1, '2025-08-28 13:33:01.704605']
['UID: ', ['0x4', '0x25', '0xed', '0xba', '0xa3', '0xf', '0x91'], 55.7, '2025-08-28 13:49:06.789000']
['UID: ', ['0x4', '0x74', '0xfc', '0xba', '0xa3', '0xf', '0x90'], 55.1, '2025-08-28 13:49:32.458650']
['UID: ', ['0x4', '0x20', '0xa3', '0xba', '0xa3', '0xf', '0x90'], 55.7, '2025-08-28 13:54:08.142902']
['UID: ', ['0x4', '0x82', '0xd8', '0xba', '0xa3', '0xf', '0x90'], 55.7, '2025-08-28 13:54:48.094263']
['UID: ', ['0x4', '0xa1', '0xe2', '0xba', '0xa3', '0xf', '0x90'], 55.1, '2025-08-28 13:54:50.453765']
['UID: ', ['0x4', '0x2c', '0xf0', '0xba', '0xa3', '0xf', '0x91'], 55.7, '2025-08-28 13:56:49.900957']
['UID: ', ['0x4', '0x91', '0x25', '0xba', '0xa3', '0xf', '0x90'], 55.1, '2025-08-28 17:03:43.140755']
['UID: ', ['0x4', '0x2c', '0xf0', '0xba', '0xa3', '0xf', '0x91'], 55.1, '2025-08-28 17:22:56.996038']
['UID: ', ['0x4', '0xa1', '0xe2', '0xba', '0xa3', '0xf', '0x90'], 55.1, '2025-08-28 17:23:03.432226']
['UID: ', ['0x4', '0x82', '0xd8', '0xba', '0xa3', '0xf', '0x90'], 55.7, '2025-08-28 17:23:07.028713']
['UID: ', ['0x4', '0x74', '0xfc', '0xba', '0xa3', '0xf', '0x90'], 55.7, '2025-08-28 17:23:16.245067']
['UID: ', ['0x4', '0x20', '0xa3', '0xba', '0xa3', '0xf', '0x90'], 55.1, '2025-08-28 17:23:31.807002']
['UID: ', ['0x4', '0x25', '0xed', '0xba', '0xa3', '0xf', '0x91'], 55.1, '2025-08-28 17:23:36.554517']
['UID: ', ['0x4', '0xd3', '0xad', '0xba', '0xa3', '0xf', '0x90'], 55.1, '2025-08-28 17:23:42.453060']
['UID: ', ['0x4', '0x91', '0x25', '0xba', '0xa3', '0xf', '0x90'], 53.5, '2025-08-29 09:59:40.925640']
['UID: ', ['0x4', '0x82', '0xd8', '0xba', '0xa3', '0xf', '0x90'], 53.5, '2025-08-29 10:35:33.136400']
['UID: ', ['0x4', '0xfc', '0xe5', '0xba', '0xa3', '0xf', '0x90'], 54.1, '2025-08-29 11:18:58.109954']
['UID: ', ['0x4', '0xa1', '0xe2', '0xba', '0xa3', '0xf', '0x90'], 54.6, '2025-08-29 11:24:01.179697']
['UID: ', ['0x4', '0x25', '0xed', '0xba', '0xa3', '0xf', '0x91'], 54.6, '2025-08-29 11:25:15.744083']
['UID: ', ['0x4', '0xd3', '0xad', '0xba', '0xa3', '0xf', '0x90'], 54.6, '2025-08-29 11:38:27.066004']
['UID: ', ['0x4', '0xd3', '0xad', '0xba', '0xa3', '0xf', '0x90'], 55.1, '2025-08-29 12:57:19.070728']
['UID: ', ['0x4', '0xd3', '0xad', '0xba', '0xa3', '0xf', '0x90'], 55.1, '2025-08-29 13:23:32.064717']
['UID: ', ['0x4', '0x25', '0xed', '0xba', '0xa3', '0xf', '0x91'], 55.1, '2025-08-29 13:30:57.383199']
['UID: ', ['0x4', '0xa1', '0xe2', '0xba', '0xa3', '0xf', '0x90'], 55.1, '2025-08-29 13:32:39.920223']
['UID: ', ['0x4', '0xfc', '0xe5', '0xba', '0xa3', '0xf', '0x90'], 55.1, '2025-08-29 13:32:42.346473']
['UID: ', ['0x4', '0x82', '0xd8', '0xba', '0xa3', '0xf', '0x90'], 54.1, '2025-08-29 13:32:44.676719']
['UID: ', ['0x4', '0x91', '0x25', '0xba', '0xa3', '0xf', '0x90'], 55.1, '2025-08-29 13:33:29.560973']
['UID: ', ['0x4', '0x25', '0xed', '0xba', '0xa3', '0xf', '0x91'], 55.1, '2025-08-29 13:49:33.207589']
['UID: ', ['0x4', '0xfc', '0xe5', '0xba', '0xa3', '0xf', '0x90'], 54.6, '2025-08-29 13:55:55.173059']
['UID: ', ['0x4', '0x82', '0xd8', '0xba', '0xa3', '0xf', '0x90'], 55.1, '2025-08-29 13:55:58.954755']
['UID: ', ['0x4', '0xa1', '0xe2', '0xba', '0xa3', '0xf', '0x90'], 55.1, '2025-08-29 13:56:01.401681']
['UID: ', ['0x4', '0x91', '0x25', '0xba', '0xa3', '0xf', '0x90'], 55.1, '2025-08-29 14:04:03.377427']
['UID: ', ['0x4', '0x91', '0x25', '0xba', '0xa3', '0xf', '0x90'], 55.1, '2025-08-29 14:59:44.047821']
['UID: ', ['0x4', '0x25', '0xed', '0xba', '0xa3', '0xf', '0x91'], 55.1, '2025-08-29 15:10:23.789941']
['UID: ', ['0x4', '0xd3', '0xad', '0xba', '0xa3', '0xf', '0x90'], 55.1, '2025-08-29 18:18:13.000323']
['UID: ', ['0x4', '0xfc', '0xe5', '0xba', '0xa3', '0xf', '0x90'], 55.1, '2025-08-29 18:27:29.229109']
['UID: ', ['0x4', '0x82', '0xd8', '0xba', '0xa3', '0xf', '0x90'], 55.7, '2025-08-29 18:34:30.937533']
['UID: ', ['0x4', '0xa1', '0xe2', '0xba', '0xa3', '0xf', '0x90'], 55.7, '2025-08-29 18:34:33.761447']
['UID: ', ['0x4', '0x91', '0x25', '0xba', '0xa3', '0xf', '0x90'], 54.1, '2025-09-01 09:42:38.351966']
['UID: ', ['0x4', '0x2c', '0xf0', '0xba', '0xa3', '0xf', '0x91'], 53.5, '2025-09-01 11:04:22.766027']
['UID: ', ['0x4', '0xfc', '0xe5', '0xba', '0xa3', '0xf', '0x90'], 54.1, '2025-09-01 11:09:00.634361']
['UID: ', ['0x4', '0x82', '0xd8', '0xba', '0xa3', '0xf', '0x90'], 53.5, '2025-09-01 11:09:04.615984']
['UID: ', ['0x4', '0x74', '0xfc', '0xba', '0xa3', '0xf', '0x90'], 54.1, '2025-09-01 11:15:04.804556']
['UID: ', ['0x4', '0xa1', '0xe2', '0xba', '0xa3', '0xf', '0x90'], 54.1, '2025-09-01 11:24:00.200585']
['UID: ', ['0x4', '0x20', '0xa3', '0xba', '0xa3', '0xf', '0x90'], 54.1, '2025-09-01 11:25:09.800829']
['UID: ', ['0x4', '0xd3', '0xad', '0xba', '0xa3', '0xf', '0x90'], 54.1, '2025-09-01 11:32:08.102455']
['UID: ', ['0x4', '0xd3', '0xad', '0xba', '0xa3', '0xf', '0x90'], 53.5, '2025-09-01 12:59:00.746671']
['UID: ', ['0x4', '0x91', '0x25', '0xba', '0xa3', '0xf', '0x90'], 54.1, '2025-09-01 13:08:55.688465']
['UID: ', ['0x4', '0xd3', '0xad', '0xba', '0xa3', '0xf', '0x90'], 54.1, '2025-09-01 13:24:40.647968']
['UID: ', ['0x4', '0x20', '0xa3', '0xba', '0xa3', '0xf', '0x90'], 54.1, '2025-09-01 13:31:51.632779']
['UID: ', ['0x4', '0x91', '0x25', '0xba', '0xa3', '0xf', '0x90'], 53.5, '2025-09-01 13:31:57.143873']
['UID: ', ['0x4', '0x82', '0xd8', '0xba', '0xa3', '0xf', '0x90'], 54.1, '2025-09-01 13:33:35.753744']
['UID: ', ['0x4', '0xa1', '0xe2', '0xba', '0xa3', '0xf', '0x90'], 53.5, '2025-09-01 13:33:38.444572']
['UID: ', ['0x4', '0xfc', '0xe5', '0xba', '0xa3', '0xf', '0x90'], 54.1, '2025-09-01 13:33:40.661679']
['UID: ', ['0x4', '0x2c', '0xf0', '0xba', '0xa3', '0xf', '0x91'], 54.1, '2025-09-01 13:34:12.312745']
['UID: ', ['0x4', '0x74', '0xfc', '0xba', '0xa3', '0xf', '0x90'], 54.1, '2025-09-01 13:34:23.773356']
['UID: ', ['0x4', '0x74', '0xfc', '0xba', '0xa3', '0xf', '0x90'], 54.1, '2025-09-01 13:51:28.265208']
['UID: ', ['0x4', '0x20', '0xa3', '0xba', '0xa3', '0xf', '0x90'], 54.1, '2025-09-01 13:54:57.217881']
['UID: ', ['0x4', '0x2c', '0xf0', '0xba', '0xa3', '0xf', '0x91'], 54.1, '2025-09-01 13:55:52.634145']
['UID: ', ['0x4', '0xfc', '0xe5', '0xba', '0xa3', '0xf', '0x90'], 54.1, '2025-09-01 13:56:24.999140']
['UID: ', ['0x4', '0xa1', '0xe2', '0xba', '0xa3', '0xf', '0x90'], 54.1, '2025-09-01 13:57:17.514799']
['UID: ', ['0x4', '0x82', '0xd8', '0xba', '0xa3', '0xf', '0x90'], 54.1, '2025-09-01 13:57:21.770769']
['UID: ', ['0x4', '0x91', '0x25', '0xba', '0xa3', '0xf', '0x90'], 54.6, '2025-09-01 17:06:14.446551']
['UID: ', ['0x4', '0xd3', '0xad', '0xba', '0xa3', '0xf', '0x90'], 53.5, '2025-09-01 18:04:20.406327']
['UID: ', ['0x4', '0x2c', '0xf0', '0xba', '0xa3', '0xf', '0x91'], 54.1, '2025-09-01 18:04:27.293861']
['UID: ', ['0x4', '0x74', '0xfc', '0xba', '0xa3', '0xf', '0x90'], 54.1, '2025-09-01 18:04:48.476844']
['UID: ', ['0x4', '0x82', '0xd8', '0xba', '0xa3', '0xf', '0x90'], 54.1, '2025-09-01 18:04:55.153911']
['UID: ', ['0x4', '0xfc', '0xe5', '0xba', '0xa3', '0xf', '0x90'], 53.5, '2025-09-01 18:05:04.091022']
['UID: ', ['0x4', '0xa1', '0xe2', '0xba', '0xa3', '0xf', '0x90'], 54.1, '2025-09-01 18:05:06.338902']
['UID: ', ['0x4', '0x20', '0xa3', '0xba', '0xa3', '0xf', '0x90'], 54.1, '2025-09-01 18:05:22.617468']
['UID: ', ['0x4', '0x91', '0x25', '0xba', '0xa3', '0xf', '0x90'], 53.5, '2025-09-02 09:40:36.495164']
['UID: ', ['0x4', '0xfc', '0xe5', '0xba', '0xa3', '0xf', '0x90'], 53.5, '2025-09-02 11:08:06.977893']
['UID: ', ['0x4', '0x82', '0xd8', '0xba', '0xa3', '0xf', '0x90'], 53.0, '2025-09-02 11:08:09.652549']
['UID: ', ['0x4', '0x74', '0xfc', '0xba', '0xa3', '0xf', '0x90'], 53.0, '2025-09-02 11:18:24.091697']
['UID: ', ['0x4', '0x20', '0xa3', '0xba', '0xa3', '0xf', '0x90'], 53.5, '2025-09-02 11:32:44.679235']
['UID: ', ['0x4', '0xd3', '0xad', '0xba', '0xa3', '0xf', '0x90'], 53.0, '2025-09-02 11:35:26.036980']
['UID: ', ['0x4', '0x2c', '0xf0', '0xba', '0xa3', '0xf', '0x91'], 53.5, '2025-09-02 11:41:01.113188']
['UID: ', ['0x4', '0x91', '0x25', '0xba', '0xa3', '0xf', '0x90'], 54.1, '2025-09-02 13:30:36.540383']
['UID: ', ['0x4', '0x82', '0xd8', '0xba', '0xa3', '0xf', '0x90'], 54.1, '2025-09-02 13:31:21.207309']
['UID: ', ['0x4', '0xfc', '0xe5', '0xba', '0xa3', '0xf', '0x90'], 54.1, '2025-09-02 13:31:23.361592']
['UID: ', ['0x4', '0x74', '0xfc', '0xba', '0xa3', '0xf', '0x90'], 54.1, '2025-09-02 13:31:37.421950']
['UID: ', ['0x4', '0x20', '0xa3', '0xba', '0xa3', '0xf', '0x90'], 54.1, '2025-09-02 13:31:48.726038']
['UID: ', ['0x4', '0x2c', '0xf0', '0xba', '0xa3', '0xf', '0x91'], 54.1, '2025-09-02 13:32:23.754261']
['UID: ', ['0x4', '0x74', '0xfc', '0xba', '0xa3', '0xf', '0x90'], 54.6, '2025-09-02 13:49:03.598289']
['UID: ', ['0x4', '0x91', '0x25', '0xba', '0xa3', '0xf', '0x90'], 54.1, '2025-09-02 13:49:20.420812']
['UID: ', ['0x4', '0xfc', '0xe5', '0xba', '0xa3', '0xf', '0x90'], 54.6, '2025-09-02 13:50:31.718539']
['UID: ', ['0x4', '0x82', '0xd8', '0xba', '0xa3', '0xf', '0x90'], 54.1, '2025-09-02 13:50:34.651167']
['UID: ', ['0x4', '0x20', '0xa3', '0xba', '0xa3', '0xf', '0x90'], 54.1, '2025-09-02 13:50:42.113871']
['UID: ', ['0x4', '0x20', '0xa3', '0xba', '0xa3', '0xf', '0x90'], 54.6, '2025-09-02 13:52:36.368983']
['UID: ', ['0x4', '0x2c', '0xf0', '0xba', '0xa3', '0xf', '0x91'], 54.1, '2025-09-02 13:53:45.490224']
['UID: ', ['0x4', '0xd3', '0xad', '0xba', '0xa3', '0xf', '0x90'], 54.1, '2025-09-02 14:04:33.797088']
['UID: ', ['0x4', '0xd3', '0xad', '0xba', '0xa3', '0xf', '0x90'], 54.1, '2025-09-02 14:25:20.305519']
['UID: ', ['0x4', '0x82', '0xd8', '0xba', '0xa3', '0xf', '0x90'], 54.1, '2025-09-02 16:29:48.977099']
['UID: ', ['0x4', '0x74', '0xfc', '0xba', '0xa3', '0xf', '0x90'], 54.6, '2025-09-02 16:29:57.587251']
['UID: ', ['0x4', '0xfc', '0xe5', '0xba', '0xa3', '0xf', '0x90'], 54.1, '2025-09-02 16:30:03.629940']
['UID: ', ['0x4', '0x91', '0x25', '0xba', '0xa3', '0xf', '0x90'], 55.1, '2025-09-02 16:32:10.635178']
['UID: ', ['0x4', '0x20', '0xa3', '0xba', '0xa3', '0xf', '0x90'], 55.1, '2025-09-02 16:32:25.587003']
['UID: ', ['0x4', '0x2c', '0xf0', '0xba', '0xa3', '0xf', '0x91'], 55.1, '2025-09-02 16:32:31.001940']
['UID: ', ['0x4', '0xd3', '0xad', '0xba', '0xa3', '0xf', '0x90'], 55.1, '2025-09-02 16:32:43.717396']
['UID: ', ['0x4', '0x91', '0x25', '0xba', '0xa3', '0xf', '0x90'], 53.5, '2025-09-03 09:39:08.604133']
['UID: ', ['0x4', '0x74', '0xfc', '0xba', '0xa3', '0xf', '0x90'], 54.1, '2025-09-03 09:48:43.213708']
['UID: ', ['0x4', '0x82', '0xd8', '0xba', '0xa3', '0xf', '0x90'], 53.5, '2025-09-03 09:50:01.426637']
['UID: ', ['0x4', '0x2c', '0xf0', '0xba', '0xa3', '0xf', '0x91'], 53.5, '2025-09-03 09:57:02.274903']
['UID: ', ['0x4', '0x20', '0xa3', '0xba', '0xa3', '0xf', '0x90'], 54.1, '2025-09-03 10:00:01.254696']
['UID: ', ['0x4', '0xd3', '0xad', '0xba', '0xa3', '0xf', '0x90'], 54.1, '2025-09-03 10:02:25.763028']
['UID: ', ['0x4', '0xa1', '0xe2', '0xba', '0xa3', '0xf', '0x90'], 54.1, '2025-09-03 10:28:34.550977']
['UID: ', ['0x4', '0xfc', '0xe5', '0xba', '0xa3', '0xf', '0x90'], 54.1, '2025-09-03 10:42:38.362051']
['UID: ', ['0x4', '0xd3', '0xad', '0xba', '0xa3', '0xf', '0x90'], 55.1, '2025-09-03 12:00:49.190356']
['UID: ', ['0x4', '0xd3', '0xad', '0xba', '0xa3', '0xf', '0x90'], 54.6, '2025-09-03 12:23:47.186744']
['UID: ', ['0x4', '0x91', '0x25', '0xba', '0xa3', '0xf', '0x90'], 54.1, '2025-09-03 13:01:29.948910']
['UID: ', ['0x4', '0x20', '0xa3', '0xba', '0xa3', '0xf', '0x90'], 54.6, '2025-09-03 13:01:56.211395']
['UID: ', ['0x4', '0xfc', '0xe5', '0xba', '0xa3', '0xf', '0x90'], 55.1, '2025-09-03 13:02:19.577972']
['UID: ', ['0x4', '0x74', '0xfc', '0xba', '0xa3', '0xf', '0x90'], 55.1, '2025-09-03 13:02:51.947757']
['UID: ', ['0x4', '0x2c', '0xf0', '0xba', '0xa3', '0xf', '0x91'], 54.1, '2025-09-03 13:04:37.229408']
['UID: ', ['0x4', '0x82', '0xd8', '0xba', '0xa3', '0xf', '0x90'], 55.1, '2025-09-03 13:04:49.941571']
['UID: ', ['0x4', '0xa1', '0xe2', '0xba', '0xa3', '0xf', '0x90'], 54.6, '2025-09-03 13:06:06.758528']
['UID: ', ['0x4', '0x2c', '0xf0', '0xba', '0xa3', '0xf', '0x91'], 55.1, '2025-09-03 13:20:32.588587']
['UID: ', ['0x4', '0x91', '0x25', '0xba', '0xa3', '0xf', '0x90'], 54.6, '2025-09-03 13:22:15.762538']
['UID: ', ['0x4', '0x74', '0xfc', '0xba', '0xa3', '0xf', '0x90'], 54.6, '2025-09-03 13:23:47.549594']
['UID: ', ['0x4', '0xfc', '0xe5', '0xba', '0xa3', '0xf', '0x90'], 54.6, '2025-09-03 13:29:00.227254']
['UID: ', ['0x4', '0xa1', '0xe2', '0xba', '0xa3', '0xf', '0x90'], 54.1, '2025-09-03 13:29:14.189458']
['UID: ', ['0x4', '0x82', '0xd8', '0xba', '0xa3', '0xf', '0x90'], 54.1, '2025-09-03 13:29:30.659582']
['UID: ', ['0x4', '0x20', '0xa3', '0xba', '0xa3', '0xf', '0x90'], 54.1, '2025-09-03 13:29:41.260229']
['UID: ', ['0x4', '0x91', '0x25', '0xba', '0xa3', '0xf', '0x90'], 55.1, '2025-09-03 16:26:41.308865']
['UID: ', ['0x4', '0x74', '0xfc', '0xba', '0xa3', '0xf', '0x90'], 55.1, '2025-09-03 16:34:57.988861']
['UID: ', ['0x4', '0x82', '0xd8', '0xba', '0xa3', '0xf', '0x90'], 55.1, '2025-09-03 16:35:32.623790']
['UID: ', ['0x4', '0xd3', '0xad', '0xba', '0xa3', '0xf', '0x90'], 55.1, '2025-09-03 16:36:34.392042']
['UID: ', ['0x4', '0xfc', '0xe5', '0xba', '0xa3', '0xf', '0x90'], 55.1, '2025-09-03 16:36:39.136342']
['UID: ', ['0x4', '0x2c', '0xf0', '0xba', '0xa3', '0xf', '0x91'], 55.1, '2025-09-03 16:36:45.212751']
['UID: ', ['0x4', '0x20', '0xa3', '0xba', '0xa3', '0xf', '0x90'], 55.7, '2025-09-03 16:36:50.410900']
['UID: ', ['0x4', '0xa1', '0xe2', '0xba', '0xa3', '0xf', '0x90'], 55.1, '2025-09-03 16:36:54.822730']
['UID: ', ['0x4', '0xfc', '0xe5', '0xba', '0xa3', '0xf', '0x90'], 53.5, '2025-09-04 11:14:43.970379']
['UID: ', ['0x4', '0x82', '0xd8', '0xba', '0xa3', '0xf', '0x90'], 53.0, '2025-09-04 11:14:47.307024']
['UID: ', ['0x4', '0xa1', '0xe2', '0xba', '0xa3', '0xf', '0x90'], 53.0, '2025-09-04 11:25:33.280163']
['UID: ', ['0x4', '0x74', '0xfc', '0xba', '0xa3', '0xf', '0x90'], 53.0, '2025-09-04 11:29:09.285390']
['UID: ', ['0x4', '0x2c', '0xf0', '0xba', '0xa3', '0xf', '0x91'], 53.0, '2025-09-04 11:33:02.796799']
['UID: ', ['0x4', '0xd3', '0xad', '0xba', '0xa3', '0xf', '0x90'], 53.5, '2025-09-04 11:33:16.756408']
['UID: ', ['0x4', '0x20', '0xa3', '0xba', '0xa3', '0xf', '0x90'], 53.0, '2025-09-04 11:39:15.519130']
['UID: ', ['0x4', '0xd3', '0xad', '0xba', '0xa3', '0xf', '0x90'], 54.1, '2025-09-04 12:58:04.124383']
['UID: ', ['0x4', '0x2c', '0xf0', '0xba', '0xa3', '0xf', '0x91'], 53.5, '2025-09-04 13:08:57.382505']
['UID: ', ['0x4', '0xa1', '0xe2', '0xba', '0xa3', '0xf', '0x90'], 54.1, '2025-09-04 13:09:21.136134']
['UID: ', ['0x4', '0x74', '0xfc', '0xba', '0xa3', '0xf', '0x90'], 53.5, '2025-09-04 13:09:27.245903']
['UID: ', ['0x4', '0xfc', '0xe5', '0xba', '0xa3', '0xf', '0x90'], 54.1, '2025-09-04 13:09:33.218529']
['UID: ', ['0x4', '0x82', '0xd8', '0xba', '0xa3', '0xf', '0x90'], 53.5, '2025-09-04 13:09:35.463786']
['UID: ', ['0x4', '0x20', '0xa3', '0xba', '0xa3', '0xf', '0x90'], 53.0, '2025-09-04 13:09:37.509359']
['UID: ', ['0x4', '0xd3', '0xad', '0xba', '0xa3', '0xf', '0x90'], 54.1, '2025-09-04 13:22:40.151534']
['UID: ', ['0x4', '0x2c', '0xf0', '0xba', '0xa3', '0xf', '0x91'], 54.1, '2025-09-04 13:30:39.897645']
['UID: ', ['0x4', '0xa1', '0xe2', '0xba', '0xa3', '0xf', '0x90'], 54.1, '2025-09-04 13:31:28.976343']
['UID: ', ['0x4', '0x82', '0xd8', '0xba', '0xa3', '0xf', '0x90'], 53.5, '2025-09-04 13:31:31.496767']
['UID: ', ['0x4', '0xfc', '0xe5', '0xba', '0xa3', '0xf', '0x90'], 54.1, '2025-09-04 13:31:34.000510']
['UID: ', ['0x4', '0x20', '0xa3', '0xba', '0xa3', '0xf', '0x90'], 54.1, '2025-09-04 13:31:36.919249']
['UID: ', ['0x4', '0x74', '0xfc', '0xba', '0xa3', '0xf', '0x90'], 54.1, '2025-09-04 13:31:56.766584']
['UID: ', ['0x4', '0x2c', '0xf0', '0xba', '0xa3', '0xf', '0x91'], 54.6, '2025-09-04 16:21:43.041269']
['UID: ', ['0x4', '0x74', '0xfc', '0xba', '0xa3', '0xf', '0x90'], 54.6, '2025-09-04 16:21:48.045812']
['UID: ', ['0x4', '0xd3', '0xad', '0xba', '0xa3', '0xf', '0x90'], 55.1, '2025-09-04 16:22:15.923121']
['UID: ', ['0x4', '0xfc', '0xe5', '0xba', '0xa3', '0xf', '0x90'], 54.1, '2025-09-04 16:22:35.718150']
['UID: ', ['0x4', '0x20', '0xa3', '0xba', '0xa3', '0xf', '0x90'], 53.5, '2025-09-04 16:22:37.997266']
['UID: ', ['0x4', '0x82', '0xd8', '0xba', '0xa3', '0xf', '0x90'], 54.1, '2025-09-04 16:24:05.155805']
['UID: ', ['0x4', '0xa1', '0xe2', '0xba', '0xa3', '0xf', '0x90'], 54.6, '2025-09-04 16:24:08.128481']
['UID: ', ['0x4', '0xfc', '0xe5', '0xba', '0xa3', '0xf', '0x90'], 53.0, '2025-09-05 11:15:23.485921']
['UID: ', ['0x4', '0x82', '0xd8', '0xba', '0xa3', '0xf', '0x90'], 53.5, '2025-09-05 11:15:26.461832']
['UID: ', ['0x4', '0x74', '0xfc', '0xba', '0xa3', '0xf', '0x90'], 53.5, '2025-09-05 11:22:03.260128']
['UID: ', ['0x4', '0xa1', '0xe2', '0xba', '0xa3', '0xf', '0x90'], 53.5, '2025-09-05 11:26:43.169310']
['UID: ', ['0x4', '0xd3', '0xad', '0xba', '0xa3', '0xf', '0x90'], 53.5, '2025-09-05 11:34:39.512480']
['UID: ', ['0x4', '0x2c', '0xf0', '0xba', '0xa3', '0xf', '0x91'], 53.0, '2025-09-05 11:35:36.721430']
['UID: ', ['0x4', '0xd3', '0xad', '0xba', '0xa3', '0xf', '0x90'], 54.1, '2025-09-05 12:57:58.406846']
['UID: ', ['0x4', '0xd3', '0xad', '0xba', '0xa3', '0xf', '0x90'], 54.1, '2025-09-05 13:20:30.066146']
['UID: ', ['0x4', '0x2c', '0xf0', '0xba', '0xa3', '0xf', '0x91'], 54.1, '2025-09-05 13:29:44.491378']
['UID: ', ['0x4', '0x74', '0xfc', '0xba', '0xa3', '0xf', '0x90'], 54.1, '2025-09-05 13:30:28.330183']
['UID: ', ['0x4', '0xa1', '0xe2', '0xba', '0xa3', '0xf', '0x90'], 55.1, '2025-09-05 13:31:31.807949']
['UID: ', ['0x4', '0x82', '0xd8', '0xba', '0xa3', '0xf', '0x90'], 54.1, '2025-09-05 13:31:34.289568']
['UID: ', ['0x4', '0xfc', '0xe5', '0xba', '0xa3', '0xf', '0x90'], 54.1, '2025-09-05 13:31:36.965299']
['UID: ', ['0x4', '0x74', '0xfc', '0xba', '0xa3', '0xf', '0x90'], 54.1, '2025-09-05 13:52:18.076076']
['UID: ', ['0x4', '0xfc', '0xe5', '0xba', '0xa3', '0xf', '0x90'], 54.1, '2025-09-05 13:54:03.996441']
['UID: ', ['0x4', '0xa1', '0xe2', '0xba', '0xa3', '0xf', '0x90'], 54.1, '2025-09-05 13:54:06.674943']
['UID: ', ['0x4', '0x82', '0xd8', '0xba', '0xa3', '0xf', '0x90'], 54.6, '2025-09-05 13:54:08.888827']
['UID: ', ['0x4', '0x2c', '0xf0', '0xba', '0xa3', '0xf', '0x91'], 54.1, '2025-09-05 13:54:24.900399']
['UID: ', ['0x4', '0x82', '0xd8', '0xba', '0xa3', '0xf', '0x90'], 54.6, '2025-09-05 17:15:21.337739']
['UID: ', ['0x4', '0xfc', '0xe5', '0xba', '0xa3', '0xf', '0x90'], 55.1, '2025-09-05 17:15:25.471531']
['UID: ', ['0x4', '0x74', '0xfc', '0xba', '0xa3', '0xf', '0x90'], 55.1, '2025-09-05 17:15:31.961864']
['UID: ', ['0x4', '0xa1', '0xe2', '0xba', '0xa3', '0xf', '0x90'], 54.6, '2025-09-05 17:15:43.411873']
['UID: ', ['0x4', '0x2c', '0xf0', '0xba', '0xa3', '0xf', '0x91'], 54.6, '2025-09-05 17:17:02.140598']
['UID: ', ['0x4', '0xd3', '0xad', '0xba', '0xa3', '0xf', '0x90'], 54.6, '2025-09-05 17:17:07.732499']
['UID: ', ['0x4', '0x91', '0x25', '0xba', '0xa3', '0xf', '0x90'], 53.0, '2025-09-08 09:42:15.085536']
['UID: ', ['0x4', '0x74', '0xfc', '0xba', '0xa3', '0xf', '0x90'], 53.5, '2025-09-08 11:21:06.528013']
['UID: ', ['0x4', '0xa1', '0xe2', '0xba', '0xa3', '0xf', '0x90'], 54.1, '2025-09-08 11:22:48.398532']
['UID: ', ['0x4', '0xfc', '0xe5', '0xba', '0xa3', '0xf', '0x90'], 55.1, '2025-09-08 11:26:32.077609']
['UID: ', ['0x4', '0x82', '0xd8', '0xba', '0xa3', '0xf', '0x90'], 54.1, '2025-09-08 11:26:35.384417']
['UID: ', ['0x4', '0x20', '0xa3', '0xba', '0xa3', '0xf', '0x90'], 54.6, '2025-09-08 11:35:04.051625']
['UID: ', ['0x4', '0x2c', '0xf0', '0xba', '0xa3', '0xf', '0x91'], 54.6, '2025-09-08 11:38:23.828992']
['UID: ', ['0x4', '0xd3', '0xad', '0xba', '0xa3', '0xf', '0x90'], 54.1, '2025-09-08 11:39:28.340155']
['UID: ', ['0x4', '0xd3', '0xad', '0xba', '0xa3', '0xf', '0x90'], 54.1, '2025-09-08 12:58:07.833817']
['UID: ', ['0x4', '0xa1', '0xe2', '0xba', '0xa3', '0xf', '0x90'], 54.6, '2025-09-08 12:59:40.387029']
['UID: ', ['0x4', '0xfc', '0xe5', '0xba', '0xa3', '0xf', '0x90'], 54.1, '2025-09-08 13:00:00.365739']
['UID: ', ['0x4', '0x82', '0xd8', '0xba', '0xa3', '0xf', '0x90'], 54.6, '2025-09-08 13:00:02.819303']
['UID: ', ['0x4', '0x20', '0xa3', '0xba', '0xa3', '0xf', '0x90'], 54.6, '2025-09-08 13:00:31.546459']
['UID: ', ['0x4', '0x2c', '0xf0', '0xba', '0xa3', '0xf', '0x91'], 55.1, '2025-09-08 13:00:38.606425']
['UID: ', ['0x4', '0x74', '0xfc', '0xba', '0xa3', '0xf', '0x90'], 55.1, '2025-09-08 13:00:43.980760']
['UID: ', ['0x4', '0xd3', '0xad', '0xba', '0xa3', '0xf', '0x90'], 54.1, '2025-09-08 13:20:33.406119']
['UID: ', ['0x4', '0xfc', '0xe5', '0xba', '0xa3', '0xf', '0x90'], 55.1, '2025-09-08 13:21:09.327238']
['UID: ', ['0x4', '0xa1', '0xe2', '0xba', '0xa3', '0xf', '0x90'], 54.6, '2025-09-08 13:21:11.372840']
['UID: ', ['0x4', '0x82', '0xd8', '0xba', '0xa3', '0xf', '0x90'], 54.1, '2025-09-08 13:21:13.419882']
['UID: ', ['0x4', '0x20', '0xa3', '0xba', '0xa3', '0xf', '0x90'], 55.1, '2025-09-08 13:21:16.092589']
['UID: ', ['0x4', '0x74', '0xfc', '0xba', '0xa3', '0xf', '0x90'], 55.1, '2025-09-08 13:21:28.281012']
['UID: ', ['0x4', '0x2c', '0xf0', '0xba', '0xa3', '0xf', '0x91'], 54.6, '2025-09-08 13:21:54.777939']
['UID: ', ['0x4', '0x91', '0x25', '0xba', '0xa3', '0xf', '0x90'], 55.1, '2025-09-08 13:25:11.990652']
['UID: ', ['0x4', '0x91', '0x25', '0xba', '0xa3', '0xf', '0x90'], 54.1, '2025-09-08 13:38:07.266724']
['UID: ', ['0x4', '0x91', '0x25', '0xba', '0xa3', '0xf', '0x90'], 54.1, '2025-09-08 16:30:35.697249']
['UID: ', ['0x4', '0x74', '0xfc', '0xba', '0xa3', '0xf', '0x90'], 55.1, '2025-09-08 16:37:41.468218']
['UID: ', ['0x4', '0xfc', '0xe5', '0xba', '0xa3', '0xf', '0x90'], 54.1, '2025-09-08 16:37:46.962216']
['UID: ', ['0x4', '0x82', '0xd8', '0xba', '0xa3', '0xf', '0x90'], 54.1, '2025-09-08 16:37:49.006888']
['UID: ', ['0x4', '0x2c', '0xf0', '0xba', '0xa3', '0xf', '0x91'], 54.1, '2025-09-08 16:37:53.560507']
['UID: ', ['0x4', '0xa1', '0xe2', '0xba', '0xa3', '0xf', '0x90'], 54.1, '2025-09-08 16:38:07.149237']
['UID: ', ['0x4', '0x20', '0xa3', '0xba', '0xa3', '0xf', '0x90'], 54.1, '2025-09-08 16:38:19.441001']
['UID: ', ['0x4', '0xd3', '0xad', '0xba', '0xa3', '0xf', '0x90'], 54.1, '2025-09-08 16:38:27.472718']
['UID: ', ['0x4', '0xf', '0xa7', '0xba', '0xa3', '0xf', '0x90'], 54.1, '2025-09-08 16:56:32.423914']
['UID: ', ['0x4', '0xf', '0xa7', '0xba', '0xa3', '0xf', '0x90'], 54.6, '2025-09-08 17:30:51.065788']
['UID: ', ['0x4', '0x91', '0x25', '0xba', '0xa3', '0xf', '0x90'], 53.0, '2025-09-09 09:54:48.162177']
['UID: ', ['0x4', '0x74', '0xfc', '0xba', '0xa3', '0xf', '0x90'], 53.0, '2025-09-09 11:15:47.003414']
['UID: ', ['0x4', '0xfc', '0xe5', '0xba', '0xa3', '0xf', '0x90'], 53.0, '2025-09-09 11:17:05.544302']
['UID: ', ['0x4', '0x82', '0xd8', '0xba', '0xa3', '0xf', '0x90'], 53.0, '2025-09-09 11:17:08.430978']
['UID: ', ['0x4', '0xa1', '0xe2', '0xba', '0xa3', '0xf', '0x90'], 53.0, '2025-09-09 11:21:33.956644']
['UID: ', ['0x4', '0xd3', '0xad', '0xba', '0xa3', '0xf', '0x90'], 53.0, '2025-09-09 11:33:46.237269']
['UID: ', ['0x4', '0x2c', '0xf0', '0xba', '0xa3', '0xf', '0x91'], 53.0, '2025-09-09 11:35:56.129163']
['UID: ', ['0x4', '0x20', '0xa3', '0xba', '0xa3', '0xf', '0x90'], 53.0, '2025-09-09 11:36:03.639704']
['UID: ', ['0x4', '0xd3', '0xad', '0xba', '0xa3', '0xf', '0x90'], 53.5, '2025-09-09 13:00:28.660955']
['UID: ', ['0x4', '0x91', '0x25', '0xba', '0xa3', '0xf', '0x90'], 53.0, '2025-09-09 13:19:16.451386']
['UID: ', ['0x4', '0xd3', '0xad', '0xba', '0xa3', '0xf', '0x90'], 54.1, '2025-09-09 13:21:20.724113']
['UID: ', ['0x4', '0x74', '0xfc', '0xba', '0xa3', '0xf', '0x90'], 53.5, '2025-09-09 13:33:27.997094']
['UID: ', ['0x4', '0x20', '0xa3', '0xba', '0xa3', '0xf', '0x90'], 53.5, '2025-09-09 13:34:04.812900']
['UID: ', ['0x4', '0xa1', '0xe2', '0xba', '0xa3', '0xf', '0x90'], 53.0, '2025-09-09 13:34:13.480956']
['UID: ', ['0x4', '0x2c', '0xf0', '0xba', '0xa3', '0xf', '0x91'], 53.5, '2025-09-09 13:34:37.030391']
['UID: ', ['0x4', '0xfc', '0xe5', '0xba', '0xa3', '0xf', '0x90'], 53.0, '2025-09-09 13:35:36.872368']
['UID: ', ['0x4', '0x82', '0xd8', '0xba', '0xa3', '0xf', '0x90'], 53.5, '2025-09-09 13:36:25.705548']
['UID: ', ['0x4', '0x91', '0x25', '0xba', '0xa3', '0xf', '0x90'], 53.0, '2025-09-09 13:47:25.069171']
['UID: ', ['0x4', '0x74', '0xfc', '0xba', '0xa3', '0xf', '0x90'], 54.1, '2025-09-09 13:58:33.506417']
['UID: ', ['0x4', '0x2c', '0xf0', '0xba', '0xa3', '0xf', '0x91'], 54.1, '2025-09-09 13:58:42.658614']
['UID: ', ['0x4', '0xa1', '0xe2', '0xba', '0xa3', '0xf', '0x90'], 53.5, '2025-09-09 13:59:34.315722']
['UID: ', ['0x4', '0xfc', '0xe5', '0xba', '0xa3', '0xf', '0x90'], 53.0, '2025-09-09 13:59:52.978155']
['UID: ', ['0x4', '0x20', '0xa3', '0xba', '0xa3', '0xf', '0x90'], 53.5, '2025-09-09 14:00:10.194514']
['UID: ', ['0x4', '0x82', '0xd8', '0xba', '0xa3', '0xf', '0x90'], 53.5, '2025-09-09 14:00:18.282174']
['UID: ', ['0x4', '0xf', '0xa7', '0xba', '0xa3', '0xf', '0x90'], 54.1, '2025-09-09 16:15:05.224682']
['UID: ', ['0x4', '0x91', '0x25', '0xba', '0xa3', '0xf', '0x90'], 54.1, '2025-09-09 16:28:46.920757']
['UID: ', ['0x4', '0x74', '0xfc', '0xba', '0xa3', '0xf', '0x90'], 55.1, '2025-09-09 18:08:17.789144']
['UID: ', ['0x4', '0x82', '0xd8', '0xba', '0xa3', '0xf', '0x90'], 54.6, '2025-09-09 18:08:22.343626']
['UID: ', ['0x4', '0xfc', '0xe5', '0xba', '0xa3', '0xf', '0x90'], 55.1, '2025-09-09 18:08:27.215756']
['UID: ', ['0x4', '0x20', '0xa3', '0xba', '0xa3', '0xf', '0x90'], 54.6, '2025-09-09 18:08:32.033187']
['UID: ', ['0x4', '0xa1', '0xe2', '0xba', '0xa3', '0xf', '0x90'], 54.1, '2025-09-09 18:08:37.208266']
['UID: ', ['0x4', '0x2c', '0xf0', '0xba', '0xa3', '0xf', '0x91'], 55.1, '2025-09-09 18:11:08.511392']
['UID: ', ['0x4', '0xd3', '0xad', '0xba', '0xa3', '0xf', '0x90'], 54.1, '2025-09-09 18:11:34.229202']
['UID: ', ['0x4', '0x91', '0x25', '0xba', '0xa3', '0xf', '0x90'], 53.0, '2025-09-10 09:54:26.642892']
['UID: ', ['0x4', '0x82', '0xd8', '0xba', '0xa3', '0xf', '0x90'], 54.1, '2025-09-10 10:44:51.435584']
['UID: ', ['0x4', '0x74', '0xfc', '0xba', '0xa3', '0xf', '0x90'], 53.5, '2025-09-10 10:48:59.318036']
['UID: ', ['0x4', '0xa1', '0xe2', '0xba', '0xa3', '0xf', '0x90'], 54.1, '2025-09-10 10:54:45.480741']
['UID: ', ['0x4', '0xd3', '0xad', '0xba', '0xa3', '0xf', '0x90'], 53.0, '2025-09-10 11:00:56.093079']
['UID: ', ['0x4', '0x2c', '0xf0', '0xba', '0xa3', '0xf', '0x91'], 53.0, '2025-09-10 11:03:24.829785']
['UID: ', ['0x4', '0x20', '0xa3', '0xba', '0xa3', '0xf', '0x90'], 53.0, '2025-09-10 11:04:12.007662']
['UID: ', ['0x4', '0xfc', '0xe5', '0xba', '0xa3', '0xf', '0x90'], 53.5, '2025-09-10 11:06:50.423348']
['UID: ', ['0x4', '0xd3', '0xad', '0xba', '0xa3', '0xf', '0x90'], 53.5, '2025-09-10 13:05:27.390133']
['UID: ', ['0x4', '0xd3', '0xad', '0xba', '0xa3', '0xf', '0x90'], 54.1, '2025-09-10 13:28:21.422900']
['UID: ', ['0x4', '0xa1', '0xe2', '0xba', '0xa3', '0xf', '0x90'], 54.1, '2025-09-10 13:31:37.180590']
['UID: ', ['0x4', '0x74', '0xfc', '0xba', '0xa3', '0xf', '0x90'], 54.1, '2025-09-10 13:33:01.160141']
['UID: ', ['0x4', '0x2c', '0xf0', '0xba', '0xa3', '0xf', '0x91'], 53.5, '2025-09-10 13:33:09.259950']
['UID: ', ['0x4', '0x82', '0xd8', '0xba', '0xa3', '0xf', '0x90'], 54.1, '2025-09-10 13:34:00.410958']
['UID: ', ['0x4', '0xfc', '0xe5', '0xba', '0xa3', '0xf', '0x90'], 54.1, '2025-09-10 13:34:03.994817']
['UID: ', ['0x4', '0x20', '0xa3', '0xba', '0xa3', '0xf', '0x90'], 53.5, '2025-09-10 13:35:06.838312']
['UID: ', ['0x4', '0x91', '0x25', '0xba', '0xa3', '0xf', '0x90'], 54.1, '2025-09-10 13:35:19.648874']
['UID: ', ['0x4', '0xa1', '0xe2', '0xba', '0xa3', '0xf', '0x90'], 54.1, '2025-09-10 13:51:35.918293']
['UID: ', ['0x4', '0x74', '0xfc', '0xba', '0xa3', '0xf', '0x90'], 54.1, '2025-09-10 13:51:50.629234']
['UID: ', ['0x4', '0x2c', '0xf0', '0xba', '0xa3', '0xf', '0x91'], 53.0, '2025-09-10 13:54:46.995715']
['UID: ', ['0x4', '0x91', '0x25', '0xba', '0xa3', '0xf', '0x90'], 53.5, '2025-09-10 13:54:53.072560']
['UID: ', ['0x4', '0x20', '0xa3', '0xba', '0xa3', '0xf', '0x90'], 53.5, '2025-09-10 13:56:58.282473']
['UID: ', ['0x4', '0x82', '0xd8', '0xba', '0xa3', '0xf', '0x90'], 53.5, '2025-09-10 13:59:45.827773']
['UID: ', ['0x4', '0xfc', '0xe5', '0xba', '0xa3', '0xf', '0x90'], 54.1, '2025-09-10 13:59:49.232558']
['UID: ', ['0x4', '0xf', '0xa7', '0xba', '0xa3', '0xf', '0x90'], 53.5, '2025-09-10 16:35:10.421781']
['UID: ', ['0x4', '0x91', '0x25', '0xba', '0xa3', '0xf', '0x90'], 53.0, '2025-09-10 18:00:25.926642']
['UID: ', ['0x4', '0xa1', '0xe2', '0xba', '0xa3', '0xf', '0x90'], 53.5, '2025-09-10 18:07:57.708833']
['UID: ', ['0x4', '0x74', '0xfc', '0xba', '0xa3', '0xf', '0x90'], 54.1, '2025-09-10 18:08:08.246996']
['UID: ', ['0x4', '0x82', '0xd8', '0xba', '0xa3', '0xf', '0x90'], 53.5, '2025-09-10 18:13:37.188610']
['UID: ', ['0x4', '0xfc', '0xe5', '0xba', '0xa3', '0xf', '0x90'], 53.5, '2025-09-10 18:13:39.557906']
['UID: ', ['0x4', '0x20', '0xa3', '0xba', '0xa3', '0xf', '0x90'], 53.5, '2025-09-10 18:13:41.695845']
['UID: ', ['0x4', '0x2c', '0xf0', '0xba', '0xa3', '0xf', '0x91'], 53.5, '2025-09-10 18:13:58.954771']
['UID: ', ['0x4', '0xd3', '0xad', '0xba', '0xa3', '0xf', '0x90'], 53.0, '2025-09-10 18:14:55.158305']
['UID: ', ['0x4', '0xf', '0xa7', '0xba', '0xa3', '0xf', '0x90'], 53.0, '2025-09-10 19:16:41.546780']
['UID: ', ['0x4', '0x91', '0x25', '0xba', '0xa3', '0xf', '0x90'], 52.5, '2025-09-11 09:38:37.686152']
['UID: ', ['0x4', '0x82', '0xd8', '0xba', '0xa3', '0xf', '0x90'], 51.9, '2025-09-11 10:15:25.495049']
['UID: ', ['0x4', '0x74', '0xfc', '0xba', '0xa3', '0xf', '0x90'], 52.5, '2025-09-11 10:17:01.249100']
['UID: ', ['0x4', '0xfc', '0xe5', '0xba', '0xa3', '0xf', '0x90'], 51.9, '2025-09-11 10:17:19.157660']
['UID: ', ['0x4', '0x2c', '0xf0', '0xba', '0xa3', '0xf', '0x91'], 52.5, '2025-09-11 10:27:58.243861']
['UID: ', ['0x4', '0xa1', '0xe2', '0xba', '0xa3', '0xf', '0x90'], 51.9, '2025-09-11 10:28:21.157088']
['UID: ', ['0x4', '0xd3', '0xad', '0xba', '0xa3', '0xf', '0x90'], 52.5, '2025-09-11 10:29:30.915852']
['UID: ', ['0x4', '0x20', '0xa3', '0xba', '0xa3', '0xf', '0x90'], 51.9, '2025-09-11 10:34:50.151160']
['UID: ', ['0x4', '0xd3', '0xad', '0xba', '0xa3', '0xf', '0x90'], 53.0, '2025-09-11 12:00:00.013931']
['UID: ', ['0x4', '0xd3', '0xad', '0xba', '0xa3', '0xf', '0x90'], 53.0, '2025-09-11 12:21:37.284897']
['UID: ', ['0x4', '0x2c', '0xf0', '0xba', '0xa3', '0xf', '0x91'], 53.5, '2025-09-11 13:34:44.984151']
['UID: ', ['0x4', '0x74', '0xfc', '0xba', '0xa3', '0xf', '0x90'], 53.5, '2025-09-11 13:35:03.144841']
['UID: ', ['0x4', '0x91', '0x25', '0xba', '0xa3', '0xf', '0x90'], 53.5, '2025-09-11 13:35:09.584383']
['UID: ', ['0x4', '0x82', '0xd8', '0xba', '0xa3', '0xf', '0x90'], 53.5, '2025-09-11 13:35:54.606019']
['UID: ', ['0x4', '0xfc', '0xe5', '0xba', '0xa3', '0xf', '0x90'], 53.5, '2025-09-11 13:35:57.302336']
['UID: ', ['0x4', '0x20', '0xa3', '0xba', '0xa3', '0xf', '0x90'], 53.5, '2025-09-11 13:36:20.307131']
['UID: ', ['0x4', '0xa1', '0xe2', '0xba', '0xa3', '0xf', '0x90'], 53.0, '2025-09-11 13:36:26.918845']
['UID: ', ['0x4', '0x91', '0x25', '0xba', '0xa3', '0xf', '0x90'], 53.5, '2025-09-11 13:54:14.778823']
['UID: ', ['0x4', '0xa1', '0xe2', '0xba', '0xa3', '0xf', '0x90'], 54.1, '2025-09-11 13:54:18.462645']
['UID: ', ['0x4', '0x74', '0xfc', '0xba', '0xa3', '0xf', '0x90'], 53.5, '2025-09-11 13:54:47.637660']
['UID: ', ['0x4', '0x2c', '0xf0', '0xba', '0xa3', '0xf', '0x91'], 54.1, '2025-09-11 13:54:52.823390']
['UID: ', ['0x4', '0xfc', '0xe5', '0xba', '0xa3', '0xf', '0x90'], 53.5, '2025-09-11 13:58:10.211600']
['UID: ', ['0x4', '0x82', '0xd8', '0xba', '0xa3', '0xf', '0x90'], 53.5, '2025-09-11 13:58:12.704492']
['UID: ', ['0x4', '0x20', '0xa3', '0xba', '0xa3', '0xf', '0x90'], 53.5, '2025-09-11 13:58:15.114835']
['UID: ', ['0x4', '0xa1', '0xe2', '0xba', '0xa3', '0xf', '0x90'], 53.5, '2025-09-11 15:08:33.943936']
['UID: ', ['0x4', '0x91', '0x25', '0xba', '0xa3', '0xf', '0x90'], 53.5, '2025-09-11 16:28:16.153022']
['UID: ', ['0x4', '0x74', '0xfc', '0xba', '0xa3', '0xf', '0x90'], 53.0, '2025-09-11 17:07:30.793324']
['UID: ', ['0x4', '0xfc', '0xe5', '0xba', '0xa3', '0xf', '0x90'], 53.5, '2025-09-11 17:09:29.421444']
['UID: ', ['0x4', '0x82', '0xd8', '0xba', '0xa3', '0xf', '0x90'], 53.0, '2025-09-11 17:09:47.880774']
['UID: ', ['0x4', '0x20', '0xa3', '0xba', '0xa3', '0xf', '0x90'], 53.0, '2025-09-11 17:09:50.177001']
['UID: ', ['0x4', '0x2c', '0xf0', '0xba', '0xa3', '0xf', '0x91'], 53.5, '2025-09-11 17:09:57.570799']
['UID: ', ['0x4', '0xd3', '0xad', '0xba', '0xa3', '0xf', '0x90'], 53.5, '2025-09-11 17:10:50.102161']
['UID: ', ['0x4', '0x91', '0x25', '0xba', '0xa3', '0xf', '0x90'], 51.9, '2025-09-12 09:54:09.105607']
['UID: ', ['0x4', '0xfc', '0xe5', '0xba', '0xa3', '0xf', '0x90'], 52.5, '2025-09-12 10:28:35.333589']
['UID: ', ['0x4', '0x82', '0xd8', '0xba', '0xa3', '0xf', '0x90'], 51.9, '2025-09-12 10:28:37.533160']
['UID: ', ['0x4', '0x74', '0xfc', '0xba', '0xa3', '0xf', '0x90'], 52.5, '2025-09-12 10:49:38.498680']
['UID: ', ['0x4', '0xd3', '0xad', '0xba', '0xa3', '0xf', '0x90'], 51.9, '2025-09-12 10:59:49.458620']
['UID: ', ['0x4', '0x2c', '0xf0', '0xba', '0xa3', '0xf', '0x91'], 52.5, '2025-09-12 11:19:44.113058']
['UID: ', ['0x4', '0xd3', '0xad', '0xba', '0xa3', '0xf', '0x90'], 53.0, '2025-09-12 12:28:49.097202']
['UID: ', ['0x4', '0xd3', '0xad', '0xba', '0xa3', '0xf', '0x90'], 53.0, '2025-09-12 12:50:52.806564']
['UID: ', ['0x4', '0x2c', '0xf0', '0xba', '0xa3', '0xf', '0x91'], 53.0, '2025-09-12 13:38:59.699432']
['UID: ', ['0x4', '0x91', '0x25', '0xba', '0xa3', '0xf', '0x90'], 53.0, '2025-09-12 13:39:25.244725']
['UID: ', ['0x4', '0x74', '0xfc', '0xba', '0xa3', '0xf', '0x90'], 53.0, '2025-09-12 13:39:54.451968']
['UID: ', ['0x4', '0x82', '0xd8', '0xba', '0xa3', '0xf', '0x90'], 53.0, '2025-09-12 13:40:52.092323']
['UID: ', ['0x4', '0xfc', '0xe5', '0xba', '0xa3', '0xf', '0x90'], 53.0, '2025-09-12 13:40:54.140852']
['UID: ', ['0x4', '0x74', '0xfc', '0xba', '0xa3', '0xf', '0x90'], 53.0, '2025-09-12 13:59:15.109628']
['UID: ', ['0x4', '0x91', '0x25', '0xba', '0xa3', '0xf', '0x90'], 53.0, '2025-09-12 13:59:27.822073']
['UID: ', ['0x4', '0x2c', '0xf0', '0xba', '0xa3', '0xf', '0x91'], 53.0, '2025-09-12 14:02:04.927101']
['UID: ', ['0x4', '0x82', '0xd8', '0xba', '0xa3', '0xf', '0x90'], 53.0, '2025-09-12 14:02:48.720380']
['UID: ', ['0x4', '0xfc', '0xe5', '0xba', '0xa3', '0xf', '0x90'], 53.0, '2025-09-12 14:02:52.524543']
['UID: ', ['0x4', '0x91', '0x25', '0xba', '0xa3', '0xf', '0x90'], 53.0, '2025-09-12 18:21:53.381360']
['UID: ', ['0x4', '0x2c', '0xf0', '0xba', '0xa3', '0xf', '0x91'], 52.5, '2025-09-12 18:25:37.430606']
['UID: ', ['0x4', '0x74', '0xfc', '0xba', '0xa3', '0xf', '0x90'], 52.5, '2025-09-12 18:25:47.002929']
['UID: ', ['0x4', '0xfc', '0xe5', '0xba', '0xa3', '0xf', '0x90'], 51.9, '2025-09-12 18:26:01.861083']
['UID: ', ['0x4', '0x82', '0xd8', '0xba', '0xa3', '0xf', '0x90'], 53.0, '2025-09-12 18:26:04.665459']
['UID: ', ['0x4', '0xd3', '0xad', '0xba', '0xa3', '0xf', '0x90'], 51.9, '2025-09-12 18:38:34.756850']
['UID: ', ['0x4', '0x91', '0x25', '0xba', '0xa3', '0xf', '0x90'], 51.9, '2025-09-15 10:13:25.621540']
['UID: ', ['0x4', '0x74', '0xfc', '0xba', '0xa3', '0xf', '0x90'], 51.9, '2025-09-15 10:20:41.556793']
['UID: ', ['0x4', '0xd3', '0xad', '0xba', '0xa3', '0xf', '0x90'], 51.4, '2025-09-15 10:34:08.504463']
['UID: ', ['0x4', '0x2c', '0xf0', '0xba', '0xa3', '0xf', '0x91'], 51.9, '2025-09-15 10:35:37.137323']
['UID: ', ['0x4', '0xa1', '0xe2', '0xba', '0xa3', '0xf', '0x90'], 51.9, '2025-09-15 10:57:23.717984']
['UID: ', ['0x4', '0x20', '0xa3', '0xba', '0xa3', '0xf', '0x90'], 51.9, '2025-09-15 11:01:15.790584']
['UID: ', ['0x4', '0xd3', '0xad', '0xba', '0xa3', '0xf', '0x90'], 52.5, '2025-09-15 11:57:59.897281']
['UID: ', ['0x4', '0xd3', '0xad', '0xba', '0xa3', '0xf', '0x90'], 51.9, '2025-09-15 12:20:42.185392']
['UID: ', ['0x4', '0x91', '0x25', '0xba', '0xa3', '0xf', '0x90'], 53.0, '2025-09-15 13:29:40.465269']
['UID: ', ['0x4', '0x74', '0xfc', '0xba', '0xa3', '0xf', '0x90'], 51.9, '2025-09-15 13:30:02.646713']
['UID: ', ['0x4', '0x2c', '0xf0', '0xba', '0xa3', '0xf', '0x91'], 53.0, '2025-09-15 13:30:14.585011']
['UID: ', ['0x4', '0xa1', '0xe2', '0xba', '0xa3', '0xf', '0x90'], 52.5, '2025-09-15 13:31:39.092269']
['UID: ', ['0x4', '0x20', '0xa3', '0xba', '0xa3', '0xf', '0x90'], 52.5, '2025-09-15 13:32:04.117831']
['UID: ', ['0x4', '0x74', '0xfc', '0xba', '0xa3', '0xf', '0x90'], 52.5, '2025-09-15 13:49:48.697224']
['UID: ', ['0x4', '0x20', '0xa3', '0xba', '0xa3', '0xf', '0x90'], 53.0, '2025-09-15 13:54:22.368404']
['UID: ', ['0x4', '0xa1', '0xe2', '0xba', '0xa3', '0xf', '0x90'], 53.0, '2025-09-15 13:54:51.381836']
['UID: ', ['0x4', '0x91', '0x25', '0xba', '0xa3', '0xf', '0x90'], 53.0, '2025-09-15 13:55:12.224498']
['UID: ', ['0x4', '0x2c', '0xf0', '0xba', '0xa3', '0xf', '0x91'], 51.9, '2025-09-15 13:55:59.613509']
['UID: ', ['0x4', '0x91', '0x25', '0xba', '0xa3', '0xf', '0x90'], 53.0, '2025-09-15 17:26:29.798056']
['UID: ', ['0x4', '0x74', '0xfc', '0xba', '0xa3', '0xf', '0x90'], 53.0, '2025-09-15 18:02:34.478629']
['UID: ', ['0x4', '0x2c', '0xf0', '0xba', '0xa3', '0xf', '0x91'], 53.0, '2025-09-15 18:04:28.914853']
['UID: ', ['0x4', '0x20', '0xa3', '0xba', '0xa3', '0xf', '0x90'], 52.5, '2025-09-15 18:05:04.406795']
['UID: ', ['0x4', '0xa1', '0xe2', '0xba', '0xa3', '0xf', '0x90'], 51.9, '2025-09-15 18:05:29.819893']
['UID: ', ['0x4', '0xd3', '0xad', '0xba', '0xa3', '0xf', '0x90'], 51.9, '2025-09-15 18:28:07.666342']
['UID: ', ['0x4', '0xf', '0xa7', '0xba', '0xa3', '0xf', '0x90'], 51.9, '2025-09-15 18:45:59.551576']
['UID: ', ['0x4', '0x91', '0x25', '0xba', '0xa3', '0xf', '0x90'], 51.9, '2025-09-16 09:57:06.344609']
['UID: ', ['0x4', '0xa1', '0xe2', '0xba', '0xa3', '0xf', '0x90'], 51.9, '2025-09-16 10:26:30.742152']
['UID: ', ['0x4', '0x74', '0xfc', '0xba', '0xa3', '0xf', '0x90'], 51.9, '2025-09-16 10:26:49.411478']
['UID: ', ['0x4', '0xd3', '0xad', '0xba', '0xa3', '0xf', '0x90'], 51.9, '2025-09-16 10:33:03.366412']
['UID: ', ['0x4', '0x20', '0xa3', '0xba', '0xa3', '0xf', '0x90'], 51.4, '2025-09-16 10:35:47.146187']
['UID: ', ['0x4', '0x2c', '0xf0', '0xba', '0xa3', '0xf', '0x91'], 51.9, '2025-09-16 10:37:32.387408']
['UID: ', ['0x4', '0xfc', '0xe5', '0xba', '0xa3', '0xf', '0x90'], 51.4, '2025-09-16 10:40:13.281082']
['UID: ', ['0x4', '0xd3', '0xad', '0xba', '0xa3', '0xf', '0x90'], 52.5, '2025-09-16 12:02:34.156459']
['UID: ', ['0x4', '0xd3', '0xad', '0xba', '0xa3', '0xf', '0x90'], 51.9, '2025-09-16 12:24:45.181051']
['UID: ', ['0x4', '0x91', '0x25', '0xba', '0xa3', '0xf', '0x90'], 53.0, '2025-09-16 13:34:07.490987']
['UID: ', ['0x4', '0xa1', '0xe2', '0xba', '0xa3', '0xf', '0x90'], 52.5, '2025-09-16 13:36:13.625278']
['UID: ', ['0x4', '0xfc', '0xe5', '0xba', '0xa3', '0xf', '0x90'], 52.5, '2025-09-16 13:36:20.171218']
['UID: ', ['0x4', '0x2c', '0xf0', '0xba', '0xa3', '0xf', '0x91'], 53.0, '2025-09-16 13:36:29.488363']
['UID: ', ['0x4', '0x20', '0xa3', '0xba', '0xa3', '0xf', '0x90'], 53.0, '2025-09-16 13:36:35.750372']
['UID: ', ['0x4', '0x74', '0xfc', '0xba', '0xa3', '0xf', '0x90'], 51.9, '2025-09-16 13:36:42.189791']
['UID: ', ['0x4', '0x91', '0x25', '0xba', '0xa3', '0xf', '0x90'], 53.0, '2025-09-16 13:52:51.815301']
['UID: ', ['0x4', '0xfc', '0xe5', '0xba', '0xa3', '0xf', '0x90'], 53.0, '2025-09-16 13:57:01.180372']
['UID: ', ['0x4', '0x20', '0xa3', '0xba', '0xa3', '0xf', '0x90'], 53.0, '2025-09-16 13:57:03.851529']
['UID: ', ['0x4', '0xa1', '0xe2', '0xba', '0xa3', '0xf', '0x90'], 53.0, '2025-09-16 13:57:07.780291']
['UID: ', ['0x4', '0x74', '0xfc', '0xba', '0xa3', '0xf', '0x90'], 53.0, '2025-09-16 13:57:36.503141']
['UID: ', ['0x4', '0x2c', '0xf0', '0xba', '0xa3', '0xf', '0x91'], 53.0, '2025-09-16 13:58:09.099557']
['UID: ', ['0x4', '0x91', '0x25', '0xba', '0xa3', '0xf', '0x90'], 51.9, '2025-09-16 17:56:41.026341']
['UID: ', ['0x4', '0x74', '0xfc', '0xba', '0xa3', '0xf', '0x90'], 53.0, '2025-09-16 18:16:49.747084']
['UID: ', ['0x4', '0x2c', '0xf0', '0xba', '0xa3', '0xf', '0x91'], 53.0, '2025-09-16 18:21:23.850985']
['UID: ', ['0x4', '0x20', '0xa3', '0xba', '0xa3', '0xf', '0x90'], 53.0, '2025-09-16 18:21:54.718024']
['UID: ', ['0x4', '0xfc', '0xe5', '0xba', '0xa3', '0xf', '0x90'], 53.0, '2025-09-16 18:21:57.393706']
['UID: ', ['0x4', '0xa1', '0xe2', '0xba', '0xa3', '0xf', '0x90'], 52.5, '2025-09-16 18:22:01.001310']
['UID: ', ['0x4', '0xd3', '0xad', '0xba', '0xa3', '0xf', '0x90'], 52.5, '2025-09-16 18:26:21.066755']
['UID: ', ['0x4', '0x74', '0xfc', '0xba', '0xa3', '0xf', '0x90'], 51.9, '2025-09-17 10:48:19.378117']
['UID: ', ['0x4', '0xfc', '0xe5', '0xba', '0xa3', '0xf', '0x90'], 52.5, '2025-09-17 10:49:46.430266']
['UID: ', ['0x4', '0xa1', '0xe2', '0xba', '0xa3', '0xf', '0x90'], 51.9, '2025-09-17 10:51:36.522291']
['UID: ', ['0x4', '0xd3', '0xad', '0xba', '0xa3', '0xf', '0x90'], 51.9, '2025-09-17 11:03:42.382121']
['UID: ', ['0x4', '0x20', '0xa3', '0xba', '0xa3', '0xf', '0x90'], 51.9, '2025-09-17 11:04:38.534289']
['UID: ', ['0x4', '0x2c', '0xf0', '0xba', '0xa3', '0xf', '0x91'], 51.9, '2025-09-17 11:06:30.934129']
['UID: ', ['0x4', '0xd3', '0xad', '0xba', '0xa3', '0xf', '0x90'], 52.5, '2025-09-17 12:20:30.506730']
['UID: ', ['0x4', '0xd3', '0xad', '0xba', '0xa3', '0xf', '0x90'], 53.0, '2025-09-17 12:41:19.287060']
['UID: ', ['0x4', '0x74', '0xfc', '0xba', '0xa3', '0xf', '0x90'], 52.5, '2025-09-17 13:00:24.118898']
['UID: ', ['0x4', '0x2c', '0xf0', '0xba', '0xa3', '0xf', '0x91'], 52.5, '2025-09-17 13:00:38.377158']
['UID: ', ['0x4', '0xa1', '0xe2', '0xba', '0xa3', '0xf', '0x90'], 51.9, '2025-09-17 13:00:44.556016']
['UID: ', ['0x4', '0xfc', '0xe5', '0xba', '0xa3', '0xf', '0x90'], 52.5, '2025-09-17 13:00:47.301235']
['UID: ', ['0x4', '0x20', '0xa3', '0xba', '0xa3', '0xf', '0x90'], 51.9, '2025-09-17 13:01:52.245412']
['UID: ', ['0x4', '0x74', '0xfc', '0xba', '0xa3', '0xf', '0x90'], 53.0, '2025-09-17 13:20:58.686488']
['UID: ', ['0x4', '0x20', '0xa3', '0xba', '0xa3', '0xf', '0x90'], 52.5, '2025-09-17 13:21:36.467722']
['UID: ', ['0x4', '0xfc', '0xe5', '0xba', '0xa3', '0xf', '0x90'], 53.0, '2025-09-17 13:23:27.619877']
['UID: ', ['0x4', '0xa1', '0xe2', '0xba', '0xa3', '0xf', '0x90'], 53.0, '2025-09-17 13:23:30.414370']
['UID: ', ['0x4', '0x2c', '0xf0', '0xba', '0xa3', '0xf', '0x91'], 52.5, '2025-09-17 13:23:37.893547']
['UID: ', ['0x4', '0x2c', '0xf0', '0xba', '0xa3', '0xf', '0x91'], 53.0, '2025-09-17 18:44:36.479685']
['UID: ', ['0x4', '0x74', '0xfc', '0xba', '0xa3', '0xf', '0x90'], 53.0, '2025-09-17 18:44:42.415892']
['UID: ', ['0x4', '0x20', '0xa3', '0xba', '0xa3', '0xf', '0x90'], 53.0, '2025-09-17 18:44:54.590751']
['UID: ', ['0x4', '0xfc', '0xe5', '0xba', '0xa3', '0xf', '0x90'], 53.0, '2025-09-17 18:45:57.430964']
['UID: ', ['0x4', '0xa1', '0xe2', '0xba', '0xa3', '0xf', '0x90'], 52.5, '2025-09-17 18:45:59.479114']
['UID: ', ['0x4', '0xd3', '0xad', '0xba', '0xa3', '0xf', '0x90'], 53.0, '2025-09-17 18:46:36.004744']
['UID: ', ['0x4', '0xfc', '0xe5', '0xba', '0xa3', '0xf', '0x90'], 52.5, '2025-09-18 10:49:20.156472']
['UID: ', ['0x4', '0x74', '0xfc', '0xba', '0xa3', '0xf', '0x90'], 53.0, '2025-09-18 10:51:08.003821']
['UID: ', ['0x4', '0xa1', '0xe2', '0xba', '0xa3', '0xf', '0x90'], 53.0, '2025-09-18 10:53:31.283821']
['UID: ', ['0x4', '0xd3', '0xad', '0xba', '0xa3', '0xf', '0x90'], 53.0, '2025-09-18 11:02:46.919369']
['UID: ', ['0x4', '0x20', '0xa3', '0xba', '0xa3', '0xf', '0x90'], 53.0, '2025-09-18 11:04:41.612183']
['UID: ', ['0x4', '0x2c', '0xf0', '0xba', '0xa3', '0xf', '0x91'], 53.0, '2025-09-18 11:05:42.902905']
['UID: ', ['0x4', '0xd3', '0xad', '0xba', '0xa3', '0xf', '0x90'], 53.0, '2025-09-18 12:05:25.692004']
['UID: ', ['0x4', '0xd3', '0xad', '0xba', '0xa3', '0xf', '0x90'], 53.0, '2025-09-18 12:26:25.355666']
['UID: ', ['0x4', '0xa1', '0xe2', '0xba', '0xa3', '0xf', '0x90'], 53.0, '2025-09-18 13:32:54.226052']
['UID: ', ['0x4', '0xfc', '0xe5', '0xba', '0xa3', '0xf', '0x90'], 53.0, '2025-09-18 13:32:56.715001']
['UID: ', ['0x4', '0x20', '0xa3', '0xba', '0xa3', '0xf', '0x90'], 53.0, '2025-09-18 13:33:12.555356']
['UID: ', ['0x4', '0x74', '0xfc', '0xba', '0xa3', '0xf', '0x90'], 53.0, '2025-09-18 13:33:26.117909']
['UID: ', ['0x4', '0x2c', '0xf0', '0xba', '0xa3', '0xf', '0x91'], 54.1, '2025-09-18 13:37:00.762787']
['UID: ', ['0x4', '0x20', '0xa3', '0xba', '0xa3', '0xf', '0x90'], 53.5, '2025-09-18 13:55:02.286961']
['UID: ', ['0x4', '0xa1', '0xe2', '0xba', '0xa3', '0xf', '0x90'], 53.0, '2025-09-18 13:56:45.905559']
['UID: ', ['0x4', '0xfc', '0xe5', '0xba', '0xa3', '0xf', '0x90'], 53.0, '2025-09-18 13:56:48.648927']
['UID: ', ['0x4', '0x74', '0xfc', '0xba', '0xa3', '0xf', '0x90'], 53.5, '2025-09-18 13:57:10.636501']
['UID: ', ['0x4', '0x2c', '0xf0', '0xba', '0xa3', '0xf', '0x91'], 53.0, '2025-09-18 13:59:47.598580']
['UID: ', ['0x4', '0xf', '0xa7', '0xba', '0xa3', '0xf', '0x90'], 53.0, '2025-09-18 17:12:20.786505']
['UID: ', ['0x4', '0x20', '0xa3', '0xba', '0xa3', '0xf', '0x90'], 54.1, '2025-09-18 17:14:40.863084']
['UID: ', ['0x4', '0x74', '0xfc', '0xba', '0xa3', '0xf', '0x90'], 54.1, '2025-09-18 17:35:35.740492']
['UID: ', ['0x4', '0xa1', '0xe2', '0xba', '0xa3', '0xf', '0x90'], 53.5, '2025-09-18 17:36:01.606825']
['UID: ', ['0x4', '0xfc', '0xe5', '0xba', '0xa3', '0xf', '0x90'], 53.0, '2025-09-18 17:36:04.554713']
['UID: ', ['0x4', '0xd3', '0xad', '0xba', '0xa3', '0xf', '0x90'], 54.1, '2025-09-18 17:36:13.076477']
['UID: ', ['0x4', '0x2c', '0xf0', '0xba', '0xa3', '0xf', '0x91'], 53.5, '2025-09-18 17:37:22.629203']
['UID: ', ['0x4', '0x74', '0xfc', '0xba', '0xa3', '0xf', '0x90'], 53.5, '2025-09-19 10:50:31.360582']
['UID: ', ['0x4', '0xa1', '0xe2', '0xba', '0xa3', '0xf', '0x90'], 53.0, '2025-09-19 10:56:03.944757']
['UID: ', ['0x4', '0xfc', '0xe5', '0xba', '0xa3', '0xf', '0x90'], 53.5, '2025-09-19 10:58:01.969037']
['UID: ', ['0x4', '0xd3', '0xad', '0xba', '0xa3', '0xf', '0x90'], 53.5, '2025-09-19 11:01:53.078989']
['UID: ', ['0x4', '0x2c', '0xf0', '0xba', '0xa3', '0xf', '0x91'], 53.0, '2025-09-19 11:07:30.937587']
['UID: ', ['0x4', '0xd3', '0xad', '0xba', '0xa3', '0xf', '0x90'], 54.1, '2025-09-19 12:08:02.576589']
['UID: ', ['0x4', '0xd3', '0xad', '0xba', '0xa3', '0xf', '0x90'], 54.1, '2025-09-19 12:29:26.683173']
['UID: ', ['0x4', '0x2c', '0xf0', '0xba', '0xa3', '0xf', '0x91'], 56.2, '2025-09-19 13:32:49.097841']
['UID: ', ['0x4', '0x74', '0xfc', '0xba', '0xa3', '0xf', '0x90'], 55.1, '2025-09-19 13:33:59.189783']
['UID: ', ['0x4', '0xa1', '0xe2', '0xba', '0xa3', '0xf', '0x90'], 55.7, '2025-09-19 13:34:08.135061']
['UID: ', ['0x4', '0xfc', '0xe5', '0xba', '0xa3', '0xf', '0x90'], 55.1, '2025-09-19 13:34:11.543684']
['UID: ', ['0x4', '0x2c', '0xf0', '0xba', '0xa3', '0xf', '0x91'], 55.1, '2025-09-19 13:56:18.327556']
['UID: ', ['0x4', '0xfc', '0xe5', '0xba', '0xa3', '0xf', '0x90'], 55.1, '2025-09-19 13:58:17.381580']
['UID: ', ['0x4', '0xa1', '0xe2', '0xba', '0xa3', '0xf', '0x90'], 55.7, '2025-09-19 13:58:19.426433']
['UID: ', ['0x4', '0x74', '0xfc', '0xba', '0xa3', '0xf', '0x90'], 56.2, '2025-09-19 13:58:35.715073']
['UID: ', ['0x4', '0x74', '0xfc', '0xba', '0xa3', '0xf', '0x90'], 55.1, '2025-09-19 18:28:23.813317']
['UID: ', ['0x4', '0xa1', '0xe2', '0xba', '0xa3', '0xf', '0x90'], 55.1, '2025-09-19 18:29:45.714996']
['UID: ', ['0x4', '0xfc', '0xe5', '0xba', '0xa3', '0xf', '0x90'], 54.6, '2025-09-19 18:29:48.390774']
['UID: ', ['0x4', '0x2c', '0xf0', '0xba', '0xa3', '0xf', '0x91'], 55.1, '2025-09-19 18:30:18.112500']
['UID: ', ['0x4', '0xd3', '0xad', '0xba', '0xa3', '0xf', '0x90'], 54.1, '2025-09-19 18:31:13.131477']
['UID: ', ['0x4', '0xf', '0xa7', '0xba', '0xa3', '0xf', '0x90'], 54.6, '2025-09-19 18:37:28.861617']
['UID: ', ['0x4', '0xf', '0xa7', '0xba', '0xa3', '0xf', '0x90'], 54.6, '2025-09-19 18:37:31.679700']
['UID: ', ['0x4', '0x91', '0x25', '0xba', '0xa3', '0xf', '0x90'], 50.8, '2025-09-22 09:58:16.337266']
['UID: ', ['0x4', '0x82', '0xd8', '0xba', '0xa3', '0xf', '0x90'], 50.8, '2025-09-22 10:35:10.745100']
['UID: ', ['0x4', '0xd3', '0xad', '0xba', '0xa3', '0xf', '0x90'], 51.9, '2025-09-22 10:59:16.460674']
['UID: ', ['0x4', '0xfc', '0xe5', '0xba', '0xa3', '0xf', '0x90'], 51.9, '2025-09-22 11:07:45.820373']
['UID: ', ['0x4', '0xa1', '0xe2', '0xba', '0xa3', '0xf', '0x90'], 51.4, '2025-09-22 11:16:41.419474']
['UID: ', ['0x4', '0x74', '0xfc', '0xba', '0xa3', '0xf', '0x90'], 50.8, '2025-09-22 11:20:44.859744']
['UID: ', ['0x4', '0x2c', '0xf0', '0xba', '0xa3', '0xf', '0x91'], 50.8, '2025-09-22 11:37:47.044425']
['UID: ', ['0x4', '0xd3', '0xad', '0xba', '0xa3', '0xf', '0x90'], 51.4, '2025-09-22 12:06:32.337105']
['UID: ', ['0x4', '0xd3', '0xad', '0xba', '0xa3', '0xf', '0x90'], 51.9, '2025-09-22 12:29:31.000560']
['UID: ', ['0x4', '0x82', '0xd8', '0xba', '0xa3', '0xf', '0x90'], 51.9, '2025-09-22 13:32:52.908793']
['UID: ', ['0x4', '0x82', '0xd8', '0xba', '0xa3', '0xf', '0x90'], 51.9, '2025-09-22 13:32:55.589159']
['UID: ', ['0x4', '0xa1', '0xe2', '0xba', '0xa3', '0xf', '0x90'], 51.9, '2025-09-22 13:33:14.282750']
['UID: ', ['0x4', '0x74', '0xfc', '0xba', '0xa3', '0xf', '0x90'], 51.9, '2025-09-22 13:33:30.384189']
['UID: ', ['0x4', '0x2c', '0xf0', '0xba', '0xa3', '0xf', '0x91'], 51.4, '2025-09-22 13:33:43.150554']
['UID: ', ['0x4', '0x91', '0x25', '0xba', '0xa3', '0xf', '0x90'], 51.9, '2025-09-22 13:43:25.006611']
['UID: ', ['0x4', '0x82', '0xd8', '0xba', '0xa3', '0xf', '0x90'], 51.9, '2025-09-22 13:51:47.314866']
['UID: ', ['0x4', '0x74', '0xfc', '0xba', '0xa3', '0xf', '0x90'], 50.8, '2025-09-22 13:52:01.564123']
['UID: ', ['0x4', '0xfc', '0xe5', '0xba', '0xa3', '0xf', '0x90'], 51.4, '2025-09-22 13:54:59.130953']
['UID: ', ['0x4', '0xa1', '0xe2', '0xba', '0xa3', '0xf', '0x90'], 50.8, '2025-09-22 13:55:03.145302']
['UID: ', ['0x4', '0x2c', '0xf0', '0xba', '0xa3', '0xf', '0x91'], 51.9, '2025-09-22 13:55:49.083738']
['UID: ', ['0x4', '0x91', '0x25', '0xba', '0xa3', '0xf', '0x90'], 51.4, '2025-09-22 14:10:27.137612']
['UID: ', ['0x4', '0x74', '0xfc', '0xba', '0xa3', '0xf', '0x90'], 51.4, '2025-09-22 16:50:18.316530']
['UID: ', ['0x4', '0x2c', '0xf0', '0xba', '0xa3', '0xf', '0x91'], 50.8, '2025-09-22 16:50:28.354066']
['UID: ', ['0x4', '0xfc', '0xe5', '0xba', '0xa3', '0xf', '0x90'], 50.8, '2025-09-22 16:50:43.208475']
['UID: ', ['0x4', '0x82', '0xd8', '0xba', '0xa3', '0xf', '0x90'], 51.4, '2025-09-22 16:50:45.531581']
['UID: ', ['0x4', '0xa1', '0xe2', '0xba', '0xa3', '0xf', '0x90'], 50.8, '2025-09-22 16:50:47.748709']
['UID: ', ['0x4', '0xd3', '0xad', '0xba', '0xa3', '0xf', '0x90'], 51.4, '2025-09-22 16:51:02.399395']
['UID: ', ['0x4', '0x91', '0x25', '0xba', '0xa3', '0xf', '0x90'], 50.8, '2025-09-22 17:07:00.039380']
['UID: ', ['0x4', '0xf', '0xa7', '0xba', '0xa3', '0xf', '0x90'], 50.8, '2025-09-22 17:16:36.328361']
['UID: ', ['0x4', '0x91', '0x25', '0xba', '0xa3', '0xf', '0x90'], 49.8, '2025-09-23 09:56:48.537078']
['UID: ', ['0x4', '0xd3', '0xad', '0xba', '0xa3', '0xf', '0x90'], 49.8, '2025-09-23 11:03:46.099763']
['UID: ', ['0x4', '0x20', '0xa3', '0xba', '0xa3', '0xf', '0x90'], 50.3, '2025-09-23 11:04:15.597656']
['UID: ', ['0x4', '0xfc', '0xe5', '0xba', '0xa3', '0xf', '0x90'], 49.8, '2025-09-23 11:07:00.826476']
['UID: ', ['0x4', '0x82', '0xd8', '0xba', '0xa3', '0xf', '0x90'], 50.3, '2025-09-23 11:07:03.003180']
['UID: ', ['0x4', '0xa1', '0xe2', '0xba', '0xa3', '0xf', '0x90'], 49.8, '2025-09-23 11:13:49.404011']
['UID: ', ['0x4', '0x74', '0xfc', '0xba', '0xa3', '0xf', '0x90'], 50.3, '2025-09-23 11:19:06.769436']
['UID: ', ['0x4', '0x2c', '0xf0', '0xba', '0xa3', '0xf', '0x91'], 50.3, '2025-09-23 11:33:37.710460']
['UID: ', ['0x4', '0xd3', '0xad', '0xba', '0xa3', '0xf', '0x90'], 50.8, '2025-09-23 12:37:57.418457']
['UID: ', ['0x4', '0x91', '0x25', '0xba', '0xa3', '0xf', '0x90'], 50.8, '2025-09-23 12:50:55.887030']
['UID: ', ['0x4', '0xd3', '0xad', '0xba', '0xa3', '0xf', '0x90'], 50.8, '2025-09-23 12:59:48.245438']
['UID: ', ['0x4', '0x91', '0x25', '0xba', '0xa3', '0xf', '0x90'], 50.8, '2025-09-23 13:15:17.947274']
['UID: ', ['0x4', '0xa1', '0xe2', '0xba', '0xa3', '0xf', '0x90'], 51.4, '2025-09-23 13:34:18.067604']
['UID: ', ['0x4', '0x20', '0xa3', '0xba', '0xa3', '0xf', '0x90'], 51.4, '2025-09-23 13:34:25.248593']
['UID: ', ['0x4', '0x2c', '0xf0', '0xba', '0xa3', '0xf', '0x91'], 51.4, '2025-09-23 13:35:11.800107']
['UID: ', ['0x4', '0x74', '0xfc', '0xba', '0xa3', '0xf', '0x90'], 50.8, '2025-09-23 13:36:07.816627']
['UID: ', ['0x4', '0x82', '0xd8', '0xba', '0xa3', '0xf', '0x90'], 50.8, '2025-09-23 13:37:18.893240']
['UID: ', ['0x4', '0xfc', '0xe5', '0xba', '0xa3', '0xf', '0x90'], 51.4, '2025-09-23 13:37:21.563660']
['UID: ', ['0x4', '0xa1', '0xe2', '0xba', '0xa3', '0xf', '0x90'], 50.8, '2025-09-23 13:55:17.765904']
['UID: ', ['0x4', '0x74', '0xfc', '0xba', '0xa3', '0xf', '0x90'], 50.8, '2025-09-23 13:55:44.275363']
['UID: ', ['0x4', '0x20', '0xa3', '0xba', '0xa3', '0xf', '0x90'], 51.4, '2025-09-23 13:56:30.406921']
['UID: ', ['0x4', '0xfc', '0xe5', '0xba', '0xa3', '0xf', '0x90'], 50.8, '2025-09-23 13:58:10.064425']
['UID: ', ['0x4', '0x82', '0xd8', '0xba', '0xa3', '0xf', '0x90'], 51.4, '2025-09-23 13:58:13.364128']
['UID: ', ['0x4', '0x2c', '0xf0', '0xba', '0xa3', '0xf', '0x91'], 50.8, '2025-09-23 13:59:24.020450']
['UID: ', ['0x4', '0x82', '0xd8', '0xba', '0xa3', '0xf', '0x90'], 51.9, '2025-09-23 15:59:34.359306']
['UID: ', ['0x4', '0xfc', '0xe5', '0xba', '0xa3', '0xf', '0x90'], 51.4, '2025-09-23 15:59:37.185105']
['UID: ', ['0x4', '0xa1', '0xe2', '0xba', '0xa3', '0xf', '0x90'], 51.9, '2025-09-23 15:59:47.749424']
['UID: ', ['0x4', '0x74', '0xfc', '0xba', '0xa3', '0xf', '0x90'], 51.9, '2025-09-23 16:00:18.621160']
['UID: ', ['0x4', '0x20', '0xa3', '0xba', '0xa3', '0xf', '0x90'], 51.4, '2025-09-23 16:02:50.369745']
['UID: ', ['0x4', '0x2c', '0xf0', '0xba', '0xa3', '0xf', '0x91'], 51.9, '2025-09-23 16:02:59.939719']
['UID: ', ['0x4', '0xd3', '0xad', '0xba', '0xa3', '0xf', '0x90'], 51.4, '2025-09-23 16:03:07.864499']
['UID: ', ['0x4', '0x91', '0x25', '0xba', '0xa3', '0xf', '0x90'], 50.8, '2025-09-23 16:30:27.522614']
['UID: ', ['0x4', '0xf', '0xa7', '0xba', '0xa3', '0xf', '0x90'], 50.8, '2025-09-23 16:38:46.719891']
['UID: ', ['0x4', '0x91', '0x25', '0xba', '0xa3', '0xf', '0x90'], 50.3, '2025-09-24 10:03:19.672567']
['UID: ', ['0x4', '0xd3', '0xad', '0xba', '0xa3', '0xf', '0x90'], 50.8, '2025-09-24 11:04:46.504159']
['UID: ', ['0x4', '0x82', '0xd8', '0xba', '0xa3', '0xf', '0x90'], 50.8, '2025-09-24 11:09:03.706020']
['UID: ', ['0x4', '0xfc', '0xe5', '0xba', '0xa3', '0xf', '0x90'], 50.8, '2025-09-24 11:15:53.425595']
['UID: ', ['0x4', '0xa1', '0xe2', '0xba', '0xa3', '0xf', '0x90'], 50.8, '2025-09-24 11:19:28.272037']
['UID: ', ['0x4', '0x74', '0xfc', '0xba', '0xa3', '0xf', '0x90'], 50.3, '2025-09-24 11:22:19.653306']
['UID: ', ['0x4', '0x20', '0xa3', '0xba', '0xa3', '0xf', '0x90'], 50.8, '2025-09-24 11:32:22.669243']
['UID: ', ['0x4', '0x2c', '0xf0', '0xba', '0xa3', '0xf', '0x91'], 51.4, '2025-09-24 11:35:27.554276']
['UID: ', ['0x4', '0xd3', '0xad', '0xba', '0xa3', '0xf', '0x90'], 51.4, '2025-09-24 12:37:44.106014']
['UID: ', ['0x4', '0x2c', '0xf0', '0xba', '0xa3', '0xf', '0x91'], 51.9, '2025-09-24 12:56:58.549616']
['UID: ', ['0x4', '0x74', '0xfc', '0xba', '0xa3', '0xf', '0x90'], 51.4, '2025-09-24 12:57:07.645027']
['UID: ', ['0x4', '0xa1', '0xe2', '0xba', '0xa3', '0xf', '0x90'], 51.4, '2025-09-24 12:57:14.446636']
['UID: ', ['0x4', '0x20', '0xa3', '0xba', '0xa3', '0xf', '0x90'], 51.4, '2025-09-24 12:57:37.675308']
['UID: ', ['0x4', '0xfc', '0xe5', '0xba', '0xa3', '0xf', '0x90'], 51.4, '2025-09-24 12:57:43.169920']
['UID: ', ['0x4', '0x82', '0xd8', '0xba', '0xa3', '0xf', '0x90'], 50.8, '2025-09-24 12:58:58.722556']
['UID: ', ['0x4', '0xd3', '0xad', '0xba', '0xa3', '0xf', '0x90'], 51.4, '2025-09-24 13:00:06.442655']
['UID: ', ['0x4', '0xfc', '0xe5', '0xba', '0xa3', '0xf', '0x90'], 51.9, '2025-09-24 13:18:17.468756']
['UID: ', ['0x4', '0xa1', '0xe2', '0xba', '0xa3', '0xf', '0x90'], 51.9, '2025-09-24 13:18:27.894287']
['UID: ', ['0x4', '0x74', '0xfc', '0xba', '0xa3', '0xf', '0x90'], 51.4, '2025-09-24 13:18:47.739081']
['UID: ', ['0x4', '0x2c', '0xf0', '0xba', '0xa3', '0xf', '0x91'], 51.4, '2025-09-24 13:20:11.903963']
['UID: ', ['0x4', '0x82', '0xd8', '0xba', '0xa3', '0xf', '0x90'], 50.8, '2025-09-24 13:20:27.185626']
['UID: ', ['0x4', '0x20', '0xa3', '0xba', '0xa3', '0xf', '0x90'], 51.4, '2025-09-24 13:20:52.825316']
['UID: ', ['0x4', '0x91', '0x25', '0xba', '0xa3', '0xf', '0x90'], 51.4, '2025-09-24 13:31:30.183317']
['UID: ', ['0x4', '0x91', '0x25', '0xba', '0xa3', '0xf', '0x90'], 51.4, '2025-09-24 13:58:46.316066']
['UID: ', ['0x4', '0x91', '0x25', '0xba', '0xa3', '0xf', '0x90'], 51.9, '2025-09-24 15:01:38.313852']
['UID: ', ['0x4', '0xd3', '0xad', '0xba', '0xa3', '0xf', '0x90'], 50.8, '2025-09-24 17:42:38.757973']
['UID: ', ['0x4', '0x82', '0xd8', '0xba', '0xa3', '0xf', '0x90'], 51.4, '2025-09-24 17:43:46.857061']
['UID: ', ['0x4', '0x74', '0xfc', '0xba', '0xa3', '0xf', '0x90'], 51.9, '2025-09-24 17:43:52.511213']
['UID: ', ['0x4', '0xa1', '0xe2', '0xba', '0xa3', '0xf', '0x90'], 50.8, '2025-09-24 17:44:05.218181']
['UID: ', ['0x4', '0xfc', '0xe5', '0xba', '0xa3', '0xf', '0x90'], 50.8, '2025-09-24 17:44:07.422316']
['UID: ', ['0x4', '0x2c', '0xf0', '0xba', '0xa3', '0xf', '0x91'], 51.4, '2025-09-24 17:44:51.756573']
['UID: ', ['0x4', '0x20', '0xa3', '0xba', '0xa3', '0xf', '0x90'], 51.4, '2025-09-24 17:45:08.261103']
['UID: ', ['0x4', '0xf', '0xa7', '0xba', '0xa3', '0xf', '0x90'], 51.4, '2025-09-24 18:02:22.987394']
['UID: ', ['0x4', '0xf', '0xa7', '0xba', '0xa3', '0xf', '0x90'], 51.4, '2025-09-24 18:12:36.957727']
['UID: ', ['0x4', '0x91', '0x25', '0xba', '0xa3', '0xf', '0x90'], 49.8, '2025-09-25 09:58:00.606992']
['UID: ', ['0x4', '0xd3', '0xad', '0xba', '0xa3', '0xf', '0x90'], 50.8, '2025-09-25 11:00:41.965740']
['UID: ', ['0x4', '0xfc', '0xe5', '0xba', '0xa3', '0xf', '0x90'], 50.8, '2025-09-25 11:05:26.031225']
['UID: ', ['0x4', '0x82', '0xd8', '0xba', '0xa3', '0xf', '0x90'], 49.8, '2025-09-25 11:05:28.421661']
['UID: ', ['0x4', '0x74', '0xfc', '0xba', '0xa3', '0xf', '0x90'], 49.8, '2025-09-25 11:16:14.386095']
['UID: ', ['0x4', '0xa1', '0xe2', '0xba', '0xa3', '0xf', '0x90'], 50.8, '2025-09-25 11:22:54.040080']
['UID: ', ['0x4', '0x20', '0xa3', '0xba', '0xa3', '0xf', '0x90'], 50.8, '2025-09-25 11:29:31.748215']
['UID: ', ['0x4', '0x2c', '0xf0', '0xba', '0xa3', '0xf', '0x91'], 50.8, '2025-09-25 11:32:11.770653']
['UID: ', ['0x4', '0x91', '0x25', '0xba', '0xa3', '0xf', '0x90'], 51.4, '2025-09-25 12:30:29.773104']
['UID: ', ['0x4', '0x91', '0x25', '0xba', '0xa3', '0xf', '0x90'], 50.8, '2025-09-25 12:53:11.549744']
['UID: ', ['0x4', '0xd3', '0xad', '0xba', '0xa3', '0xf', '0x90'], 51.4, '2025-09-25 12:59:49.358704']
['UID: ', ['0x4', '0xd3', '0xad', '0xba', '0xa3', '0xf', '0x90'], 51.9, '2025-09-25 13:21:25.903367']
['UID: ', ['0x4', '0xa1', '0xe2', '0xba', '0xa3', '0xf', '0x90'], 51.9, '2025-09-25 13:33:08.047017']
['UID: ', ['0x4', '0xfc', '0xe5', '0xba', '0xa3', '0xf', '0x90'], 51.9, '2025-09-25 13:33:11.481899']
['UID: ', ['0x4', '0x20', '0xa3', '0xba', '0xa3', '0xf', '0x90'], 51.9, '2025-09-25 13:33:23.035009']
['UID: ', ['0x4', '0x74', '0xfc', '0xba', '0xa3', '0xf', '0x90'], 51.9, '2025-09-25 13:33:50.394603']
['UID: ', ['0x4', '0x2c', '0xf0', '0xba', '0xa3', '0xf', '0x91'], 51.4, '2025-09-25 13:34:13.376342']
['UID: ', ['0x4', '0x82', '0xd8', '0xba', '0xa3', '0xf', '0x90'], 51.9, '2025-09-25 13:34:23.722054']
['UID: ', ['0x4', '0x2c', '0xf0', '0xba', '0xa3', '0xf', '0x91'], 51.9, '2025-09-25 13:56:10.033411']
['UID: ', ['0x4', '0xfc', '0xe5', '0xba', '0xa3', '0xf', '0x90'], 51.9, '2025-09-25 13:56:26.210597']
['UID: ', ['0x4', '0xa1', '0xe2', '0xba', '0xa3', '0xf', '0x90'], 51.4, '2025-09-25 13:56:28.284008']
['UID: ', ['0x4', '0x82', '0xd8', '0xba', '0xa3', '0xf', '0x90'], 51.9, '2025-09-25 13:56:34.400837']
['UID: ', ['0x4', '0x74', '0xfc', '0xba', '0xa3', '0xf', '0x90'], 51.9, '2025-09-25 13:56:46.166242']
['UID: ', ['0x4', '0x20', '0xa3', '0xba', '0xa3', '0xf', '0x90'], 51.4, '2025-09-25 13:57:06.890650']
['UID: ', ['0x4', '0x91', '0x25', '0xba', '0xa3', '0xf', '0x90'], 51.9, '2025-09-25 17:32:17.313676']
['UID: ', ['0x4', '0xd3', '0xad', '0xba', '0xa3', '0xf', '0x90'], 51.9, '2025-09-25 17:58:47.178685']
['UID: ', ['0x4', '0x74', '0xfc', '0xba', '0xa3', '0xf', '0x90'], 51.4, '2025-09-25 18:26:38.085766']
['UID: ', ['0x4', '0x82', '0xd8', '0xba', '0xa3', '0xf', '0x90'], 51.4, '2025-09-25 18:26:45.774426']
['UID: ', ['0x4', '0xa1', '0xe2', '0xba', '0xa3', '0xf', '0x90'], 51.4, '2025-09-25 18:27:02.293452']
['UID: ', ['0x4', '0xfc', '0xe5', '0xba', '0xa3', '0xf', '0x90'], 50.8, '2025-09-25 18:27:04.444249']
['UID: ', ['0x4', '0x20', '0xa3', '0xba', '0xa3', '0xf', '0x90'], 51.4, '2025-09-25 18:28:14.799255']
['UID: ', ['0x4', '0x2c', '0xf0', '0xba', '0xa3', '0xf', '0x91'], 51.4, '2025-09-25 18:34:17.945240']
['UID: ', ['0x4', '0xf', '0xa7', '0xba', '0xa3', '0xf', '0x90'], 50.8, '2025-09-25 18:42:29.283987']
['UID: ', ['0x4', '0x91', '0x25', '0xba', '0xa3', '0xf', '0x90'], 50.8, '2025-09-26 09:58:27.501752']
['UID: ', ['0x4', '0xd3', '0xad', '0xba', '0xa3', '0xf', '0x90'], 49.8, '2025-09-26 11:01:26.416275']
['UID: ', ['0x4', '0x74', '0xfc', '0xba', '0xa3', '0xf', '0x90'], 50.8, '2025-09-26 11:16:26.891328']
['UID: ', ['0x4', '0xfc', '0xe5', '0xba', '0xa3', '0xf', '0x90'], 50.8, '2025-09-26 11:16:46.827029']
['UID: ', ['0x4', '0xa1', '0xe2', '0xba', '0xa3', '0xf', '0x90'], 50.8, '2025-09-26 11:17:19.592776']
['UID: ', ['0x4', '0x82', '0xd8', '0xba', '0xa3', '0xf', '0x90'], 50.8, '2025-09-26 11:19:29.366355']
['UID: ', ['0x4', '0x2c', '0xf0', '0xba', '0xa3', '0xf', '0x91'], 50.8, '2025-09-26 11:36:19.701618']
['UID: ', ['0x4', '0xd3', '0xad', '0xba', '0xa3', '0xf', '0x90'], 50.8, '2025-09-26 12:17:03.958470']
['UID: ', ['0x4', '0xd3', '0xad', '0xba', '0xa3', '0xf', '0x90'], 50.8, '2025-09-26 12:38:17.777426']
['UID: ', ['0x4', '0x91', '0x25', '0xba', '0xa3', '0xf', '0x90'], 50.8, '2025-09-26 12:52:31.326835']
['UID: ', ['0x4', '0x91', '0x25', '0xba', '0xa3', '0xf', '0x90'], 50.8, '2025-09-26 13:18:34.847741']
['UID: ', ['0x4', '0x2c', '0xf0', '0xba', '0xa3', '0xf', '0x91'], 50.8, '2025-09-26 13:34:08.811584']
['UID: ', ['0x4', '0x74', '0xfc', '0xba', '0xa3', '0xf', '0x90'], 50.8, '2025-09-26 13:35:29.208846']
['UID: ', ['0x4', '0xa1', '0xe2', '0xba', '0xa3', '0xf', '0x90'], 50.8, '2025-09-26 13:35:59.865587']
['UID: ', ['0x4', '0xfc', '0xe5', '0xba', '0xa3', '0xf', '0x90'], 51.4, '2025-09-26 13:36:02.747524']
['UID: ', ['0x4', '0x82', '0xd8', '0xba', '0xa3', '0xf', '0x90'], 51.4, '2025-09-26 13:36:05.257193']
['UID: ', ['0x4', '0x82', '0xd8', '0xba', '0xa3', '0xf', '0x90'], 50.8, '2025-09-26 13:56:19.637835']
['UID: ', ['0x4', '0x82', '0xd8', '0xba', '0xa3', '0xf', '0x90'], 50.8, '2025-09-26 13:56:23.758625']
['UID: ', ['0x4', '0x2c', '0xf0', '0xba', '0xa3', '0xf', '0x91'], 50.8, '2025-09-26 13:57:15.967107']
['UID: ', ['0x4', '0xfc', '0xe5', '0xba', '0xa3', '0xf', '0x90'], 50.8, '2025-09-26 13:57:25.020673']
['UID: ', ['0x4', '0xa1', '0xe2', '0xba', '0xa3', '0xf', '0x90'], 50.8, '2025-09-26 13:57:28.116871']
['UID: ', ['0x4', '0x74', '0xfc', '0xba', '0xa3', '0xf', '0x90'], 50.8, '2025-09-26 13:58:38.029228']
['UID: ', ['0x4', '0x91', '0x25', '0xba', '0xa3', '0xf', '0x90'], 50.8, '2025-09-26 16:26:45.786526']
['UID: ', ['0x4', '0x74', '0xfc', '0xba', '0xa3', '0xf', '0x90'], 51.4, '2025-09-26 16:31:30.561265']
['UID: ', ['0x4', '0x82', '0xd8', '0xba', '0xa3', '0xf', '0x90'], 50.8, '2025-09-26 16:31:41.389576']
['UID: ', ['0x4', '0xfc', '0xe5', '0xba', '0xa3', '0xf', '0x90'], 50.8, '2025-09-26 16:32:18.907721']
['UID: ', ['0x4', '0xa1', '0xe2', '0xba', '0xa3', '0xf', '0x90'], 51.4, '2025-09-26 16:32:22.311096']
['UID: ', ['0x4', '0x2c', '0xf0', '0xba', '0xa3', '0xf', '0x91'], 51.4, '2025-09-26 16:37:16.042256']
['UID: ', ['0x4', '0xd3', '0xad', '0xba', '0xa3', '0xf', '0x90'], 50.8, '2025-09-26 16:48:21.969466']
['UID: ', ['0x4', '0xfc', '0xe5', '0xba', '0xa3', '0xf', '0x90'], 49.8, '2025-09-29 10:55:13.211740']
['UID: ', ['0x4', '0xd3', '0xad', '0xba', '0xa3', '0xf', '0x90'], 49.8, '2025-09-29 11:04:00.685979']
['UID: ', ['0x4', '0xa1', '0xe2', '0xba', '0xa3', '0xf', '0x90'], 49.8, '2025-09-29 11:23:01.470559']
['UID: ', ['0x4', '0x74', '0xfc', '0xba', '0xa3', '0xf', '0x90'], 49.8, '2025-09-29 11:26:23.024499']
['UID: ', ['0x4', '0x2c', '0xf0', '0xba', '0xa3', '0xf', '0x91'], 49.8, '2025-09-29 11:31:41.171775']
['UID: ', ['0x4', '0x20', '0xa3', '0xba', '0xa3', '0xf', '0x90'], 49.8, '2025-09-29 11:33:34.873956']
['UID: ', ['0x4', '0xd3', '0xad', '0xba', '0xa3', '0xf', '0x90'], 50.8, '2025-09-29 12:39:45.497623']
['UID: ', ['0x4', '0xd3', '0xad', '0xba', '0xa3', '0xf', '0x90'], 50.8, '2025-09-29 13:04:05.703516']
['UID: ', ['0x4', '0x2c', '0xf0', '0xba', '0xa3', '0xf', '0x91'], 51.4, '2025-09-29 13:35:02.111934']
['UID: ', ['0x4', '0xa1', '0xe2', '0xba', '0xa3', '0xf', '0x90'], 51.4, '2025-09-29 13:35:42.206093']
['UID: ', ['0x4', '0xfc', '0xe5', '0xba', '0xa3', '0xf', '0x90'], 50.8, '2025-09-29 13:35:44.879416']
['UID: ', ['0x4', '0x74', '0xfc', '0xba', '0xa3', '0xf', '0x90'], 51.4, '2025-09-29 13:35:54.280613']
['UID: ', ['0x4', '0x20', '0xa3', '0xba', '0xa3', '0xf', '0x90'], 50.8, '2025-09-29 13:35:59.032110']
['UID: ', ['0x4', '0xfc', '0xe5', '0xba', '0xa3', '0xf', '0x90'], 51.4, '2025-09-29 13:56:14.358443']
['UID: ', ['0x4', '0xa1', '0xe2', '0xba', '0xa3', '0xf', '0x90'], 51.4, '2025-09-29 13:56:17.280821']
['UID: ', ['0x4', '0x2c', '0xf0', '0xba', '0xa3', '0xf', '0x91'], 51.4, '2025-09-29 13:56:44.593215']
['UID: ', ['0x4', '0x20', '0xa3', '0xba', '0xa3', '0xf', '0x90'], 51.4, '2025-09-29 13:58:01.962986']
['UID: ', ['0x4', '0x74', '0xfc', '0xba', '0xa3', '0xf', '0x90'], 51.9, '2025-09-29 13:58:08.110714']
['UID: ', ['0x4', '0x74', '0xfc', '0xba', '0xa3', '0xf', '0x90'], 51.9, '2025-09-29 16:12:18.378055']
['UID: ', ['0x4', '0x20', '0xa3', '0xba', '0xa3', '0xf', '0x90'], 51.9, '2025-09-29 16:12:49.267986']
['UID: ', ['0x4', '0xd3', '0xad', '0xba', '0xa3', '0xf', '0x90'], 51.9, '2025-09-29 16:12:57.692451']
['UID: ', ['0x4', '0xfc', '0xe5', '0xba', '0xa3', '0xf', '0x90'], 51.4, '2025-09-29 16:13:02.590852']
['UID: ', ['0x4', '0xa1', '0xe2', '0xba', '0xa3', '0xf', '0x90'], 51.4, '2025-09-29 16:13:09.266460']
['UID: ', ['0x4', '0x2c', '0xf0', '0xba', '0xa3', '0xf', '0x91'], 51.4, '2025-09-29 16:13:39.532235']
['UID: ', ['0x4', '0xf', '0xa7', '0xba', '0xa3', '0xf', '0x90'], 50.8, '2025-09-29 17:42:25.218544']
['UID: ', ['0x4', '0xf', '0xa7', '0xba', '0xa3', '0xf', '0x90'], 50.8, '2025-09-29 17:59:35.454828']
['UID: ', ['0x4', '0xa1', '0xe2', '0xba', '0xa3', '0xf', '0x90'], 50.3, '2025-09-30 10:49:18.037017']
['UID: ', ['0x4', '0x74', '0xfc', '0xba', '0xa3', '0xf', '0x90'], 50.8, '2025-09-30 10:52:42.925043']
['UID: ', ['0x4', '0xd3', '0xad', '0xba', '0xa3', '0xf', '0x90'], 50.8, '2025-09-30 11:06:20.739505']
['UID: ', ['0x4', '0x2c', '0xf0', '0xba', '0xa3', '0xf', '0x91'], 50.8, '2025-09-30 11:06:38.634014']
['UID: ', ['0x4', '0x20', '0xa3', '0xba', '0xa3', '0xf', '0x90'], 50.8, '2025-09-30 11:07:43.805324']
['UID: ', ['0x4', '0xd3', '0xad', '0xba', '0xa3', '0xf', '0x90'], 51.4, '2025-09-30 12:26:02.969061']
['UID: ', ['0x4', '0x2c', '0xf0', '0xba', '0xa3', '0xf', '0x91'], 50.8, '2025-09-30 12:46:01.080458']
['UID: ', ['0x4', '0x74', '0xfc', '0xba', '0xa3', '0xf', '0x90'], 51.4, '2025-09-30 12:46:10.358775']
['UID: ', ['0x4', '0xa1', '0xe2', '0xba', '0xa3', '0xf', '0x90'], 51.4, '2025-09-30 12:46:39.198464']
['UID: ', ['0x4', '0x20', '0xa3', '0xba', '0xa3', '0xf', '0x90'], 51.9, '2025-09-30 12:46:41.594030']
['UID: ', ['0x4', '0xd3', '0xad', '0xba', '0xa3', '0xf', '0x90'], 51.4, '2025-09-30 12:49:18.268422']
['UID: ', ['0x4', '0xa1', '0xe2', '0xba', '0xa3', '0xf', '0x90'], 51.9, '2025-09-30 13:08:37.597581']
['UID: ', ['0x4', '0x20', '0xa3', '0xba', '0xa3', '0xf', '0x90'], 51.9, '2025-09-30 13:08:40.335340']
['UID: ', ['0x4', '0x2c', '0xf0', '0xba', '0xa3', '0xf', '0x91'], 51.4, '2025-09-30 13:09:04.334842']
['UID: ', ['0x4', '0x74', '0xfc', '0xba', '0xa3', '0xf', '0x90'], 51.9, '2025-09-30 13:09:30.837827']
['UID: ', ['0x4', '0x74', '0xfc', '0xba', '0xa3', '0xf', '0x90'], 52.5, '2025-09-30 18:21:24.562501']
['UID: ', ['0x4', '0xd3', '0xad', '0xba', '0xa3', '0xf', '0x90'], 53.0, '2025-09-30 18:21:34.282166']
['UID: ', ['0x4', '0x2c', '0xf0', '0xba', '0xa3', '0xf', '0x91'], 52.5, '2025-09-30 18:21:42.253966']
['UID: ', ['0x4', '0x20', '0xa3', '0xba', '0xa3', '0xf', '0x90'], 51.9, '2025-09-30 18:21:48.272529']
['UID: ', ['0x4', '0xa1', '0xe2', '0xba', '0xa3', '0xf', '0x90'], 52.5, '2025-09-30 18:21:51.709485']
['UID: ', ['0x4', '0xf', '0xa7', '0xba', '0xa3', '0xf', '0x90'], 51.9, '2025-09-30 18:26:09.368933']
['UID: ', ['0x4', '0x74', '0xfc', '0xba', '0xa3', '0xf', '0x90'], 50.8, '2025-10-01 09:46:08.806454']
['UID: ', ['0x4', '0xfc', '0xe5', '0xba', '0xa3', '0xf', '0x90'], 51.4, '2025-10-01 09:46:30.904414']
['UID: ', ['0x4', '0x82', '0xd8', '0xba', '0xa3', '0xf', '0x90'], 51.4, '2025-10-01 09:53:11.389559']
['UID: ', ['0x4', '0x20', '0xa3', '0xba', '0xa3', '0xf', '0x90'], 50.8, '2025-10-01 10:04:37.359881']
['UID: ', ['0x4', '0xd3', '0xad', '0xba', '0xa3', '0xf', '0x90'], 51.4, '2025-10-01 10:06:31.969811']
['UID: ', ['0x4', '0x2c', '0xf0', '0xba', '0xa3', '0xf', '0x91'], 51.4, '2025-10-01 10:11:20.658730']
['UID: ', ['0x4', '0xa1', '0xe2', '0xba', '0xa3', '0xf', '0x90'], 51.4, '2025-10-01 11:01:03.564823']
['UID: ', ['0x4', '0xd3', '0xad', '0xba', '0xa3', '0xf', '0x90'], 51.4, '2025-10-01 12:17:26.017625']
['UID: ', ['0x4', '0x2c', '0xf0', '0xba', '0xa3', '0xf', '0x91'], 51.9, '2025-10-01 13:03:28.032854']
['UID: ', ['0x4', '0x74', '0xfc', '0xba', '0xa3', '0xf', '0x90'], 51.9, '2025-10-01 13:03:48.880928']
['UID: ', ['0x4', '0x82', '0xd8', '0xba', '0xa3', '0xf', '0x90'], 51.9, '2025-10-01 13:06:42.225473']
['UID: ', ['0x4', '0x20', '0xa3', '0xba', '0xa3', '0xf', '0x90'], 51.9, '2025-10-01 13:06:51.590678']
['UID: ', ['0x4', '0xa1', '0xe2', '0xba', '0xa3', '0xf', '0x90'], 51.9, '2025-10-01 13:08:20.844255']
['UID: ', ['0x4', '0xfc', '0xe5', '0xba', '0xa3', '0xf', '0x90'], 51.9, '2025-10-01 13:08:23.601361']
['UID: ', ['0x4', '0x2c', '0xf0', '0xba', '0xa3', '0xf', '0x91'], 51.9, '2025-10-01 13:26:19.655542']
['UID: ', ['0x4', '0x74', '0xfc', '0xba', '0xa3', '0xf', '0x90'], 51.9, '2025-10-01 13:27:11.900742']
['UID: ', ['0x4', '0x82', '0xd8', '0xba', '0xa3', '0xf', '0x90'], 51.9, '2025-10-01 13:27:40.988978']
['UID: ', ['0x4', '0x20', '0xa3', '0xba', '0xa3', '0xf', '0x90'], 51.9, '2025-10-01 13:28:36.592007']
['UID: ', ['0x4', '0xfc', '0xe5', '0xba', '0xa3', '0xf', '0x90'], 51.9, '2025-10-01 13:30:19.367961']
['UID: ', ['0x4', '0xa1', '0xe2', '0xba', '0xa3', '0xf', '0x90'], 51.9, '2025-10-01 13:30:22.058618']
['UID: ', ['0x4', '0x74', '0xfc', '0xba', '0xa3', '0xf', '0x90'], 51.9, '2025-10-01 16:56:04.550856']
['UID: ', ['0x4', '0xa1', '0xe2', '0xba', '0xa3', '0xf', '0x90'], 51.9, '2025-10-01 16:56:25.449511']
['UID: ', ['0x4', '0xfc', '0xe5', '0xba', '0xa3', '0xf', '0x90'], 51.9, '2025-10-01 16:56:30.260656']
['UID: ', ['0x4', '0x82', '0xd8', '0xba', '0xa3', '0xf', '0x90'], 52.5, '2025-10-01 16:56:32.933488']
['UID: ', ['0x4', '0x2c', '0xf0', '0xba', '0xa3', '0xf', '0x91'], 51.9, '2025-10-01 16:56:49.486112']
['UID: ', ['0x4', '0x20', '0xa3', '0xba', '0xa3', '0xf', '0x90'], 51.9, '2025-10-01 16:57:53.450730']
['UID: ', ['0x4', '0xd3', '0xad', '0xba', '0xa3', '0xf', '0x90'], 51.9, '2025-10-01 16:59:39.580491']
['UID: ', ['0x4', '0xf', '0xa7', '0xba', '0xa3', '0xf', '0x90'], 51.9, '2025-10-01 18:08:32.497485']
['UID: ', ['0x4', '0x74', '0xfc', '0xba', '0xa3', '0xf', '0x90'], 50.8, '2025-10-02 10:50:29.076781']
['UID: ', ['0x4', '0x82', '0xd8', '0xba', '0xa3', '0xf', '0x90'], 51.4, '2025-10-02 10:50:59.756853']
['UID: ', ['0x4', '0xa1', '0xe2', '0xba', '0xa3', '0xf', '0x90'], 51.4, '2025-10-02 10:52:27.567926']
['UID: ', ['0x4', '0xfc', '0xe5', '0xba', '0xa3', '0xf', '0x90'], 50.8, '2025-10-02 10:55:35.335202']
['UID: ', ['0x4', '0xd3', '0xad', '0xba', '0xa3', '0xf', '0x90'], 50.8, '2025-10-02 11:01:20.656061']
['UID: ', ['0x4', '0x20', '0xa3', '0xba', '0xa3', '0xf', '0x90'], 51.4, '2025-10-02 11:06:09.776561']
['UID: ', ['0x4', '0x2c', '0xf0', '0xba', '0xa3', '0xf', '0x91'], 51.4, '2025-10-02 11:08:19.904349']
['UID: ', ['0x4', '0xd3', '0xad', '0xba', '0xa3', '0xf', '0x90'], 51.9, '2025-10-02 12:37:45.596179']
['UID: ', ['0x4', '0xd3', '0xad', '0xba', '0xa3', '0xf', '0x90'], 51.9, '2025-10-02 13:00:46.233019']
['UID: ', ['0x4', '0x2c', '0xf0', '0xba', '0xa3', '0xf', '0x91'], 51.9, '2025-10-02 13:33:18.389565']
['UID: ', ['0x4', '0xa1', '0xe2', '0xba', '0xa3', '0xf', '0x90'], 52.5, '2025-10-02 13:35:13.729147']
['UID: ', ['0x4', '0xfc', '0xe5', '0xba', '0xa3', '0xf', '0x90'], 51.9, '2025-10-02 13:35:16.398812']
['UID: ', ['0x4', '0x74', '0xfc', '0xba', '0xa3', '0xf', '0x90'], 51.9, '2025-10-02 13:35:30.731355']
['UID: ', ['0x4', '0x20', '0xa3', '0xba', '0xa3', '0xf', '0x90'], 51.9, '2025-10-02 13:36:09.999752']
['UID: ', ['0x4', '0x82', '0xd8', '0xba', '0xa3', '0xf', '0x90'], 51.9, '2025-10-02 13:36:20.831081']
['UID: ', ['0x4', '0x2c', '0xf0', '0xba', '0xa3', '0xf', '0x91'], 51.9, '2025-10-02 13:56:35.463027']
['UID: ', ['0x4', '0x82', '0xd8', '0xba', '0xa3', '0xf', '0x90'], 52.5, '2025-10-02 13:58:53.548140']
['UID: ', ['0x4', '0xfc', '0xe5', '0xba', '0xa3', '0xf', '0x90'], 51.9, '2025-10-02 13:59:01.936045']
['UID: ', ['0x4', '0xa1', '0xe2', '0xba', '0xa3', '0xf', '0x90'], 51.9, '2025-10-02 13:59:06.135733']
['UID: ', ['0x4', '0x20', '0xa3', '0xba', '0xa3', '0xf', '0x90'], 51.9, '2025-10-02 14:00:14.953169']
['UID: ', ['0x4', '0x74', '0xfc', '0xba', '0xa3', '0xf', '0x90'], 52.5, '2025-10-02 14:00:19.994219']
['UID: ', ['0x4', '0xa1', '0xe2', '0xba', '0xa3', '0xf', '0x90'], 51.9, '2025-10-02 18:00:05.928908']
['UID: ', ['0x4', '0xfc', '0xe5', '0xba', '0xa3', '0xf', '0x90'], 51.9, '2025-10-02 18:00:09.917372']
['UID: ', ['0x4', '0x74', '0xfc', '0xba', '0xa3', '0xf', '0x90'], 51.4, '2025-10-02 18:00:23.300284']
['UID: ', ['0x4', '0x20', '0xa3', '0xba', '0xa3', '0xf', '0x90'], 51.9, '2025-10-02 18:00:35.089018']
['UID: ', ['0x4', '0x2c', '0xf0', '0xba', '0xa3', '0xf', '0x91'], 52.5, '2025-10-02 18:01:12.048458']
['UID: ', ['0x4', '0x82', '0xd8', '0xba', '0xa3', '0xf', '0x90'], 52.5, '2025-10-02 18:01:19.110643']
['UID: ', ['0x4', '0xd3', '0xad', '0xba', '0xa3', '0xf', '0x90'], 52.5, '2025-10-02 18:01:41.856347']
['UID: ', ['0x4', '0xf', '0xa7', '0xba', '0xa3', '0xf', '0x90'], 51.9, '2025-10-02 18:39:37.990805']
['UID: ', ['0x4', '0xf', '0xa7', '0xba', '0xa3', '0xf', '0x90'], 51.9, '2025-10-02 18:45:37.753426']
['UID: ', ['0x4', '0xd3', '0xad', '0xba', '0xa3', '0xf', '0x90'], 51.4, '2025-10-03 10:34:36.905949']
['UID: ', ['0x4', '0x74', '0xfc', '0xba', '0xa3', '0xf', '0x90'], 51.9, '2025-10-03 10:51:14.619805']
['UID: ', ['0x4', '0xfc', '0xe5', '0xba', '0xa3', '0xf', '0x90'], 51.9, '2025-10-03 10:51:20.422571']
['UID: ', ['0x4', '0x82', '0xd8', '0xba', '0xa3', '0xf', '0x90'], 51.9, '2025-10-03 10:55:16.978820']
['UID: ', ['0x4', '0xa1', '0xe2', '0xba', '0xa3', '0xf', '0x90'], 51.9, '2025-10-03 10:59:01.194635']
['UID: ', ['0x4', '0x2c', '0xf0', '0xba', '0xa3', '0xf', '0x91'], 51.9, '2025-10-03 11:02:50.502813']
['UID: ', ['0x4', '0xd3', '0xad', '0xba', '0xa3', '0xf', '0x90'], 51.9, '2025-10-03 12:31:16.223844']
['UID: ', ['0x4', '0xd3', '0xad', '0xba', '0xa3', '0xf', '0x90'], 53.0, '2025-10-03 12:52:36.629731']
['UID: ', ['0x4', '0xa1', '0xe2', '0xba', '0xa3', '0xf', '0x90'], 51.9, '2025-10-03 13:33:37.130857']
['UID: ', ['0x4', '0xfc', '0xe5', '0xba', '0xa3', '0xf', '0x90'], 52.5, '2025-10-03 13:33:39.636607']
['UID: ', ['0x4', '0x2c', '0xf0', '0xba', '0xa3', '0xf', '0x91'], 52.5, '2025-10-03 13:33:51.923431']
['UID: ', ['0x4', '0x74', '0xfc', '0xba', '0xa3', '0xf', '0x90'], 52.5, '2025-10-03 13:33:58.001583']
['UID: ', ['0x4', '0x82', '0xd8', '0xba', '0xa3', '0xf', '0x90'], 51.9, '2025-10-03 13:34:47.546560']
['UID: ', ['0x4', '0x74', '0xfc', '0xba', '0xa3', '0xf', '0x90'], 51.9, '2025-10-03 13:55:25.144050']
['UID: ', ['0x4', '0xa1', '0xe2', '0xba', '0xa3', '0xf', '0x90'], 53.0, '2025-10-03 13:56:01.656599']
['UID: ', ['0x4', '0xfc', '0xe5', '0xba', '0xa3', '0xf', '0x90'], 52.5, '2025-10-03 13:56:31.766868']
['UID: ', ['0x4', '0x82', '0xd8', '0xba', '0xa3', '0xf', '0x90'], 52.5, '2025-10-03 13:56:34.111865']
['UID: ', ['0x4', '0x2c', '0xf0', '0xba', '0xa3', '0xf', '0x91'], 52.5, '2025-10-03 13:56:40.270557']
['UID: ', ['0x4', '0xfc', '0xe5', '0xba', '0xa3', '0xf', '0x90'], 51.9, '2025-10-03 18:06:25.634414']
['UID: ', ['0x4', '0xa1', '0xe2', '0xba', '0xa3', '0xf', '0x90'], 51.9, '2025-10-03 18:06:27.787315']
['UID: ', ['0x4', '0x74', '0xfc', '0xba', '0xa3', '0xf', '0x90'], 51.9, '2025-10-03 18:06:33.803965']
['UID: ', ['0x4', '0x2c', '0xf0', '0xba', '0xa3', '0xf', '0x91'], 52.5, '2025-10-03 18:06:39.062146']
['UID: ', ['0x4', '0xd3', '0xad', '0xba', '0xa3', '0xf', '0x90'], 51.9, '2025-10-03 18:08:01.354805']
['UID: ', ['0x4', '0x82', '0xd8', '0xba', '0xa3', '0xf', '0x90'], 53.0, '2025-10-03 18:08:59.574403']
['UID: ', ['0x4', '0xf', '0xa7', '0xba', '0xa3', '0xf', '0x90'], 52.5, '2025-10-03 18:21:38.877216']
['UID: ', ['0x4', '0xfc', '0xe5', '0xba', '0xa3', '0xf', '0x90'], 50.3, '2025-10-06 10:10:05.424683']
['UID: ', ['0x4', '0x74', '0xfc', '0xba', '0xa3', '0xf', '0x90'], 50.8, '2025-10-06 10:19:07.275678']
['UID: ', ['0x4', '0xa1', '0xe2', '0xba', '0xa3', '0xf', '0x90'], 50.3, '2025-10-06 10:25:13.875493']
['UID: ', ['0x4', '0x2c', '0xf0', '0xba', '0xa3', '0xf', '0x91'], 51.4, '2025-10-06 10:38:22.835770']
['UID: ', ['0x4', '0xa1', '0xe2', '0xba', '0xa3', '0xf', '0x90'], 51.9, '2025-10-06 13:31:07.388424']
['UID: ', ['0x4', '0xfc', '0xe5', '0xba', '0xa3', '0xf', '0x90'], 52.5, '2025-10-06 13:31:10.063819']
['UID: ', ['0x4', '0x2c', '0xf0', '0xba', '0xa3', '0xf', '0x91'], 51.9, '2025-10-06 13:31:25.900909']
['UID: ', ['0x4', '0x74', '0xfc', '0xba', '0xa3', '0xf', '0x90'], 51.9, '2025-10-06 13:31:31.759274']
['UID: ', ['0x4', '0xfc', '0xe5', '0xba', '0xa3', '0xf', '0x90'], 52.5, '2025-10-06 13:56:07.016812']
['UID: ', ['0x4', '0xa1', '0xe2', '0xba', '0xa3', '0xf', '0x90'], 51.9, '2025-10-06 13:56:09.689949']
['UID: ', ['0x4', '0x74', '0xfc', '0xba', '0xa3', '0xf', '0x90'], 51.9, '2025-10-06 13:56:49.964257']
['UID: ', ['0x4', '0x2c', '0xf0', '0xba', '0xa3', '0xf', '0x91'], 51.9, '2025-10-06 13:57:32.537413']
['UID: ', ['0x4', '0x74', '0xfc', '0xba', '0xa3', '0xf', '0x90'], 53.0, '2025-10-06 18:03:02.013569']
['UID: ', ['0x4', '0x2c', '0xf0', '0xba', '0xa3', '0xf', '0x91'], 53.0, '2025-10-06 18:08:43.753346']
['UID: ', ['0x4', '0xf', '0xa7', '0xba', '0xa3', '0xf', '0x90'], 52.5, '2025-10-06 18:08:53.330944']
['UID: ', ['0x4', '0xfc', '0xe5', '0xba', '0xa3', '0xf', '0x90'], 53.0, '2025-10-06 18:09:09.966224']
['UID: ', ['0x4', '0xa1', '0xe2', '0xba', '0xa3', '0xf', '0x90'], 53.0, '2025-10-06 18:09:12.756426']
['UID: ', ['0x4', '0xf', '0xa7', '0xba', '0xa3', '0xf', '0x90'], 53.0, '2025-10-06 18:47:53.641813']
['UID: ', ['0x4', '0x82', '0xd8', '0xba', '0xa3', '0xf', '0x90'], 51.9, '2025-10-07 09:47:54.951607']
['UID: ', ['0x4', '0x74', '0xfc', '0xba', '0xa3', '0xf', '0x90'], 51.4, '2025-10-07 09:48:52.549245']
['UID: ', ['0x4', '0xfc', '0xe5', '0xba', '0xa3', '0xf', '0x90'], 51.9, '2025-10-07 09:50:59.557465']
['UID: ', ['0x4', '0xa1', '0xe2', '0xba', '0xa3', '0xf', '0x90'], 51.4, '2025-10-07 09:56:13.302381']
['UID: ', ['0x4', '0xd3', '0xad', '0xba', '0xa3', '0xf', '0x90'], 51.4, '2025-10-07 10:01:04.963292']
['UID: ', ['0x4', '0x2c', '0xf0', '0xba', '0xa3', '0xf', '0x91'], 51.4, '2025-10-07 10:11:48.183930']
['UID: ', ['0x4', '0xd3', '0xad', '0xba', '0xa3', '0xf', '0x90'], 51.9, '2025-10-07 12:18:14.888197']
['UID: ', ['0x4', '0xd3', '0xad', '0xba', '0xa3', '0xf', '0x90'], 51.9, '2025-10-07 12:42:49.128136']
['UID: ', ['0x4', '0xa1', '0xe2', '0xba', '0xa3', '0xf', '0x90'], 51.9, '2025-10-07 13:31:04.300604']
['UID: ', ['0x4', '0xfc', '0xe5', '0xba', '0xa3', '0xf', '0x90'], 52.5, '2025-10-07 13:31:07.021815']
['UID: ', ['0x4', '0x2c', '0xf0', '0xba', '0xa3', '0xf', '0x91'], 52.5, '2025-10-07 13:31:27.251971']
['UID: ', ['0x4', '0x74', '0xfc', '0xba', '0xa3', '0xf', '0x90'], 52.5, '2025-10-07 13:31:34.741710']
['UID: ', ['0x4', '0x82', '0xd8', '0xba', '0xa3', '0xf', '0x90'], 51.9, '2025-10-07 13:32:20.048360']
['UID: ', ['0x4', '0x82', '0xd8', '0xba', '0xa3', '0xf', '0x90'], 53.0, '2025-10-07 13:53:17.611219']
['UID: ', ['0x4', '0xa1', '0xe2', '0xba', '0xa3', '0xf', '0x90'], 51.9, '2025-10-07 13:54:35.493290']
['UID: ', ['0x4', '0xfc', '0xe5', '0xba', '0xa3', '0xf', '0x90'], 52.5, '2025-10-07 13:54:37.940694']
['UID: ', ['0x4', '0x74', '0xfc', '0xba', '0xa3', '0xf', '0x90'], 53.0, '2025-10-07 13:55:11.376474']
['UID: ', ['0x4', '0x2c', '0xf0', '0xba', '0xa3', '0xf', '0x91'], 53.0, '2025-10-07 13:55:54.781809']
['UID: ', ['0x4', '0x82', '0xd8', '0xba', '0xa3', '0xf', '0x90'], 53.0, '2025-10-07 18:00:50.925421']
['UID: ', ['0x4', '0x74', '0xfc', '0xba', '0xa3', '0xf', '0x90'], 53.0, '2025-10-07 18:01:02.398815']
['UID: ', ['0x4', '0x2c', '0xf0', '0xba', '0xa3', '0xf', '0x91'], 53.0, '2025-10-07 18:01:09.721114']
['UID: ', ['0x4', '0xa1', '0xe2', '0xba', '0xa3', '0xf', '0x90'], 53.0, '2025-10-07 18:02:17.185986']
['UID: ', ['0x4', '0xfc', '0xe5', '0xba', '0xa3', '0xf', '0x90'], 53.0, '2025-10-07 18:02:19.973929']
['UID: ', ['0x4', '0xd3', '0xad', '0xba', '0xa3', '0xf', '0x90'], 53.0, '2025-10-07 18:02:47.170984']
['UID: ', ['0x4', '0xf', '0xa7', '0xba', '0xa3', '0xf', '0x90'], 53.0, '2025-10-07 18:05:52.918594']
['UID: ', ['0x4', '0xd3', '0xad', '0xba', '0xa3', '0xf', '0x90'], 51.9, '2025-10-08 09:30:08.495498']
['UID: ', ['0x4', '0x82', '0xd8', '0xba', '0xa3', '0xf', '0x90'], 51.4, '2025-10-08 09:44:22.623618']
['UID: ', ['0x4', '0x74', '0xfc', '0xba', '0xa3', '0xf', '0x90'], 51.4, '2025-10-08 09:52:13.576595']
['UID: ', ['0x4', '0xfc', '0xe5', '0xba', '0xa3', '0xf', '0x90'], 51.4, '2025-10-08 09:55:08.325233']
['UID: ', ['0x4', '0xa1', '0xe2', '0xba', '0xa3', '0xf', '0x90'], 51.4, '2025-10-08 09:55:13.208192']
['UID: ', ['0x4', '0x2c', '0xf0', '0xba', '0xa3', '0xf', '0x91'], 51.9, '2025-10-08 10:07:45.425298']
['UID: ', ['0x4', '0xd3', '0xad', '0xba', '0xa3', '0xf', '0x90'], 51.9, '2025-10-08 11:58:41.813497']
['UID: ', ['0x4', '0xd3', '0xad', '0xba', '0xa3', '0xf', '0x90'], 51.9, '2025-10-08 12:19:16.022007']
['UID: ', ['0x4', '0xfc', '0xe5', '0xba', '0xa3', '0xf', '0x90'], 51.4, '2025-10-08 13:01:19.445014']
['UID: ', ['0x4', '0xa1', '0xe2', '0xba', '0xa3', '0xf', '0x90'], 51.9, '2025-10-08 13:33:31.720782']
['UID: ', ['0x4', '0x2c', '0xf0', '0xba', '0xa3', '0xf', '0x91'], 51.4, '2025-10-08 13:33:41.321361']
['UID: ', ['0x4', '0x74', '0xfc', '0xba', '0xa3', '0xf', '0x90'], 51.9, '2025-10-08 13:33:49.012001']
['UID: ', ['0x4', '0x82', '0xd8', '0xba', '0xa3', '0xf', '0x90'], 52.5, '2025-10-08 13:34:46.335793']
['UID: ', ['0x4', '0xa1', '0xe2', '0xba', '0xa3', '0xf', '0x90'], 51.9, '2025-10-08 13:53:30.480757']
['UID: ', ['0x4', '0x74', '0xfc', '0xba', '0xa3', '0xf', '0x90'], 51.9, '2025-10-08 13:54:30.811691']
['UID: ', ['0x4', '0x82', '0xd8', '0xba', '0xa3', '0xf', '0x90'], 51.9, '2025-10-08 13:54:53.737463']
['UID: ', ['0x4', '0x2c', '0xf0', '0xba', '0xa3', '0xf', '0x91'], 51.9, '2025-10-08 13:56:17.291542']
['UID: ', ['0x4', '0xd3', '0xad', '0xba', '0xa3', '0xf', '0x90'], 51.9, '2025-10-08 17:57:56.895980']
['UID: ', ['0x4', '0x82', '0xd8', '0xba', '0xa3', '0xf', '0x90'], 51.9, '2025-10-08 17:58:09.363095']
['UID: ', ['0x4', '0x74', '0xfc', '0xba', '0xa3', '0xf', '0x90'], 52.5, '2025-10-08 17:58:16.415135']
['UID: ', ['0x4', '0xa1', '0xe2', '0xba', '0xa3', '0xf', '0x90'], 52.5, '2025-10-08 17:58:33.161329']
['UID: ', ['0x4', '0x2c', '0xf0', '0xba', '0xa3', '0xf', '0x91'], 53.0, '2025-10-08 17:59:25.590767']
['UID: ', ['0x4', '0xf', '0xa7', '0xba', '0xa3', '0xf', '0x90'], 53.0, '2025-10-08 18:14:00.849227']
['UID: ', ['0x4', '0xd3', '0xad', '0xba', '0xa3', '0xf', '0x90'], 51.4, '2025-10-09 09:37:04.579856']
['UID: ', ['0x4', '0x82', '0xd8', '0xba', '0xa3', '0xf', '0x90'], 51.4, '2025-10-09 09:46:37.180555']
['UID: ', ['0x4', '0x74', '0xfc', '0xba', '0xa3', '0xf', '0x90'], 50.8, '2025-10-09 09:48:11.780307']
['UID: ', ['0x4', '0x2c', '0xf0', '0xba', '0xa3', '0xf', '0x91'], 51.4, '2025-10-09 09:58:43.898980']
['UID: ', ['0x4', '0xa1', '0xe2', '0xba', '0xa3', '0xf', '0x90'], 51.4, '2025-10-09 10:00:32.937487']
['UID: ', ['0x4', '0xd3', '0xad', '0xba', '0xa3', '0xf', '0x90'], 51.9, '2025-10-09 12:05:29.318416']
['UID: ', ['0x4', '0xd3', '0xad', '0xba', '0xa3', '0xf', '0x90'], 51.9, '2025-10-09 12:27:35.352070']
['UID: ', ['0x4', '0x74', '0xfc', '0xba', '0xa3', '0xf', '0x90'], 51.9, '2025-10-09 13:31:27.299338']
['UID: ', ['0x4', '0x2c', '0xf0', '0xba', '0xa3', '0xf', '0x91'], 51.9, '2025-10-09 13:31:33.433009']
['UID: ', ['0x4', '0xa1', '0xe2', '0xba', '0xa3', '0xf', '0x90'], 51.9, '2025-10-09 13:31:39.426593']
['UID: ', ['0x4', '0x82', '0xd8', '0xba', '0xa3', '0xf', '0x90'], 51.9, '2025-10-09 13:32:23.974775']
['UID: ', ['0x4', '0xa1', '0xe2', '0xba', '0xa3', '0xf', '0x90'], 51.4, '2025-10-09 13:53:13.378914']
['UID: ', ['0x4', '0x82', '0xd8', '0xba', '0xa3', '0xf', '0x90'], 51.9, '2025-10-09 13:54:08.582902']
['UID: ', ['0x4', '0x74', '0xfc', '0xba', '0xa3', '0xf', '0x90'], 51.4, '2025-10-09 13:54:52.185144']
['UID: ', ['0x4', '0x2c', '0xf0', '0xba', '0xa3', '0xf', '0x91'], 51.9, '2025-10-09 13:55:09.496063']
['UID: ', ['0x4', '0x74', '0xfc', '0xba', '0xa3', '0xf', '0x90'], 51.9, '2025-10-09 18:17:21.434384']
['UID: ', ['0x4', '0x82', '0xd8', '0xba', '0xa3', '0xf', '0x90'], 53.0, '2025-10-09 18:17:42.766305']
['UID: ', ['0x4', '0xa1', '0xe2', '0xba', '0xa3', '0xf', '0x90'], 51.9, '2025-10-09 18:17:54.241490']
['UID: ', ['0x4', '0xd3', '0xad', '0xba', '0xa3', '0xf', '0x90'], 51.9, '2025-10-09 18:18:44.417026']
['UID: ', ['0x4', '0x2c', '0xf0', '0xba', '0xa3', '0xf', '0x91'], 53.0, '2025-10-09 18:18:57.827206']
['UID: ', ['0x4', '0xf', '0xa7', '0xba', '0xa3', '0xf', '0x90'], 51.9, '2025-10-09 18:32:16.319277']
['UID: ', ['0x4', '0xd3', '0xad', '0xba', '0xa3', '0xf', '0x90'], 50.8, '2025-10-10 09:34:07.741129']
['UID: ', ['0x4', '0x82', '0xd8', '0xba', '0xa3', '0xf', '0x90'], 51.4, '2025-10-10 09:47:29.211360']
['UID: ', ['0x4', '0x74', '0xfc', '0xba', '0xa3', '0xf', '0x90'], 51.4, '2025-10-10 09:51:51.512232']
['UID: ', ['0x4', '0xa1', '0xe2', '0xba', '0xa3', '0xf', '0x90'], 50.8, '2025-10-10 09:58:42.381678']
['UID: ', ['0x4', '0xfc', '0xe5', '0xba', '0xa3', '0xf', '0x90'], 51.4, '2025-10-10 10:00:51.351712']
['UID: ', ['0x4', '0x2c', '0xf0', '0xba', '0xa3', '0xf', '0x91'], 51.9, '2025-10-10 10:00:53.812158']
['UID: ', ['0x4', '0xd3', '0xad', '0xba', '0xa3', '0xf', '0x90'], 51.4, '2025-10-10 11:58:13.768436']
['UID: ', ['0x4', '0xd3', '0xad', '0xba', '0xa3', '0xf', '0x90'], 51.4, '2025-10-10 12:23:29.909222']
['UID: ', ['0x4', '0xfc', '0xe5', '0xba', '0xa3', '0xf', '0x90'], 51.9, '2025-10-10 13:31:22.965220']
['UID: ', ['0x4', '0xa1', '0xe2', '0xba', '0xa3', '0xf', '0x90'], 51.9, '2025-10-10 13:31:25.676004']
['UID: ', ['0x4', '0x74', '0xfc', '0xba', '0xa3', '0xf', '0x90'], 51.9, '2025-10-10 13:31:36.091045']
['UID: ', ['0x4', '0x2c', '0xf0', '0xba', '0xa3', '0xf', '0x91'], 51.9, '2025-10-10 13:31:42.839052']
['UID: ', ['0x4', '0x82', '0xd8', '0xba', '0xa3', '0xf', '0x90'], 51.4, '2025-10-10 13:32:04.958284']
['UID: ', ['0x4', '0xa1', '0xe2', '0xba', '0xa3', '0xf', '0x90'], 51.9, '2025-10-10 13:53:44.977417']
['UID: ', ['0x4', '0xfc', '0xe5', '0xba', '0xa3', '0xf', '0x90'], 51.4, '2025-10-10 13:53:47.912981']
['UID: ', ['0x4', '0x2c', '0xf0', '0xba', '0xa3', '0xf', '0x91'], 51.9, '2025-10-10 13:53:51.930442']
['UID: ', ['0x4', '0x74', '0xfc', '0xba', '0xa3', '0xf', '0x90'], 51.9, '2025-10-10 13:54:56.740361']
['UID: ', ['0x4', '0x82', '0xd8', '0xba', '0xa3', '0xf', '0x90'], 51.4, '2025-10-10 13:55:01.745094']
['UID: ', ['0x4', '0xa1', '0xe2', '0xba', '0xa3', '0xf', '0x90'], 51.4, '2025-10-10 18:00:24.018737']
['UID: ', ['0x4', '0xfc', '0xe5', '0xba', '0xa3', '0xf', '0x90'], 51.9, '2025-10-10 18:00:26.892704']
['UID: ', ['0x4', '0x82', '0xd8', '0xba', '0xa3', '0xf', '0x90'], 51.9, '2025-10-10 18:00:37.081814']
['UID: ', ['0x4', '0x74', '0xfc', '0xba', '0xa3', '0xf', '0x90'], 51.4, '2025-10-10 18:00:39.753678']
['UID: ', ['0x4', '0x2c', '0xf0', '0xba', '0xa3', '0xf', '0x91'], 50.8, '2025-10-10 18:02:30.845929']
['UID: ', ['0x4', '0xd3', '0xad', '0xba', '0xa3', '0xf', '0x90'], 50.8, '2025-10-10 18:02:50.059472']
['UID: ', ['0x4', '0xf', '0xa7', '0xba', '0xa3', '0xf', '0x90'], 50.8, '2025-10-10 18:11:58.543489']
['UID: ', ['0x4', '0x82', '0xd8', '0xba', '0xa3', '0xf', '0x90'], 50.8, '2025-10-13 09:47:12.029727']
['UID: ', ['0x4', '0x74', '0xfc', '0xba', '0xa3', '0xf', '0x90'], 50.8, '2025-10-13 09:56:56.524305']
['UID: ', ['0x4', '0x74', '0xfc', '0xba', '0xa3', '0xf', '0x90'], 50.3, '2025-10-13 09:57:00.176472']
['UID: ', ['0x4', '0xfc', '0xe5', '0xba', '0xa3', '0xf', '0x90'], 50.8, '2025-10-13 09:59:10.240221']
['UID: ', ['0x4', '0xa1', '0xe2', '0xba', '0xa3', '0xf', '0x90'], 50.8, '2025-10-13 09:59:12.743956']
['UID: ', ['0x4', '0x2c', '0xf0', '0xba', '0xa3', '0xf', '0x91'], 50.8, '2025-10-13 10:02:22.866877']
['UID: ', ['0x4', '0xd3', '0xad', '0xba', '0xa3', '0xf', '0x90'], 50.8, '2025-10-13 10:04:10.187372']
['UID: ', ['0x4', '0xe9', '0x0', '0xba', '0xa3', '0xf', '0x94'], 51.4, '2025-10-13 11:25:38.320593']
['UID: ', ['0x4', '0xd3', '0xad', '0xba', '0xa3', '0xf', '0x90'], 51.4, '2025-10-13 12:20:30.449497']
['UID: ', ['0x4', '0xd3', '0xad', '0xba', '0xa3', '0xf', '0x90'], 51.4, '2025-10-13 12:43:28.160511']
['UID: ', ['0x4', '0xa1', '0xe2', '0xba', '0xa3', '0xf', '0x90'], 51.4, '2025-10-13 13:31:48.764450']
['UID: ', ['0x4', '0xfc', '0xe5', '0xba', '0xa3', '0xf', '0x90'], 50.8, '2025-10-13 13:31:51.725872']
['UID: ', ['0x4', '0xe9', '0x0', '0xba', '0xa3', '0xf', '0x94'], 50.8, '2025-10-13 13:32:25.607552']
['UID: ', ['0x4', '0x82', '0xd8', '0xba', '0xa3', '0xf', '0x90'], 50.8, '2025-10-13 13:32:31.915057']
['UID: ', ['0x4', '0x2c', '0xf0', '0xba', '0xa3', '0xf', '0x91'], 51.4, '2025-10-13 13:32:38.015886']
['UID: ', ['0x4', '0x74', '0xfc', '0xba', '0xa3', '0xf', '0x90'], 51.4, '2025-10-13 13:32:46.456348']
['UID: ', ['0x4', '0xfc', '0xe5', '0xba', '0xa3', '0xf', '0x90'], 50.3, '2025-10-13 13:54:06.589249']
['UID: ', ['0x4', '0xa1', '0xe2', '0xba', '0xa3', '0xf', '0x90'], 50.8, '2025-10-13 13:54:08.883380']
['UID: ', ['0x4', '0xe9', '0x0', '0xba', '0xa3', '0xf', '0x94'], 50.8, '2025-10-13 13:54:14.695951']
['UID: ', ['0x4', '0x74', '0xfc', '0xba', '0xa3', '0xf', '0x90'], 50.8, '2025-10-13 13:54:25.516238']
['UID: ', ['0x4', '0x82', '0xd8', '0xba', '0xa3', '0xf', '0x90'], 50.8, '2025-10-13 13:54:31.474805']
['UID: ', ['0x4', '0x2c', '0xf0', '0xba', '0xa3', '0xf', '0x91'], 50.8, '2025-10-13 13:56:09.205536']
['UID: ', ['0x4', '0xe9', '0x0', '0xba', '0xa3', '0xf', '0x94'], 51.4, '2025-10-13 17:27:07.087662']
['UID: ', ['0x4', '0x74', '0xfc', '0xba', '0xa3', '0xf', '0x90'], 51.4, '2025-10-13 17:30:44.132846']
['UID: ', ['0x4', '0x82', '0xd8', '0xba', '0xa3', '0xf', '0x90'], 50.8, '2025-10-13 17:33:03.485414']
['UID: ', ['0x4', '0xa1', '0xe2', '0xba', '0xa3', '0xf', '0x90'], 50.8, '2025-10-13 17:34:00.403330']
['UID: ', ['0x4', '0x2c', '0xf0', '0xba', '0xa3', '0xf', '0x91'], 50.8, '2025-10-13 17:42:42.370551']
['UID: ', ['0x4', '0xfc', '0xe5', '0xba', '0xa3', '0xf', '0x90'], 50.8, '2025-10-13 17:42:51.593177']
['UID: ', ['0x4', '0xd3', '0xad', '0xba', '0xa3', '0xf', '0x90'], 50.8, '2025-10-13 17:43:44.805552']
['UID: ', ['0x4', '0xf', '0xa7', '0xba', '0xa3', '0xf', '0x90'], 50.8, '2025-10-13 18:02:55.071053']
['UID: ', ['0x4', '0x82', '0xd8', '0xba', '0xa3', '0xf', '0x90'], 49.8, '2025-10-14 09:42:39.669603']
['UID: ', ['0x4', '0x74', '0xfc', '0xba', '0xa3', '0xf', '0x90'], 49.8, '2025-10-14 09:53:06.698523']
['UID: ', ['0x4', '0xfc', '0xe5', '0xba', '0xa3', '0xf', '0x90'], 49.8, '2025-10-14 09:55:22.457187']
['UID: ', ['0x4', '0xa1', '0xe2', '0xba', '0xa3', '0xf', '0x90'], 49.8, '2025-10-14 09:58:49.745369']
['UID: ', ['0x4', '0x2c', '0xf0', '0xba', '0xa3', '0xf', '0x91'], 50.3, '2025-10-14 10:03:26.594936']
['UID: ', ['0x4', '0xd3', '0xad', '0xba', '0xa3', '0xf', '0x90'], 49.8, '2025-10-14 10:04:55.468117']
['UID: ', ['0x4', '0xe9', '0x0', '0xba', '0xa3', '0xf', '0x94'], 49.8, '2025-10-14 10:14:19.507068']
['UID: ', ['0x4', '0xd3', '0xad', '0xba', '0xa3', '0xf', '0x90'], 50.8, '2025-10-14 12:01:27.009211']
['UID: ', ['0x4', '0xd3', '0xad', '0xba', '0xa3', '0xf', '0x90'], 50.8, '2025-10-14 12:23:54.257848']
['UID: ', ['0x4', '0x2c', '0xf0', '0xba', '0xa3', '0xf', '0x91'], 50.3, '2025-10-14 13:32:01.721495']
['UID: ', ['0x4', '0xe9', '0x0', '0xba', '0xa3', '0xf', '0x94'], 49.8, '2025-10-14 13:32:11.294030']
['UID: ', ['0x4', '0x82', '0xd8', '0xba', '0xa3', '0xf', '0x90'], 49.8, '2025-10-14 13:32:35.272515']
['UID: ', ['0x4', '0x74', '0xfc', '0xba', '0xa3', '0xf', '0x90'], 50.8, '2025-10-14 13:32:52.186030']
['UID: ', ['0x4', '0xa1', '0xe2', '0xba', '0xa3', '0xf', '0x90'], 49.8, '2025-10-14 13:33:15.331083']
['UID: ', ['0x4', '0xfc', '0xe5', '0xba', '0xa3', '0xf', '0x90'], 49.8, '2025-10-14 13:33:18.290333']
['UID: ', ['0x4', '0x74', '0xfc', '0xba', '0xa3', '0xf', '0x90'], 49.8, '2025-10-14 13:53:30.116941']
['UID: ', ['0x4', '0x82', '0xd8', '0xba', '0xa3', '0xf', '0x90'], 50.8, '2025-10-14 13:53:35.476440']
['UID: ', ['0x4', '0xfc', '0xe5', '0xba', '0xa3', '0xf', '0x90'], 50.3, '2025-10-14 13:53:41.629934']
['UID: ', ['0x4', '0xa1', '0xe2', '0xba', '0xa3', '0xf', '0x90'], 49.8, '2025-10-14 13:53:45.620473']
['UID: ', ['0x4', '0xe9', '0x0', '0xba', '0xa3', '0xf', '0x94'], 50.3, '2025-10-14 13:53:48.674300']
['UID: ', ['0x4', '0x2c', '0xf0', '0xba', '0xa3', '0xf', '0x91'], 50.8, '2025-10-14 13:55:10.995728']
['UID: ', ['0x4', '0x74', '0xfc', '0xba', '0xa3', '0xf', '0x90'], 49.2, '2025-10-14 18:15:29.037173']
['UID: ', ['0x4', '0xa1', '0xe2', '0xba', '0xa3', '0xf', '0x90'], 49.2, '2025-10-14 18:15:36.600518']
['UID: ', ['0x4', '0xfc', '0xe5', '0xba', '0xa3', '0xf', '0x90'], 49.2, '2025-10-14 18:15:56.247438']
['UID: ', ['0x4', '0xe9', '0x0', '0xba', '0xa3', '0xf', '0x94'], 49.8, '2025-10-14 18:16:00.327901']
['UID: ', ['0x4', '0x82', '0xd8', '0xba', '0xa3', '0xf', '0x90'], 48.7, '2025-10-14 18:16:04.894769']
['UID: ', ['0x4', '0x2c', '0xf0', '0xba', '0xa3', '0xf', '0x91'], 49.2, '2025-10-14 18:17:52.285964']
['UID: ', ['0x4', '0xd3', '0xad', '0xba', '0xa3', '0xf', '0x90'], 49.2, '2025-10-14 18:17:55.373964']
['UID: ', ['0x4', '0xf', '0xa7', '0xba', '0xa3', '0xf', '0x90'], 49.8, '2025-10-14 18:23:21.620099']
['UID: ', ['0x4', '0x82', '0xd8', '0xba', '0xa3', '0xf', '0x90'], 49.8, '2025-10-15 09:47:29.953692']
['UID: ', ['0x4', '0xfc', '0xe5', '0xba', '0xa3', '0xf', '0x90'], 49.2, '2025-10-15 09:47:33.294419']
['UID: ', ['0x4', '0x74', '0xfc', '0xba', '0xa3', '0xf', '0x90'], 49.8, '2025-10-15 09:58:56.464326']
['UID: ', ['0x4', '0xd3', '0xad', '0xba', '0xa3', '0xf', '0x90'], 49.2, '2025-10-15 10:03:37.442462']
['UID: ', ['0x4', '0x2c', '0xf0', '0xba', '0xa3', '0xf', '0x91'], 49.2, '2025-10-15 10:05:37.622890']
['UID: ', ['0x4', '0xe9', '0x0', '0xba', '0xa3', '0xf', '0x94'], 49.8, '2025-10-15 10:08:13.545009']
['UID: ', ['0x4', '0xa1', '0xe2', '0xba', '0xa3', '0xf', '0x90'], 49.8, '2025-10-15 10:38:30.022677']
['UID: ', ['0x4', '0xd3', '0xad', '0xba', '0xa3', '0xf', '0x90'], 49.8, '2025-10-15 11:58:35.542370']
['UID: ', ['0x4', '0xd3', '0xad', '0xba', '0xa3', '0xf', '0x90'], 49.8, '2025-10-15 12:21:15.889163']
['UID: ', ['0x4', '0x2c', '0xf0', '0xba', '0xa3', '0xf', '0x91'], 49.8, '2025-10-15 13:26:21.331290']
['UID: ', ['0x4', '0xe9', '0x0', '0xba', '0xa3', '0xf', '0x94'], 50.3, '2025-10-15 13:26:30.286055']
['UID: ', ['0x4', '0x82', '0xd8', '0xba', '0xa3', '0xf', '0x90'], 50.3, '2025-10-15 13:26:39.648402']
['UID: ', ['0x4', '0x74', '0xfc', '0xba', '0xa3', '0xf', '0x90'], 50.3, '2025-10-15 13:27:59.637997']
['UID: ', ['0x4', '0xa1', '0xe2', '0xba', '0xa3', '0xf', '0x90'], 49.8, '2025-10-15 13:28:08.795671']
['UID: ', ['0x4', '0xfc', '0xe5', '0xba', '0xa3', '0xf', '0x90'], 50.3, '2025-10-15 13:28:11.228882']
['UID: ', ['0x4', '0x2c', '0xf0', '0xba', '0xa3', '0xf', '0x91'], 49.8, '2025-10-15 13:46:55.307468']
['UID: ', ['0x4', '0xfc', '0xe5', '0xba', '0xa3', '0xf', '0x90'], 49.8, '2025-10-15 13:47:04.498742']
['UID: ', ['0x4', '0x82', '0xd8', '0xba', '0xa3', '0xf', '0x90'], 50.8, '2025-10-15 13:47:20.772874']
['UID: ', ['0x4', '0xe9', '0x0', '0xba', '0xa3', '0xf', '0x94'], 50.3, '2025-10-15 13:47:23.689401']
['UID: ', ['0x4', '0xa1', '0xe2', '0xba', '0xa3', '0xf', '0x90'], 49.8, '2025-10-15 13:47:53.034051']
['UID: ', ['0x4', '0x74', '0xfc', '0xba', '0xa3', '0xf', '0x90'], 50.3, '2025-10-15 13:49:21.613239']
['UID: ', ['0x4', '0xf', '0xa7', '0xba', '0xa3', '0xf', '0x90'], 50.8, '2025-10-15 16:45:42.951440']
['UID: ', ['0x4', '0x74', '0xfc', '0xba', '0xa3', '0xf', '0x90'], 49.8, '2025-10-15 17:25:00.157594']
['UID: ', ['0x4', '0xe9', '0x0', '0xba', '0xa3', '0xf', '0x94'], 49.8, '2025-10-15 17:25:24.330854']
['UID: ', ['0x4', '0x82', '0xd8', '0xba', '0xa3', '0xf', '0x90'], 49.8, '2025-10-15 17:25:38.767118']
['UID: ', ['0x4', '0xfc', '0xe5', '0xba', '0xa3', '0xf', '0x90'], 49.8, '2025-10-15 17:26:04.776989']
['UID: ', ['0x4', '0xa1', '0xe2', '0xba', '0xa3', '0xf', '0x90'], 49.8, '2025-10-15 17:26:07.187373']
['UID: ', ['0x4', '0x2c', '0xf0', '0xba', '0xa3', '0xf', '0x91'], 49.8, '2025-10-15 17:26:30.811578']
['UID: ', ['0x4', '0xd3', '0xad', '0xba', '0xa3', '0xf', '0x90'], 49.8, '2025-10-15 17:26:37.380105']
['UID: ', ['0x4', '0xf', '0xa7', '0xba', '0xa3', '0xf', '0x90'], 49.8, '2025-10-15 17:37:56.489060']
['UID: ', ['0x4', '0xd3', '0xad', '0xba', '0xa3', '0xf', '0x90'], 50.8, '2025-10-16 10:00:51.613325']
['UID: ', ['0x4', '0xe9', '0x0', '0xba', '0xa3', '0xf', '0x94'], 50.3, '2025-10-16 10:15:14.837282']
['UID: ', ['0x4', '0x82', '0xd8', '0xba', '0xa3', '0xf', '0x90'], 50.3, '2025-10-16 10:19:15.791115']
['UID: ', ['0x4', '0xfc', '0xe5', '0xba', '0xa3', '0xf', '0x90'], 49.8, '2025-10-16 10:19:18.238222']
['UID: ', ['0x4', '0xfc', '0xe5', '0xba', '0xa3', '0xf', '0x90'], 50.8, '2025-10-16 10:20:18.344204']
['UID: ', ['0x4', '0xfc', '0xe5', '0xba', '0xa3', '0xf', '0x90'], 50.3, '2025-10-16 10:20:20.391138']
['UID: ', ['0x4', '0xa1', '0xe2', '0xba', '0xa3', '0xf', '0x90'], 50.3, '2025-10-16 10:22:23.808778']
['UID: ', ['0x4', '0x74', '0xfc', '0xba', '0xa3', '0xf', '0x90'], 49.8, '2025-10-16 10:28:45.669001']
['UID: ', ['0x4', '0x2c', '0xf0', '0xba', '0xa3', '0xf', '0x91'], 49.8, '2025-10-16 10:34:07.142720']
['UID: ', ['0x4', '0xd3', '0xad', '0xba', '0xa3', '0xf', '0x90'], 50.3, '2025-10-16 11:56:51.186660']
['UID: ', ['0x4', '0xd3', '0xad', '0xba', '0xa3', '0xf', '0x90'], 50.8, '2025-10-16 12:19:35.016096']
['UID: ', ['0x4', '0x2c', '0xf0', '0xba', '0xa3', '0xf', '0x91'], 50.8, '2025-10-16 13:18:05.908208']
['UID: ', ['0x4', '0xe9', '0x0', '0xba', '0xa3', '0xf', '0x94'], 50.8, '2025-10-16 13:18:10.461325']
['UID: ', ['0x4', '0x74', '0xfc', '0xba', '0xa3', '0xf', '0x90'], 50.8, '2025-10-16 13:18:18.807128']
['UID: ', ['0x4', '0xa1', '0xe2', '0xba', '0xa3', '0xf', '0x90'], 51.4, '2025-10-16 13:19:02.306459']
['UID: ', ['0x4', '0xfc', '0xe5', '0xba', '0xa3', '0xf', '0x90'], 50.8, '2025-10-16 13:19:05.704768']
['UID: ', ['0x4', '0x82', '0xd8', '0xba', '0xa3', '0xf', '0x90'], 50.8, '2025-10-16 13:22:32.836124']
['UID: ', ['0x4', '0x2c', '0xf0', '0xba', '0xa3', '0xf', '0x91'], 50.8, '2025-10-16 13:43:51.992589']
['UID: ', ['0x4', '0xfc', '0xe5', '0xba', '0xa3', '0xf', '0x90'], 49.8, '2025-10-16 13:44:11.649008']
['UID: ', ['0x4', '0xa1', '0xe2', '0xba', '0xa3', '0xf', '0x90'], 50.3, '2025-10-16 13:44:14.956102']
['UID: ', ['0x4', '0x82', '0xd8', '0xba', '0xa3', '0xf', '0x90'], 49.8, '2025-10-16 13:44:18.358779']
['UID: ', ['0x4', '0xe9', '0x0', '0xba', '0xa3', '0xf', '0x94'], 50.3, '2025-10-16 13:44:31.404144']
['UID: ', ['0x4', '0x74', '0xfc', '0xba', '0xa3', '0xf', '0x90'], 50.3, '2025-10-16 13:45:13.553304']
['UID: ', ['0x4', '0x2c', '0xf0', '0xba', '0xa3', '0xf', '0x91'], 50.3, '2025-10-16 17:47:10.634628']
['UID: ', ['0x4', '0x82', '0xd8', '0xba', '0xa3', '0xf', '0x90'], 50.3, '2025-10-16 17:47:20.479527']
['UID: ', ['0x4', '0xe9', '0x0', '0xba', '0xa3', '0xf', '0x94'], 50.8, '2025-10-16 17:47:23.560476']
['UID: ', ['0x4', '0x74', '0xfc', '0xba', '0xa3', '0xf', '0x90'], 49.8, '2025-10-16 17:47:31.247895']
['UID: ', ['0x4', '0xa1', '0xe2', '0xba', '0xa3', '0xf', '0x90'], 50.3, '2025-10-16 17:48:37.231398']
['UID: ', ['0x4', '0xfc', '0xe5', '0xba', '0xa3', '0xf', '0x90'], 50.3, '2025-10-16 17:48:39.683584']
['UID: ', ['0x4', '0xd3', '0xad', '0xba', '0xa3', '0xf', '0x90'], 50.3, '2025-10-16 17:51:37.885010']
['UID: ', ['0x4', '0xf', '0xa7', '0xba', '0xa3', '0xf', '0x90'], 50.8, '2025-10-16 17:52:26.101933']
['UID: ', ['0x4', '0xd3', '0xad', '0xba', '0xa3', '0xf', '0x90'], 50.3, '2025-10-17 10:01:21.378634']
['UID: ', ['0x4', '0xe9', '0x0', '0xba', '0xa3', '0xf', '0x94'], 50.8, '2025-10-17 10:19:37.401980']
['UID: ', ['0x4', '0xfc', '0xe5', '0xba', '0xa3', '0xf', '0x90'], 49.8, '2025-10-17 10:21:56.428644']
['UID: ', ['0x4', '0xa1', '0xe2', '0xba', '0xa3', '0xf', '0x90'], 50.3, '2025-10-17 10:21:58.922455']
['UID: ', ['0x4', '0x74', '0xfc', '0xba', '0xa3', '0xf', '0x90'], 50.3, '2025-10-17 10:26:32.521865']
['UID: ', ['0x4', '0x2c', '0xf0', '0xba', '0xa3', '0xf', '0x91'], 49.8, '2025-10-17 10:34:48.256747']
['UID: ', ['0x4', '0xd3', '0xad', '0xba', '0xa3', '0xf', '0x90'], 50.8, '2025-10-17 12:00:00.165857']
['UID: ', ['0x4', '0xd3', '0xad', '0xba', '0xa3', '0xf', '0x90'], 50.8, '2025-10-17 12:22:53.671440']
['UID: ', ['0x4', '0x82', '0xd8', '0xba', '0xa3', '0xf', '0x90'], 50.8, '2025-10-17 13:11:46.259633']
['UID: ', ['0x4', '0xe9', '0x0', '0xba', '0xa3', '0xf', '0x94'], 50.3, '2025-10-17 13:32:08.415431']
['UID: ', ['0x4', '0x74', '0xfc', '0xba', '0xa3', '0xf', '0x90'], 50.8, '2025-10-17 13:32:16.906719']
['UID: ', ['0x4', '0x2c', '0xf0', '0xba', '0xa3', '0xf', '0x91'], 50.3, '2025-10-17 13:32:45.647601']
['UID: ', ['0x4', '0xa1', '0xe2', '0xba', '0xa3', '0xf', '0x90'], 50.8, '2025-10-17 13:33:21.624506']
['UID: ', ['0x4', '0xfc', '0xe5', '0xba', '0xa3', '0xf', '0x90'], 50.8, '2025-10-17 13:33:24.137379']
['UID: ', ['0x4', '0xe9', '0x0', '0xba', '0xa3', '0xf', '0x94'], 50.8, '2025-10-17 13:55:26.142729']
['UID: ', ['0x4', '0xa1', '0xe2', '0xba', '0xa3', '0xf', '0x90'], 50.8, '2025-10-17 13:55:38.007961']
['UID: ', ['0x4', '0xfc', '0xe5', '0xba', '0xa3', '0xf', '0x90'], 50.3, '2025-10-17 13:55:40.754858']
['UID: ', ['0x4', '0x74', '0xfc', '0xba', '0xa3', '0xf', '0x90'], 50.8, '2025-10-17 13:57:00.945229']
['UID: ', ['0x4', '0x2c', '0xf0', '0xba', '0xa3', '0xf', '0x91'], 50.8, '2025-10-17 13:57:57.143742']
['UID: ', ['0x4', '0x2c', '0xf0', '0xba', '0xa3', '0xf', '0x91'], 50.3, '2025-10-17 17:08:12.944275']
['UID: ', ['0x4', '0xd3', '0xad', '0xba', '0xa3', '0xf', '0x90'], 50.8, '2025-10-17 17:08:18.518548']
['UID: ', ['0x4', '0x74', '0xfc', '0xba', '0xa3', '0xf', '0x90'], 50.3, '2025-10-17 17:08:28.084163']
['UID: ', ['0x4', '0x82', '0xd8', '0xba', '0xa3', '0xf', '0x90'], 50.8, '2025-10-17 17:08:36.465106']
['UID: ', ['0x4', '0xe9', '0x0', '0xba', '0xa3', '0xf', '0x94'], 50.8, '2025-10-17 17:08:40.262972']
['UID: ', ['0x4', '0xa1', '0xe2', '0xba', '0xa3', '0xf', '0x90'], 50.3, '2025-10-17 17:09:10.714271']
['UID: ', ['0x4', '0xfc', '0xe5', '0xba', '0xa3', '0xf', '0x90'], 50.8, '2025-10-17 17:09:13.705993']
['UID: ', ['0x4', '0xf', '0xa7', '0xba', '0xa3', '0xf', '0x90'], 50.8, '2025-10-17 17:17:05.927358']
['UID: ', ['0x4', '0x82', '0xd8', '0xba', '0xa3', '0xf', '0x90'], 50.8, '2025-10-20 09:46:12.515563']
['UID: ', ['0x4', '0xe9', '0x0', '0xba', '0xa3', '0xf', '0x94'], 50.8, '2025-10-20 09:50:48.269638']
['UID: ', ['0x4', '0xfc', '0xe5', '0xba', '0xa3', '0xf', '0x90'], 50.8, '2025-10-20 09:52:31.861289']
['UID: ', ['0x4', '0xd3', '0xad', '0xba', '0xa3', '0xf', '0x90'], 51.4, '2025-10-20 10:02:51.068092']
['UID: ', ['0x4', '0x74', '0xfc', '0xba', '0xa3', '0xf', '0x90'], 50.8, '2025-10-20 10:24:13.435784']
['UID: ', ['0x4', '0xa1', '0xe2', '0xba', '0xa3', '0xf', '0x90'], 50.8, '2025-10-20 10:26:04.091458']
['UID: ', ['0x4', '0x2c', '0xf0', '0xba', '0xa3', '0xf', '0x91'], 50.3, '2025-10-20 10:34:48.905991']
['UID: ', ['0x4', '0xd3', '0xad', '0xba', '0xa3', '0xf', '0x90'], 50.8, '2025-10-20 12:01:39.392575']
['UID: ', ['0x4', '0xd3', '0xad', '0xba', '0xa3', '0xf', '0x90'], 50.3, '2025-10-20 12:23:11.167582']
['UID: ', ['0x4', '0xe9', '0x0', '0xba', '0xa3', '0xf', '0x94'], 51.4, '2025-10-20 13:29:25.637818']
['UID: ', ['0x4', '0x2c', '0xf0', '0xba', '0xa3', '0xf', '0x91'], 50.8, '2025-10-20 13:29:35.202584']
['UID: ', ['0x4', '0x74', '0xfc', '0xba', '0xa3', '0xf', '0x90'], 50.8, '2025-10-20 13:30:25.563742']
['UID: ', ['0x4', '0xa1', '0xe2', '0xba', '0xa3', '0xf', '0x90'], 50.8, '2025-10-20 13:31:24.640937']
['UID: ', ['0x4', '0xfc', '0xe5', '0xba', '0xa3', '0xf', '0x90'], 50.8, '2025-10-20 13:31:28.254313']
['UID: ', ['0x4', '0x82', '0xd8', '0xba', '0xa3', '0xf', '0x90'], 51.4, '2025-10-20 13:32:38.969809']
['UID: ', ['0x4', '0xfc', '0xe5', '0xba', '0xa3', '0xf', '0x90'], 50.3, '2025-10-20 13:47:37.795934']
['UID: ', ['0x4', '0xa1', '0xe2', '0xba', '0xa3', '0xf', '0x90'], 50.8, '2025-10-20 13:50:48.488754']
['UID: ', ['0x4', '0xe9', '0x0', '0xba', '0xa3', '0xf', '0x94'], 50.8, '2025-10-20 13:51:01.268096']
['UID: ', ['0x4', '0x82', '0xd8', '0xba', '0xa3', '0xf', '0x90'], 50.8, '2025-10-20 13:54:00.697172']
['UID: ', ['0x4', '0x74', '0xfc', '0xba', '0xa3', '0xf', '0x90'], 50.8, '2025-10-20 13:54:20.308222']
['UID: ', ['0x4', '0x2c', '0xf0', '0xba', '0xa3', '0xf', '0x91'], 50.8, '2025-10-20 13:54:41.305806']
['UID: ', ['0x4', '0x74', '0xfc', '0xba', '0xa3', '0xf', '0x90'], 50.8, '2025-10-20 16:04:47.718767']
['UID: ', ['0x4', '0x82', '0xd8', '0xba', '0xa3', '0xf', '0x90'], 50.8, '2025-10-20 16:04:58.337976']
['UID: ', ['0x4', '0xe9', '0x0', '0xba', '0xa3', '0xf', '0x94'], 50.8, '2025-10-20 16:05:29.718820']
['UID: ', ['0x4', '0x2c', '0xf0', '0xba', '0xa3', '0xf', '0x91'], 50.8, '2025-10-20 16:05:39.286350']
['UID: ', ['0x4', '0xd3', '0xad', '0xba', '0xa3', '0xf', '0x90'], 50.8, '2025-10-20 16:05:51.407944']
['UID: ', ['0x4', '0xa1', '0xe2', '0xba', '0xa3', '0xf', '0x90'], 50.8, '2025-10-20 16:06:40.954307']
['UID: ', ['0x4', '0xfc', '0xe5', '0xba', '0xa3', '0xf', '0x90'], 50.8, '2025-10-20 16:06:43.823678']
['UID: ', ['0x4', '0xf', '0xa7', '0xba', '0xa3', '0xf', '0x90'], 50.8, '2025-10-20 17:08:10.085175']
['UID: ', ['0x4', '0xfc', '0xe5', '0xba', '0xa3', '0xf', '0x90'], 50.8, '2025-10-21 09:45:12.486607']
['UID: ', ['0x4', '0x82', '0xd8', '0xba', '0xa3', '0xf', '0x90'], 50.8, '2025-10-21 09:45:14.822783']
['UID: ', ['0x4', '0xe9', '0x0', '0xba', '0xa3', '0xf', '0x94'], 50.8, '2025-10-21 09:49:15.304536']
['UID: ', ['0x4', '0x74', '0xfc', '0xba', '0xa3', '0xf', '0x90'], 50.8, '2025-10-21 09:50:53.241326']
['UID: ', ['0x4', '0xa1', '0xe2', '0xba', '0xa3', '0xf', '0x90'], 49.8, '2025-10-21 09:56:57.584671']
['UID: ', ['0x4', '0xd3', '0xad', '0xba', '0xa3', '0xf', '0x90'], 49.8, '2025-10-21 10:00:48.498166']
['UID: ', ['0x4', '0x2c', '0xf0', '0xba', '0xa3', '0xf', '0x91'], 49.8, '2025-10-21 10:04:19.974440']
['UID: ', ['0x4', '0x20', '0xa3', '0xba', '0xa3', '0xf', '0x90'], 50.8, '2025-10-21 10:23:12.560796']
['UID: ', ['0x4', '0xd3', '0xad', '0xba', '0xa3', '0xf', '0x90'], 50.8, '2025-10-21 12:32:33.826385']
['UID: ', ['0x4', '0xd3', '0xad', '0xba', '0xa3', '0xf', '0x90'], 50.8, '2025-10-21 12:52:35.580606']
['UID: ', ['0x4', '0x2c', '0xf0', '0xba', '0xa3', '0xf', '0x91'], 50.8, '2025-10-21 13:30:35.927110']
['UID: ', ['0x4', '0xe9', '0x0', '0xba', '0xa3', '0xf', '0x94'], 50.8, '2025-10-21 13:30:52.733044']
['UID: ', ['0x4', '0xfc', '0xe5', '0xba', '0xa3', '0xf', '0x90'], 50.8, '2025-10-21 13:31:59.563373']
['UID: ', ['0x4', '0xa1', '0xe2', '0xba', '0xa3', '0xf', '0x90'], 50.8, '2025-10-21 13:32:06.773475']
['UID: ', ['0x4', '0x20', '0xa3', '0xba', '0xa3', '0xf', '0x90'], 51.4, '2025-10-21 13:32:22.866848']
['UID: ', ['0x4', '0x74', '0xfc', '0xba', '0xa3', '0xf', '0x90'], 51.4, '2025-10-21 13:33:39.512206']
['UID: ', ['0x4', '0x82', '0xd8', '0xba', '0xa3', '0xf', '0x90'], 51.4, '2025-10-21 13:33:56.109558']
['UID: ', ['0x4', '0xe9', '0x0', '0xba', '0xa3', '0xf', '0x94'], 50.8, '2025-10-21 13:50:30.055195']
['UID: ', ['0x4', '0x82', '0xd8', '0xba', '0xa3', '0xf', '0x90'], 50.8, '2025-10-21 13:54:00.558229']
['UID: ', ['0x4', '0xfc', '0xe5', '0xba', '0xa3', '0xf', '0x90'], 50.8, '2025-10-21 13:54:57.141057']
['UID: ', ['0x4', '0x20', '0xa3', '0xba', '0xa3', '0xf', '0x90'], 50.8, '2025-10-21 13:54:59.929216']
['UID: ', ['0x4', '0xa1', '0xe2', '0xba', '0xa3', '0xf', '0x90'], 50.8, '2025-10-21 13:55:03.370417']
['UID: ', ['0x4', '0x2c', '0xf0', '0xba', '0xa3', '0xf', '0x91'], 50.8, '2025-10-21 13:55:18.387158']
['UID: ', ['0x4', '0x74', '0xfc', '0xba', '0xa3', '0xf', '0x90'], 50.8, '2025-10-21 13:56:09.791706']
['UID: ', ['0x4', '0xd3', '0xad', '0xba', '0xa3', '0xf', '0x90'], 51.4, '2025-10-21 16:18:17.726917']
['UID: ', ['0x4', '0xe9', '0x0', '0xba', '0xa3', '0xf', '0x94'], 50.8, '2025-10-21 18:04:55.096174']
['UID: ', ['0x4', '0x2c', '0xf0', '0xba', '0xa3', '0xf', '0x91'], 51.4, '2025-10-21 18:05:09.752874']
['UID: ', ['0x4', '0x20', '0xa3', '0xba', '0xa3', '0xf', '0x90'], 50.8, '2025-10-21 18:05:16.007555']
['UID: ', ['0x4', '0x82', '0xd8', '0xba', '0xa3', '0xf', '0x90'], 51.4, '2025-10-21 18:05:21.200502']
['UID: ', ['0x4', '0x74', '0xfc', '0xba', '0xa3', '0xf', '0x90'], 50.8, '2025-10-21 18:05:28.419493']
['UID: ', ['0x4', '0xa1', '0xe2', '0xba', '0xa3', '0xf', '0x90'], 51.4, '2025-10-21 18:05:36.117584']
['UID: ', ['0x4', '0xfc', '0xe5', '0xba', '0xa3', '0xf', '0x90'], 51.4, '2025-10-21 18:05:39.179617']
['UID: ', ['0x4', '0xd3', '0xad', '0xba', '0xa3', '0xf', '0x90'], 51.4, '2025-10-21 18:06:16.186418']
['UID: ', ['0x4', '0xf', '0xa7', '0xba', '0xa3', '0xf', '0x90'], 50.8, '2025-10-21 18:19:51.679408']
['UID: ', ['0x4', '0xd3', '0xad', '0xba', '0xa3', '0xf', '0x90'], 49.2, '2025-10-22 09:58:07.877403']
['UID: ', ['0x4', '0xe9', '0x0', '0xba', '0xa3', '0xf', '0x94'], 49.2, '2025-10-22 10:13:53.505832']
['UID: ', ['0x4', '0xa1', '0xe2', '0xba', '0xa3', '0xf', '0x90'], 49.2, '2025-10-22 10:22:42.193444']
['UID: ', ['0x4', '0x82', '0xd8', '0xba', '0xa3', '0xf', '0x90'], 49.8, '2025-10-22 10:24:28.908110']
['UID: ', ['0x4', '0x20', '0xa3', '0xba', '0xa3', '0xf', '0x90'], 49.8, '2025-10-22 10:26:27.681625']
['UID: ', ['0x4', '0x74', '0xfc', '0xba', '0xa3', '0xf', '0x90'], 49.8, '2025-10-22 10:26:34.534222']
['UID: ', ['0x4', '0xfc', '0xe5', '0xba', '0xa3', '0xf', '0x90'], 49.2, '2025-10-22 10:29:08.645841']
['UID: ', ['0x4', '0x2c', '0xf0', '0xba', '0xa3', '0xf', '0x91'], 49.8, '2025-10-22 10:34:14.145326']
['UID: ', ['0x4', '0xea', '0xea', '0xba', '0xa3', '0xf', '0x90'], 49.8, '2025-10-22 10:54:31.450905']
['UID: ', ['0x4', '0xd3', '0xad', '0xba', '0xa3', '0xf', '0x90'], 50.8, '2025-10-22 12:29:07.400874']
['UID: ', ['0x4', '0xd3', '0xad', '0xba', '0xa3', '0xf', '0x90'], 50.8, '2025-10-22 12:50:59.900719']
['UID: ', ['0x4', '0xa1', '0xe2', '0xba', '0xa3', '0xf', '0x90'], 50.8, '2025-10-22 13:32:51.613170']
['UID: ', ['0x4', '0xfc', '0xe5', '0xba', '0xa3', '0xf', '0x90'], 50.8, '2025-10-22 13:32:54.914409']
['UID: ', ['0x4', '0xea', '0xea', '0xba', '0xa3', '0xf', '0x90'], 51.4, '2025-10-22 13:32:59.741858']
['UID: ', ['0x4', '0x2c', '0xf0', '0xba', '0xa3', '0xf', '0x91'], 50.8, '2025-10-22 13:33:14.679577']
['UID: ', ['0x4', '0x74', '0xfc', '0xba', '0xa3', '0xf', '0x90'], 51.4, '2025-10-22 13:33:20.943666']
['UID: ', ['0x4', '0xe9', '0x0', '0xba', '0xa3', '0xf', '0x94'], 50.8, '2025-10-22 13:33:26.338588']
['UID: ', ['0x4', '0x82', '0xd8', '0xba', '0xa3', '0xf', '0x90'], 51.4, '2025-10-22 13:33:31.136552']
['UID: ', ['0x4', '0x20', '0xa3', '0xba', '0xa3', '0xf', '0x90'], 50.8, '2025-10-22 13:34:53.248399']
['UID: ', ['0x4', '0xea', '0xea', '0xba', '0xa3', '0xf', '0x90'], 50.8, '2025-10-22 13:50:22.920632']
['UID: ', ['0x4', '0xe9', '0x0', '0xba', '0xa3', '0xf', '0x94'], 50.8, '2025-10-22 13:53:40.673517']
['UID: ', ['0x4', '0xa1', '0xe2', '0xba', '0xa3', '0xf', '0x90'], 50.8, '2025-10-22 13:53:44.791285']
['UID: ', ['0x4', '0xfc', '0xe5', '0xba', '0xa3', '0xf', '0x90'], 50.8, '2025-10-22 13:53:48.136842']
['UID: ', ['0x4', '0x74', '0xfc', '0xba', '0xa3', '0xf', '0x90'], 51.4, '2025-10-22 13:55:10.757026']
['UID: ', ['0x4', '0x2c', '0xf0', '0xba', '0xa3', '0xf', '0x91'], 51.4, '2025-10-22 13:55:23.804457']
['UID: ', ['0x4', '0x82', '0xd8', '0xba', '0xa3', '0xf', '0x90'], 50.8, '2025-10-22 13:55:54.515644']
['UID: ', ['0x4', '0x20', '0xa3', '0xba', '0xa3', '0xf', '0x90'], 50.8, '2025-10-22 14:04:52.205921']
['UID: ', ['0x4', '0xea', '0xea', '0xba', '0xa3', '0xf', '0x90'], 50.8, '2025-10-22 15:24:08.416682']
['UID: ', ['0x4', '0xe9', '0x0', '0xba', '0xa3', '0xf', '0x94'], 50.8, '2025-10-22 15:37:09.992327']
['UID: ', ['0x4', '0x20', '0xa3', '0xba', '0xa3', '0xf', '0x90'], 50.8, '2025-10-22 15:38:06.574313']
['UID: ', ['0x4', '0xfc', '0xe5', '0xba', '0xa3', '0xf', '0x90'], 50.8, '2025-10-22 15:38:19.920531']
['UID: ', ['0x4', '0xa1', '0xe2', '0xba', '0xa3', '0xf', '0x90'], 50.8, '2025-10-22 15:38:23.969007']
['UID: ', ['0x4', '0x74', '0xfc', '0xba', '0xa3', '0xf', '0x90'], 50.8, '2025-10-22 15:38:33.408688']
['UID: ', ['0x4', '0xd3', '0xad', '0xba', '0xa3', '0xf', '0x90'], 50.8, '2025-10-22 15:39:02.547287']
['UID: ', ['0x4', '0x2c', '0xf0', '0xba', '0xa3', '0xf', '0x91'], 50.8, '2025-10-22 15:39:08.137820']
['UID: ', ['0x4', '0x82', '0xd8', '0xba', '0xa3', '0xf', '0x90'], 50.8, '2025-10-22 15:40:10.148054']
['UID: ', ['0x4', '0xf', '0xa7', '0xba', '0xa3', '0xf', '0x90'], 50.8, '2025-10-22 15:46:15.944879']
['UID: ', ['0x4', '0xf', '0xa7', '0xba', '0xa3', '0xf', '0x90'], 51.9, '2025-10-22 16:36:55.618924']
['UID: ', ['0x4', '0xe9', '0x0', '0xba', '0xa3', '0xf', '0x94'], 50.3, '2025-10-23 10:06:04.201870']
['UID: ', ['0x4', '0xfc', '0xe5', '0xba', '0xa3', '0xf', '0x90'], 50.8, '2025-10-23 10:22:33.494884']
['UID: ', ['0x4', '0xa1', '0xe2', '0xba', '0xa3', '0xf', '0x90'], 50.3, '2025-10-23 10:27:35.654922']
['UID: ', ['0x4', '0xd3', '0xad', '0xba', '0xa3', '0xf', '0x90'], 49.8, '2025-10-23 10:29:15.481439']
['UID: ', ['0x4', '0xea', '0xea', '0xba', '0xa3', '0xf', '0x90'], 49.8, '2025-10-23 10:55:36.093221']
['UID: ', ['0x4', '0x74', '0xfc', '0xba', '0xa3', '0xf', '0x90'], 49.8, '2025-10-23 10:56:50.306387']
['UID: ', ['0x4', '0x2c', '0xf0', '0xba', '0xa3', '0xf', '0x91'], 49.8, '2025-10-23 11:04:50.526167']
['UID: ', ['0x4', '0x20', '0xa3', '0xba', '0xa3', '0xf', '0x90'], 50.3, '2025-10-23 11:06:07.906713']
['UID: ', ['0x4', '0xd3', '0xad', '0xba', '0xa3', '0xf', '0x90'], 49.8, '2025-10-23 11:59:11.546338']
['UID: ', ['0x4', '0xd3', '0xad', '0xba', '0xa3', '0xf', '0x90'], 49.8, '2025-10-23 12:21:16.518577']
['UID: ', ['0x4', '0xe9', '0x0', '0xba', '0xa3', '0xf', '0x94'], 49.8, '2025-10-23 13:30:57.558323']
['UID: ', ['0x4', '0xea', '0xea', '0xba', '0xa3', '0xf', '0x90'], 49.2, '2025-10-23 13:31:07.488090']
['UID: ', ['0x4', '0x20', '0xa3', '0xba', '0xa3', '0xf', '0x90'], 50.3, '2025-10-23 13:31:54.068085']
['UID: ', ['0x4', '0x82', '0xd8', '0xba', '0xa3', '0xf', '0x90'], 49.2, '2025-10-23 13:33:24.504941']
['UID: ', ['0x4', '0x74', '0xfc', '0xba', '0xa3', '0xf', '0x90'], 49.2, '2025-10-23 13:33:34.090473']
['UID: ', ['0x4', '0x2c', '0xf0', '0xba', '0xa3', '0xf', '0x91'], 49.8, '2025-10-23 13:33:47.522355']
['UID: ', ['0x4', '0xa1', '0xe2', '0xba', '0xa3', '0xf', '0x90'], 49.8, '2025-10-23 13:34:40.343069']
['UID: ', ['0x4', '0xfc', '0xe5', '0xba', '0xa3', '0xf', '0x90'], 49.8, '2025-10-23 13:34:44.892090']
['UID: ', ['0x4', '0xea', '0xea', '0xba', '0xa3', '0xf', '0x90'], 50.8, '2025-10-23 13:50:37.304551']
['UID: ', ['0x4', '0xe9', '0x0', '0xba', '0xa3', '0xf', '0x94'], 50.8, '2025-10-23 13:50:48.113522']
['UID: ', ['0x4', '0x20', '0xa3', '0xba', '0xa3', '0xf', '0x90'], 50.8, '2025-10-23 13:50:53.484975']
['UID: ', ['0x4', '0x82', '0xd8', '0xba', '0xa3', '0xf', '0x90'], 50.8, '2025-10-23 13:54:02.568791']
['UID: ', ['0x4', '0x74', '0xfc', '0xba', '0xa3', '0xf', '0x90'], 50.8, '2025-10-23 13:55:25.300518']
['UID: ', ['0x4', '0x2c', '0xf0', '0xba', '0xa3', '0xf', '0x91'], 50.8, '2025-10-23 13:56:00.099562']
['UID: ', ['0x4', '0xa1', '0xe2', '0xba', '0xa3', '0xf', '0x90'], 51.4, '2025-10-23 13:56:55.468434']
['UID: ', ['0x4', '0xfc', '0xe5', '0xba', '0xa3', '0xf', '0x90'], 50.8, '2025-10-23 13:56:58.457409']
['UID: ', ['0x4', '0xea', '0xea', '0xba', '0xa3', '0xf', '0x90'], 50.8, '2025-10-23 16:48:18.069949']
['UID: ', ['0x4', '0x20', '0xa3', '0xba', '0xa3', '0xf', '0x90'], 51.4, '2025-10-23 16:49:11.513280']
['UID: ', ['0x4', '0xa1', '0xe2', '0xba', '0xa3', '0xf', '0x90'], 50.3, '2025-10-23 16:49:29.918536']
['UID: ', ['0x4', '0xe9', '0x0', '0xba', '0xa3', '0xf', '0x94'], 50.8, '2025-10-23 16:49:34.632804']
['UID: ', ['0x4', '0x2c', '0xf0', '0xba', '0xa3', '0xf', '0x91'], 50.8, '2025-10-23 16:49:41.351502']
['UID: ', ['0x4', '0xfc', '0xe5', '0xba', '0xa3', '0xf', '0x90'], 50.8, '2025-10-23 16:49:45.558311']
['UID: ', ['0x4', '0x82', '0xd8', '0xba', '0xa3', '0xf', '0x90'], 50.3, '2025-10-23 16:49:47.699305']
['UID: ', ['0x4', '0xd3', '0xad', '0xba', '0xa3', '0xf', '0x90'], 50.3, '2025-10-23 16:49:53.913725']
['UID: ', ['0x4', '0x74', '0xfc', '0xba', '0xa3', '0xf', '0x90'], 50.8, '2025-10-23 16:49:59.964518']
['UID: ', ['0x4', '0xf', '0xa7', '0xba', '0xa3', '0xf', '0x90'], 49.8, '2025-10-23 17:05:35.078579']
['UID: ', ['0x4', '0xf', '0xa7', '0xba', '0xa3', '0xf', '0x90'], 49.8, '2025-10-23 17:13:32.885533']
['UID: ', ['0x4', '0xe9', '0x0', '0xba', '0xa3', '0xf', '0x94'], 48.7, '2025-10-24 10:05:34.085458']
['UID: ', ['0x4', '0x82', '0xd8', '0xba', '0xa3', '0xf', '0x90'], 48.7, '2025-10-24 10:22:05.053694']
['UID: ', ['0x4', '0xfc', '0xe5', '0xba', '0xa3', '0xf', '0x90'], 48.7, '2025-10-24 10:27:24.884057']
['UID: ', ['0x4', '0xa1', '0xe2', '0xba', '0xa3', '0xf', '0x90'], 48.7, '2025-10-24 10:28:44.971534']
['UID: ', ['0x4', '0xd3', '0xad', '0xba', '0xa3', '0xf', '0x90'], 48.7, '2025-10-24 10:31:22.543879']
['UID: ', ['0x4', '0x2c', '0xf0', '0xba', '0xa3', '0xf', '0x91'], 48.7, '2025-10-24 10:38:29.045712']
['UID: ', ['0x4', '0x74', '0xfc', '0xba', '0xa3', '0xf', '0x90'], 49.8, '2025-10-24 10:50:28.747945']
['UID: ', ['0x4', '0xea', '0xea', '0xba', '0xa3', '0xf', '0x90'], 50.3, '2025-10-24 10:54:07.478038']
['UID: ', ['0x4', '0xd3', '0xad', '0xba', '0xa3', '0xf', '0x90'], 50.8, '2025-10-24 12:32:45.260753']
['UID: ', ['0x4', '0xd3', '0xad', '0xba', '0xa3', '0xf', '0x90'], 51.4, '2025-10-24 12:53:39.169381']
['UID: ', ['0x4', '0xea', '0xea', '0xba', '0xa3', '0xf', '0x90'], 50.8, '2025-10-24 13:29:33.270896']
['UID: ', ['0x4', '0x74', '0xfc', '0xba', '0xa3', '0xf', '0x90'], 50.3, '2025-10-24 13:30:00.261376']
['UID: ', ['0x4', '0x82', '0xd8', '0xba', '0xa3', '0xf', '0x90'], 50.8, '2025-10-24 13:30:08.602376']
['UID: ', ['0x4', '0x2c', '0xf0', '0xba', '0xa3', '0xf', '0x91'], 50.3, '2025-10-24 13:30:15.705790']
['UID: ', ['0x4', '0xa1', '0xe2', '0xba', '0xa3', '0xf', '0x90'], 50.8, '2025-10-24 13:31:35.687573']
['UID: ', ['0x4', '0xfc', '0xe5', '0xba', '0xa3', '0xf', '0x90'], 50.8, '2025-10-24 13:31:38.361147']
['UID: ', ['0x4', '0xe9', '0x0', '0xba', '0xa3', '0xf', '0x94'], 50.8, '2025-10-24 13:32:04.006987']
['UID: ', ['0x4', '0xea', '0xea', '0xba', '0xa3', '0xf', '0x90'], 50.8, '2025-10-24 13:48:28.918926']
['UID: ', ['0x4', '0x74', '0xfc', '0xba', '0xa3', '0xf', '0x90'], 50.8, '2025-10-24 13:51:08.936868']
['UID: ', ['0x4', '0x82', '0xd8', '0xba', '0xa3', '0xf', '0x90'], 50.3, '2025-10-24 13:51:23.210728']
['UID: ', ['0x4', '0x2c', '0xf0', '0xba', '0xa3', '0xf', '0x91'], 50.8, '2025-10-24 13:52:11.064988']
['UID: ', ['0x4', '0xe9', '0x0', '0xba', '0xa3', '0xf', '0x94'], 50.8, '2025-10-24 13:52:43.455287']
['UID: ', ['0x4', '0xfc', '0xe5', '0xba', '0xa3', '0xf', '0x90'], 50.3, '2025-10-24 13:53:03.057809']
['UID: ', ['0x4', '0xa1', '0xe2', '0xba', '0xa3', '0xf', '0x90'], 50.8, '2025-10-24 13:53:06.176081']
['UID: ', ['0x4', '0xf', '0xa7', '0xba', '0xa3', '0xf', '0x90'], 49.8, '2025-10-24 17:18:49.028196']
['UID: ', ['0x4', '0x2c', '0xf0', '0xba', '0xa3', '0xf', '0x91'], 49.8, '2025-10-24 17:23:54.194148']
['UID: ', ['0x4', '0xe9', '0x0', '0xba', '0xa3', '0xf', '0x94'], 49.8, '2025-10-24 17:23:58.115386']
['UID: ', ['0x4', '0xea', '0xea', '0xba', '0xa3', '0xf', '0x90'], 49.8, '2025-10-24 17:24:02.203048']
['UID: ', ['0x4', '0x82', '0xd8', '0xba', '0xa3', '0xf', '0x90'], 49.8, '2025-10-24 17:24:08.984574']
['UID: ', ['0x4', '0x74', '0xfc', '0xba', '0xa3', '0xf', '0x90'], 49.8, '2025-10-24 17:24:12.635483']
['UID: ', ['0x4', '0xa1', '0xe2', '0xba', '0xa3', '0xf', '0x90'], 49.8, '2025-10-24 17:24:30.981651']
['UID: ', ['0x4', '0xfc', '0xe5', '0xba', '0xa3', '0xf', '0x90'], 49.8, '2025-10-24 17:24:33.655575']
['UID: ', ['0x4', '0xd3', '0xad', '0xba', '0xa3', '0xf', '0x90'], 49.8, '2025-10-24 17:24:45.602416']
['UID: ', ['0x4', '0xf', '0xa7', '0xba', '0xa3', '0xf', '0x90'], 49.8, '2025-10-24 17:45:45.753754']
['UID: ', ['0x4', '0xd3', '0xad', '0xba', '0xa3', '0xf', '0x90'], 50.8, '2025-10-27 10:28:47.035274']
['UID: ', ['0x4', '0xa1', '0xe2', '0xba', '0xa3', '0xf', '0x90'], 50.8, '2025-10-27 10:30:19.439238']
['UID: ', ['0x4', '0x2c', '0xf0', '0xba', '0xa3', '0xf', '0x91'], 50.8, '2025-10-27 10:36:09.829891']
['UID: ', ['0x4', '0xe9', '0x0', '0xba', '0xa3', '0xf', '0x94'], 50.8, '2025-10-27 10:47:18.386579']
['UID: ', ['0x4', '0x74', '0xfc', '0xba', '0xa3', '0xf', '0x90'], 51.9, '2025-10-27 10:50:39.853605']
['UID: ', ['0x4', '0xea', '0xea', '0xba', '0xa3', '0xf', '0x90'], 50.8, '2025-10-27 10:56:14.238791']
['UID: ', ['0x4', '0x82', '0xd8', '0xba', '0xa3', '0xf', '0x90'], 50.8, '2025-10-27 11:00:13.583794']
['UID: ', ['0x4', '0x20', '0xa3', '0xba', '0xa3', '0xf', '0x90'], 50.8, '2025-10-27 11:04:36.662781']
['UID: ', ['0x4', '0xd3', '0xad', '0xba', '0xa3', '0xf', '0x90'], 49.8, '2025-10-27 12:25:51.722648']
['UID: ', ['0x4', '0xd3', '0xad', '0xba', '0xa3', '0xf', '0x90'], 49.8, '2025-10-27 12:49:54.257580']
['UID: ', ['0x4', '0x74', '0xfc', '0xba', '0xa3', '0xf', '0x90'], 50.3, '2025-10-27 13:31:00.021585']
['UID: ', ['0x4', '0xe9', '0x0', '0xba', '0xa3', '0xf', '0x94'], 50.8, '2025-10-27 13:31:25.474948']
['UID: ', ['0x4', '0x2c', '0xf0', '0xba', '0xa3', '0xf', '0x91'], 50.3, '2025-10-27 13:31:32.743967']
['UID: ', ['0x4', '0x82', '0xd8', '0xba', '0xa3', '0xf', '0x90'], 50.8, '2025-10-27 13:32:58.485406']
['UID: ', ['0x4', '0xa1', '0xe2', '0xba', '0xa3', '0xf', '0x90'], 50.3, '2025-10-27 13:34:38.943181']
['UID: ', ['0x4', '0x20', '0xa3', '0xba', '0xa3', '0xf', '0x90'], 49.8, '2025-10-27 13:34:42.029791']
['UID: ', ['0x4', '0xea', '0xea', '0xba', '0xa3', '0xf', '0x90'], 49.8, '2025-10-27 13:34:50.345789']
['UID: ', ['0x4', '0xe9', '0x0', '0xba', '0xa3', '0xf', '0x94'], 50.8, '2025-10-27 13:53:09.407022']
['UID: ', ['0x4', '0xea', '0xea', '0xba', '0xa3', '0xf', '0x90'], 49.8, '2025-10-27 13:53:24.775739']
['UID: ', ['0x4', '0x74', '0xfc', '0xba', '0xa3', '0xf', '0x90'], 49.8, '2025-10-27 13:54:04.414120']
['UID: ', ['0x4', '0x82', '0xd8', '0xba', '0xa3', '0xf', '0x90'], 50.8, '2025-10-27 13:54:14.607819']
['UID: ', ['0x4', '0x20', '0xa3', '0xba', '0xa3', '0xf', '0x90'], 49.8, '2025-10-27 13:56:00.260413']
['UID: ', ['0x4', '0xa1', '0xe2', '0xba', '0xa3', '0xf', '0x90'], 50.8, '2025-10-27 13:56:05.079343']
['UID: ', ['0x4', '0x2c', '0xf0', '0xba', '0xa3', '0xf', '0x91'], 50.3, '2025-10-27 13:56:09.398737']
['UID: ', ['0x4', '0x74', '0xfc', '0xba', '0xa3', '0xf', '0x90'], 50.8, '2025-10-27 16:01:44.831247']
['UID: ', ['0x4', '0x2c', '0xf0', '0xba', '0xa3', '0xf', '0x91'], 50.8, '2025-10-27 16:01:51.478160']
['UID: ', ['0x4', '0xe9', '0x0', '0xba', '0xa3', '0xf', '0x94'], 50.3, '2025-10-27 16:01:55.510698']
['UID: ', ['0x4', '0xea', '0xea', '0xba', '0xa3', '0xf', '0x90'], 49.8, '2025-10-27 16:02:00.937613']
['UID: ', ['0x4', '0x20', '0xa3', '0xba', '0xa3', '0xf', '0x90'], 50.8, '2025-10-27 16:02:05.776507']
['UID: ', ['0x4', '0xa1', '0xe2', '0xba', '0xa3', '0xf', '0x90'], 50.3, '2025-10-27 16:02:11.789957']
['UID: ', ['0x4', '0xd3', '0xad', '0xba', '0xa3', '0xf', '0x90'], 49.8, '2025-10-27 16:02:17.322916']
['UID: ', ['0x4', '0x82', '0xd8', '0xba', '0xa3', '0xf', '0x90'], 50.8, '2025-10-27 16:02:49.604256']
['UID: ', ['0x4', '0xf', '0xa7', '0xba', '0xa3', '0xf', '0x90'], 49.8, '2025-10-27 17:15:00.179765']
['UID: ', ['0x4', '0xf', '0xa7', '0xba', '0xa3', '0xf', '0x90'], 50.3, '2025-10-27 17:42:01.653324']
['UID: ', ['0x4', '0x82', '0xd8', '0xba', '0xa3', '0xf', '0x90'], 51.4, '2025-10-28 10:16:10.093689']
['UID: ', ['0x4', '0xfc', '0xe5', '0xba', '0xa3', '0xf', '0x90'], 51.4, '2025-10-28 10:17:42.592025']
['UID: ', ['0x4', '0xa1', '0xe2', '0xba', '0xa3', '0xf', '0x90'], 50.8, '2025-10-28 10:27:00.151168']
['UID: ', ['0x4', '0xd3', '0xad', '0xba', '0xa3', '0xf', '0x90'], 51.4, '2025-10-28 10:30:59.388931']
['UID: ', ['0x4', '0xe9', '0x0', '0xba', '0xa3', '0xf', '0x94'], 51.4, '2025-10-28 10:42:17.456176']
['UID: ', ['0x4', '0x74', '0xfc', '0xba', '0xa3', '0xf', '0x90'], 50.8, '2025-10-28 10:50:29.709894']
['UID: ', ['0x4', '0xea', '0xea', '0xba', '0xa3', '0xf', '0x90'], 51.4, '2025-10-28 10:57:01.317395']
['UID: ', ['0x4', '0x20', '0xa3', '0xba', '0xa3', '0xf', '0x90'], 50.8, '2025-10-28 10:58:37.555729']
['UID: ', ['0x4', '0x2c', '0xf0', '0xba', '0xa3', '0xf', '0x91'], 50.8, '2025-10-28 11:02:39.828189']
['UID: ', ['0x4', '0xd3', '0xad', '0xba', '0xa3', '0xf', '0x90'], 51.9, '2025-10-28 12:30:11.214943']
['UID: ', ['0x4', '0xd3', '0xad', '0xba', '0xa3', '0xf', '0x90'], 51.4, '2025-10-28 12:54:06.002222']
['UID: ', ['0x4', '0xea', '0xea', '0xba', '0xa3', '0xf', '0x90'], 51.9, '2025-10-28 13:34:01.633372']
['UID: ', ['0x4', '0xfc', '0xe5', '0xba', '0xa3', '0xf', '0x90'], 51.4, '2025-10-28 13:34:21.899145']
['UID: ', ['0x4', '0x74', '0xfc', '0xba', '0xa3', '0xf', '0x90'], 51.4, '2025-10-28 13:34:37.237773']
['UID: ', ['0x4', '0x82', '0xd8', '0xba', '0xa3', '0xf', '0x90'], 51.4, '2025-10-28 13:34:55.593321']
['UID: ', ['0x4', '0x20', '0xa3', '0xba', '0xa3', '0xf', '0x90'], 51.4, '2025-10-28 13:35:05.514799']
['UID: ', ['0x4', '0xa1', '0xe2', '0xba', '0xa3', '0xf', '0x90'], 51.4, '2025-10-28 13:35:08.266605']
['UID: ', ['0x4', '0xe9', '0x0', '0xba', '0xa3', '0xf', '0x94'], 51.9, '2025-10-28 13:35:26.258592']
['UID: ', ['0x4', '0x2c', '0xf0', '0xba', '0xa3', '0xf', '0x91'], 51.4, '2025-10-28 13:35:32.227069']
['UID: ', ['0x4', '0xea', '0xea', '0xba', '0xa3', '0xf', '0x90'], 51.4, '2025-10-28 13:53:58.287119']
['UID: ', ['0x4', '0x82', '0xd8', '0xba', '0xa3', '0xf', '0x90'], 51.4, '2025-10-28 13:54:46.110188']
['UID: ', ['0x4', '0xe9', '0x0', '0xba', '0xa3', '0xf', '0x94'], 51.4, '2025-10-28 13:55:08.194651']
['UID: ', ['0x4', '0x20', '0xa3', '0xba', '0xa3', '0xf', '0x90'], 51.4, '2025-10-28 13:55:11.108230']
['UID: ', ['0x4', '0xfc', '0xe5', '0xba', '0xa3', '0xf', '0x90'], 51.9, '2025-10-28 13:55:16.506245']
['UID: ', ['0x4', '0xa1', '0xe2', '0xba', '0xa3', '0xf', '0x90'], 51.4, '2025-10-28 13:55:19.180705']
['UID: ', ['0x4', '0x74', '0xfc', '0xba', '0xa3', '0xf', '0x90'], 51.4, '2025-10-28 13:56:57.601177']
['UID: ', ['0x4', '0x2c', '0xf0', '0xba', '0xa3', '0xf', '0x91'], 51.9, '2025-10-28 13:58:06.737997']
['UID: ', ['0x4', '0xf', '0xa7', '0xba', '0xa3', '0xf', '0x90'], 50.8, '2025-10-28 18:23:34.799358']
['UID: ', ['0x4', '0xd3', '0xad', '0xba', '0xa3', '0xf', '0x90'], 50.8, '2025-10-28 18:29:33.736785']
['UID: ', ['0x4', '0xe9', '0x0', '0xba', '0xa3', '0xf', '0x94'], 51.4, '2025-10-28 18:29:44.574501']
['UID: ', ['0x4', '0xea', '0xea', '0xba', '0xa3', '0xf', '0x90'], 51.4, '2025-10-28 18:31:20.818470']
['UID: ', ['0x4', '0x20', '0xa3', '0xba', '0xa3', '0xf', '0x90'], 50.8, '2025-10-28 18:31:24.421162']
['UID: ', ['0x4', '0x2c', '0xf0', '0xba', '0xa3', '0xf', '0x91'], 50.3, '2025-10-28 18:31:42.154240']
['UID: ', ['0x4', '0x74', '0xfc', '0xba', '0xa3', '0xf', '0x90'], 50.8, '2025-10-28 18:31:48.623809']
['UID: ', ['0x4', '0x82', '0xd8', '0xba', '0xa3', '0xf', '0x90'], 51.4, '2025-10-28 18:31:54.092352']
['UID: ', ['0x4', '0xa1', '0xe2', '0xba', '0xa3', '0xf', '0x90'], 50.8, '2025-10-28 18:32:00.016677']
['UID: ', ['0x4', '0xfc', '0xe5', '0xba', '0xa3', '0xf', '0x90'], 51.4, '2025-10-28 18:32:03.322518']
['UID: ', ['0x4', '0xfc', '0xe5', '0xba', '0xa3', '0xf', '0x90'], 50.8, '2025-10-28 18:33:16.403301']
['UID: ', ['0x4', '0xf', '0xa7', '0xba', '0xa3', '0xf', '0x90'], 50.8, '2025-10-28 18:41:06.987973']
['UID: ', ['0x4', '0xe9', '0x0', '0xba', '0xa3', '0xf', '0x94'], 50.8, '2025-10-29 10:10:40.052305']
['UID: ', ['0x4', '0xfc', '0xe5', '0xba', '0xa3', '0xf', '0x90'], 50.8, '2025-10-29 10:12:34.277872']
['UID: ', ['0x4', '0x82', '0xd8', '0xba', '0xa3', '0xf', '0x90'], 50.8, '2025-10-29 10:16:11.723232']
['UID: ', ['0x4', '0x74', '0xfc', '0xba', '0xa3', '0xf', '0x90'], 50.8, '2025-10-29 10:17:43.215481']
['UID: ', ['0x4', '0xa1', '0xe2', '0xba', '0xa3', '0xf', '0x90'], 50.8, '2025-10-29 10:22:40.997430']
['UID: ', ['0x4', '0xd3', '0xad', '0xba', '0xa3', '0xf', '0x90'], 50.8, '2025-10-29 10:32:07.571499']
['UID: ', ['0x4', '0x2c', '0xf0', '0xba', '0xa3', '0xf', '0x91'], 50.8, '2025-10-29 10:35:25.081668']
['UID: ', ['0x4', '0xea', '0xea', '0xba', '0xa3', '0xf', '0x90'], 50.8, '2025-10-29 10:57:22.346168']
['UID: ', ['0x4', '0x20', '0xa3', '0xba', '0xa3', '0xf', '0x90'], 51.4, '2025-10-29 11:04:30.934558']
['UID: ', ['0x4', '0xd3', '0xad', '0xba', '0xa3', '0xf', '0x90'], 50.8, '2025-10-29 12:17:09.697187']
['UID: ', ['0x4', '0xd3', '0xad', '0xba', '0xa3', '0xf', '0x90'], 50.8, '2025-10-29 12:41:36.592570']
['UID: ', ['0x4', '0xea', '0xea', '0xba', '0xa3', '0xf', '0x90'], 50.8, '2025-10-29 13:30:30.600224']
['UID: ', ['0x4', '0xe9', '0x0', '0xba', '0xa3', '0xf', '0x94'], 50.8, '2025-10-29 13:31:10.106749']
['UID: ', ['0x4', '0xa1', '0xe2', '0xba', '0xa3', '0xf', '0x90'], 50.8, '2025-10-29 13:31:41.372916']
['UID: ', ['0x4', '0xfc', '0xe5', '0xba', '0xa3', '0xf', '0x90'], 51.4, '2025-10-29 13:31:44.119396']
['UID: ', ['0x4', '0x20', '0xa3', '0xba', '0xa3', '0xf', '0x90'], 50.8, '2025-10-29 13:31:51.207663']
['UID: ', ['0x4', '0x74', '0xfc', '0xba', '0xa3', '0xf', '0x90'], 50.8, '2025-10-29 13:32:12.132228']
['UID: ', ['0x4', '0x2c', '0xf0', '0xba', '0xa3', '0xf', '0x91'], 51.4, '2025-10-29 13:32:23.079306']
['UID: ', ['0x4', '0x82', '0xd8', '0xba', '0xa3', '0xf', '0x90'], 51.4, '2025-10-29 13:32:27.639759']
['UID: ', ['0x4', '0xea', '0xea', '0xba', '0xa3', '0xf', '0x90'], 50.8, '2025-10-29 13:48:29.963306']
['UID: ', ['0x4', '0xe9', '0x0', '0xba', '0xa3', '0xf', '0x94'], 50.8, '2025-10-29 13:52:01.397185']
['UID: ', ['0x4', '0xa1', '0xe2', '0xba', '0xa3', '0xf', '0x90'], 50.8, '2025-10-29 13:52:33.889853']
['UID: ', ['0x4', '0xfc', '0xe5', '0xba', '0xa3', '0xf', '0x90'], 51.4, '2025-10-29 13:52:37.190191']
['UID: ', ['0x4', '0x20', '0xa3', '0xba', '0xa3', '0xf', '0x90'], 50.8, '2025-10-29 13:53:10.041306']
['UID: ', ['0x4', '0x74', '0xfc', '0xba', '0xa3', '0xf', '0x90'], 50.8, '2025-10-29 13:53:15.314367']
['UID: ', ['0x4', '0x82', '0xd8', '0xba', '0xa3', '0xf', '0x90'], 51.4, '2025-10-29 13:53:48.064401']
['UID: ', ['0x4', '0x2c', '0xf0', '0xba', '0xa3', '0xf', '0x91'], 50.8, '2025-10-29 13:54:19.633863']
['UID: ', ['0x4', '0xe9', '0x0', '0xba', '0xa3', '0xf', '0x94'], 50.8, '2025-10-29 15:23:34.645015']
['UID: ', ['0x4', '0xea', '0xea', '0xba', '0xa3', '0xf', '0x90'], 50.8, '2025-10-29 15:23:43.110469']
['UID: ', ['0x4', '0xa1', '0xe2', '0xba', '0xa3', '0xf', '0x90'], 50.8, '2025-10-29 15:24:47.869386']
['UID: ', ['0x4', '0xfc', '0xe5', '0xba', '0xa3', '0xf', '0x90'], 51.4, '2025-10-29 15:24:50.569402']
['UID: ', ['0x4', '0x74', '0xfc', '0xba', '0xa3', '0xf', '0x90'], 50.8, '2025-10-29 15:25:29.579255']
['UID: ', ['0x4', '0x82', '0xd8', '0xba', '0xa3', '0xf', '0x90'], 50.8, '2025-10-29 15:25:37.007511']
['UID: ', ['0x4', '0xd3', '0xad', '0xba', '0xa3', '0xf', '0x90'], 50.8, '2025-10-29 15:25:51.733203']
['UID: ', ['0x4', '0x2c', '0xf0', '0xba', '0xa3', '0xf', '0x91'], 50.8, '2025-10-29 15:25:55.953872']
['UID: ', ['0x4', '0x20', '0xa3', '0xba', '0xa3', '0xf', '0x90'], 50.8, '2025-10-29 15:28:06.087249']
['UID: ', ['0x4', '0xf', '0xa7', '0xba', '0xa3', '0xf', '0x90'], 50.8, '2025-10-29 15:42:00.595803']
['UID: ', ['0x4', '0xf', '0xa7', '0xba', '0xa3', '0xf', '0x90'], 50.8, '2025-10-29 16:36:53.894388']
['UID: ', ['0x4', '0x82', '0xd8', '0xba', '0xa3', '0xf', '0x90'], 49.2, '2025-10-30 10:16:36.154757']
['UID: ', ['0x4', '0xfc', '0xe5', '0xba', '0xa3', '0xf', '0x90'], 48.7, '2025-10-30 10:22:17.472444']
['UID: ', ['0x4', '0xa1', '0xe2', '0xba', '0xa3', '0xf', '0x90'], 48.7, '2025-10-30 10:25:48.115710']
['UID: ', ['0x4', '0xd3', '0xad', '0xba', '0xa3', '0xf', '0x90'], 49.2, '2025-10-30 10:32:20.271859']
['UID: ', ['0x4', '0x2c', '0xf0', '0xba', '0xa3', '0xf', '0x91'], 48.7, '2025-10-30 10:35:56.720057']
['UID: ', ['0x4', '0xe9', '0x0', '0xba', '0xa3', '0xf', '0x94'], 48.7, '2025-10-30 10:48:33.666227']
['UID: ', ['0x4', '0xe9', '0x0', '0xba', '0xa3', '0xf', '0x94'], 49.2, '2025-10-30 10:48:35.912944']
['UID: ', ['0x4', '0x74', '0xfc', '0xba', '0xa3', '0xf', '0x90'], 49.8, '2025-10-30 10:54:15.371007']
['UID: ', ['0x4', '0xea', '0xea', '0xba', '0xa3', '0xf', '0x90'], 48.7, '2025-10-30 10:59:44.328044']
['UID: ', ['0x4', '0x20', '0xa3', '0xba', '0xa3', '0xf', '0x90'], 49.2, '2025-10-30 11:03:07.962922']
['UID: ', ['0x4', '0xd3', '0xad', '0xba', '0xa3', '0xf', '0x90'], 49.8, '2025-10-30 12:26:51.456676']
['UID: ', ['0x4', '0xd3', '0xad', '0xba', '0xa3', '0xf', '0x90'], 50.3, '2025-10-30 12:51:05.606503']
['UID: ', ['0x4', '0xea', '0xea', '0xba', '0xa3', '0xf', '0x90'], 49.2, '2025-10-30 13:21:00.600657']
['UID: ', ['0x4', '0xe9', '0x0', '0xba', '0xa3', '0xf', '0x94'], 50.3, '2025-10-30 13:30:44.374262']
['UID: ', ['0x4', '0x74', '0xfc', '0xba', '0xa3', '0xf', '0x90'], 49.8, '2025-10-30 13:31:03.459803']
['UID: ', ['0x4', '0x82', '0xd8', '0xba', '0xa3', '0xf', '0x90'], 49.8, '2025-10-30 13:31:09.895296']
['UID: ', ['0x4', '0x2c', '0xf0', '0xba', '0xa3', '0xf', '0x91'], 49.8, '2025-10-30 13:31:15.964672']
['UID: ', ['0x4', '0x20', '0xa3', '0xba', '0xa3', '0xf', '0x90'], 49.8, '2025-10-30 13:31:41.279198']
['UID: ', ['0x4', '0xfc', '0xe5', '0xba', '0xa3', '0xf', '0x90'], 49.8, '2025-10-30 13:31:43.951608']
['UID: ', ['0x4', '0xa1', '0xe2', '0xba', '0xa3', '0xf', '0x90'], 50.3, '2025-10-30 13:31:46.999857']
['UID: ', ['0x4', '0xfc', '0xe5', '0xba', '0xa3', '0xf', '0x90'], 49.8, '2025-10-30 13:52:18.431293']
['UID: ', ['0x4', '0xe9', '0x0', '0xba', '0xa3', '0xf', '0x94'], 49.8, '2025-10-30 13:52:30.847151']
['UID: ', ['0x4', '0x20', '0xa3', '0xba', '0xa3', '0xf', '0x90'], 49.8, '2025-10-30 13:53:16.782981']
['UID: ', ['0x4', '0xa1', '0xe2', '0xba', '0xa3', '0xf', '0x90'], 49.8, '2025-10-30 13:53:49.331024']
['UID: ', ['0x4', '0x2c', '0xf0', '0xba', '0xa3', '0xf', '0x91'], 50.3, '2025-10-30 13:54:05.898871']
['UID: ', ['0x4', '0x74', '0xfc', '0xba', '0xa3', '0xf', '0x90'], 49.8, '2025-10-30 13:54:14.688689']
['UID: ', ['0x4', '0xd3', '0xad', '0xba', '0xa3', '0xf', '0x90'], 49.8, '2025-10-30 17:24:26.186517']
['UID: ', ['0x4', '0x2c', '0xf0', '0xba', '0xa3', '0xf', '0x91'], 50.8, '2025-10-30 17:24:32.040499']
['UID: ', ['0x4', '0xa1', '0xe2', '0xba', '0xa3', '0xf', '0x90'], 49.8, '2025-10-30 17:24:46.392010']
['UID: ', ['0x4', '0xfc', '0xe5', '0xba', '0xa3', '0xf', '0x90'], 50.8, '2025-10-30 17:24:54.432626']
['UID: ', ['0x4', '0x74', '0xfc', '0xba', '0xa3', '0xf', '0x90'], 50.3, '2025-10-30 17:25:32.206205']
['UID: ', ['0x4', '0x82', '0xd8', '0xba', '0xa3', '0xf', '0x90'], 49.8, '2025-10-30 17:26:01.507993']
['UID: ', ['0x4', '0x20', '0xa3', '0xba', '0xa3', '0xf', '0x90'], 49.8, '2025-10-30 17:26:13.121045']
['UID: ', ['0x4', '0xf', '0xa7', '0xba', '0xa3', '0xf', '0x90'], 49.8, '2025-10-30 17:26:18.056255']
['UID: ', ['0x4', '0xf', '0xa7', '0xba', '0xa3', '0xf', '0x90'], 50.8, '2025-10-30 17:31:05.755713']
['UID: ', ['0x4', '0xe9', '0x0', '0xba', '0xa3', '0xf', '0x94'], 49.8, '2025-10-31 10:12:38.017668']
['UID: ', ['0x4', '0x82', '0xd8', '0xba', '0xa3', '0xf', '0x90'], 50.8, '2025-10-31 10:13:08.306761']
['UID: ', ['0x4', '0x74', '0xfc', '0xba', '0xa3', '0xf', '0x90'], 50.3, '2025-10-31 10:15:15.268014']
['UID: ', ['0x4', '0xa1', '0xe2', '0xba', '0xa3', '0xf', '0x90'], 49.8, '2025-10-31 10:27:28.160366']
['UID: ', ['0x4', '0xd3', '0xad', '0xba', '0xa3', '0xf', '0x90'], 50.8, '2025-10-31 10:34:41.489509']
['UID: ', ['0x4', '0x2c', '0xf0', '0xba', '0xa3', '0xf', '0x91'], 49.8, '2025-10-31 10:36:39.025392']
['UID: ', ['0x4', '0xea', '0xea', '0xba', '0xa3', '0xf', '0x90'], 50.3, '2025-10-31 10:56:18.411813']
['UID: ', ['0x4', '0xd3', '0xad', '0xba', '0xa3', '0xf', '0x90'], 50.8, '2025-10-31 12:00:16.272030']
['UID: ', ['0x4', '0xd3', '0xad', '0xba', '0xa3', '0xf', '0x90'], 49.8, '2025-10-31 12:23:48.445175']
['UID: ', ['0x4', '0xea', '0xea', '0xba', '0xa3', '0xf', '0x90'], 50.3, '2025-10-31 13:30:24.368799']
['UID: ', ['0x4', '0xe9', '0x0', '0xba', '0xa3', '0xf', '0x94'], 50.3, '2025-10-31 13:34:46.434636']
['UID: ', ['0x4', '0xa1', '0xe2', '0xba', '0xa3', '0xf', '0x90'], 50.8, '2025-10-31 13:34:51.125313']
['UID: ', ['0x4', '0x2c', '0xf0', '0xba', '0xa3', '0xf', '0x91'], 50.8, '2025-10-31 13:35:02.577395']
['UID: ', ['0x4', '0x82', '0xd8', '0xba', '0xa3', '0xf', '0x90'], 50.3, '2025-10-31 13:38:02.432161']
['UID: ', ['0x4', '0xe9', '0x0', '0xba', '0xa3', '0xf', '0x94'], 49.8, '2025-10-31 13:55:47.742898']
['UID: ', ['0x4', '0xa1', '0xe2', '0xba', '0xa3', '0xf', '0x90'], 49.8, '2025-10-31 13:55:51.526391']
['UID: ', ['0x4', '0x74', '0xfc', '0xba', '0xa3', '0xf', '0x90'], 50.8, '2025-10-31 13:58:21.755146']
['UID: ', ['0x4', '0x2c', '0xf0', '0xba', '0xa3', '0xf', '0x91'], 50.8, '2025-10-31 13:58:26.123723']
['UID: ', ['0x4', '0x82', '0xd8', '0xba', '0xa3', '0xf', '0x90'], 50.3, '2025-10-31 13:58:31.750274']
['UID: ', ['0x4', '0xe9', '0x0', '0xba', '0xa3', '0xf', '0x94'], 50.3, '2025-10-31 14:00:29.282389']
['UID: ', ['0x4', '0x74', '0xfc', '0xba', '0xa3', '0xf', '0x90'], 50.8, '2025-10-31 14:02:20.572835']
['UID: ', ['0x4', '0x82', '0xd8', '0xba', '0xa3', '0xf', '0x90'], 51.4, '2025-10-31 14:02:40.927827']
['UID: ', ['0x4', '0xa1', '0xe2', '0xba', '0xa3', '0xf', '0x90'], 50.8, '2025-10-31 15:01:00.447132']
['UID: ', ['0x4', '0x2c', '0xf0', '0xba', '0xa3', '0xf', '0x91'], 50.8, '2025-10-31 15:01:50.133631']
['UID: ', ['0x4', '0xd3', '0xad', '0xba', '0xa3', '0xf', '0x90'], 50.8, '2025-10-31 15:01:53.439338']
['UID: ', ['0x4', '0xf', '0xa7', '0xba', '0xa3', '0xf', '0x90'], 50.8, '2025-10-31 18:23:56.339296']
['UID: ', ['0x4', '0x74', '0xfc', '0xba', '0xa3', '0xf', '0x90'], 50.3, '2025-11-03 09:50:55.197727']
['UID: ', ['0x4', '0x20', '0xa3', '0xba', '0xa3', '0xf', '0x90'], 50.8, '2025-11-03 10:01:11.932511']
['UID: ', ['0x4', '0xe9', '0x0', '0xba', '0xa3', '0xf', '0x94'], 50.3, '2025-11-03 10:15:30.781652']
['UID: ', ['0x4', '0x82', '0xd8', '0xba', '0xa3', '0xf', '0x90'], 50.3, '2025-11-03 10:16:12.452043']
['UID: ', ['0x4', '0xd3', '0xad', '0xba', '0xa3', '0xf', '0x90'], 50.3, '2025-11-03 10:29:42.302135']
['UID: ', ['0x4', '0x2c', '0xf0', '0xba', '0xa3', '0xf', '0x91'], 50.8, '2025-11-03 10:34:00.412438']
['UID: ', ['0x4', '0x5f', '0xc0', '0xba', '0xa3', '0xf', '0x91'], 50.3, '2025-11-03 10:56:45.416859']
['UID: ', ['0x4', '0xd3', '0xad', '0xba', '0xa3', '0xf', '0x90'], 50.8, '2025-11-03 12:02:01.737964']
['UID: ', ['0x4', '0xd3', '0xad', '0xba', '0xa3', '0xf', '0x90'], 50.3, '2025-11-03 12:24:56.074179']
['UID: ', ['0x4', '0x2c', '0xf0', '0xba', '0xa3', '0xf', '0x91'], 50.8, '2025-11-03 13:33:08.594793']
['UID: ', ['0x4', '0xe9', '0x0', '0xba', '0xa3', '0xf', '0x94'], 50.8, '2025-11-03 13:33:13.617954']
['UID: ', ['0x4', '0x20', '0xa3', '0xba', '0xa3', '0xf', '0x90'], 50.8, '2025-11-03 13:33:43.870718']
['UID: ', ['0x4', '0x5f', '0xc0', '0xba', '0xa3', '0xf', '0x91'], 50.8, '2025-11-03 13:33:59.322958']
['UID: ', ['0x4', '0x74', '0xfc', '0xba', '0xa3', '0xf', '0x90'], 50.8, '2025-11-03 13:34:09.924083']
['UID: ', ['0x4', '0x82', '0xd8', '0xba', '0xa3', '0xf', '0x90'], 51.4, '2025-11-03 13:34:17.820740']
['UID: ', ['0x4', '0xe9', '0x0', '0xba', '0xa3', '0xf', '0x94'], 50.8, '2025-11-03 13:54:08.830727']
['UID: ', ['0x4', '0x2c', '0xf0', '0xba', '0xa3', '0xf', '0x91'], 50.8, '2025-11-03 13:54:34.560517']
['UID: ', ['0x4', '0x82', '0xd8', '0xba', '0xa3', '0xf', '0x90'], 50.8, '2025-11-03 13:56:35.724407']
['UID: ', ['0x4', '0x74', '0xfc', '0xba', '0xa3', '0xf', '0x90'], 50.8, '2025-11-03 13:56:49.486472']
['UID: ', ['0x4', '0x5f', '0xc0', '0xba', '0xa3', '0xf', '0x91'], 50.8, '2025-11-03 13:57:17.230749']
['UID: ', ['0x4', '0x20', '0xa3', '0xba', '0xa3', '0xf', '0x90'], 50.8, '2025-11-03 13:58:44.538488']
['UID: ', ['0x4', '0x5f', '0xc0', '0xba', '0xa3', '0xf', '0x91'], 50.3, '2025-11-03 16:12:20.300191']
['UID: ', ['0x4', '0x74', '0xfc', '0xba', '0xa3', '0xf', '0x90'], 50.8, '2025-11-03 16:19:48.964237']
['UID: ', ['0x4', '0x20', '0xa3', '0xba', '0xa3', '0xf', '0x90'], 50.8, '2025-11-03 16:35:36.028110']
['UID: ', ['0x4', '0x2c', '0xf0', '0xba', '0xa3', '0xf', '0x91'], 50.3, '2025-11-03 17:05:03.869864']
['UID: ', ['0x4', '0xe9', '0x0', '0xba', '0xa3', '0xf', '0x94'], 50.8, '2025-11-03 17:05:07.530761']
['UID: ', ['0x4', '0xd3', '0xad', '0xba', '0xa3', '0xf', '0x90'], 50.3, '2025-11-03 17:05:12.083377']
['UID: ', ['0x4', '0x82', '0xd8', '0xba', '0xa3', '0xf', '0x90'], 49.8, '2025-11-03 17:06:20.103135']
['UID: ', ['0x4', '0x20', '0xa3', '0xba', '0xa3', '0xf', '0x90'], 50.3, '2025-11-04 09:57:41.073013']
['UID: ', ['0x4', '0xd3', '0xad', '0xba', '0xa3', '0xf', '0x90'], 49.8, '2025-11-04 10:03:00.076446']
['UID: ', ['0x4', '0xe9', '0x0', '0xba', '0xa3', '0xf', '0x94'], 50.3, '2025-11-04 10:07:59.351112']
['UID: ', ['0x4', '0x74', '0xfc', '0xba', '0xa3', '0xf', '0x90'], 50.3, '2025-11-04 10:13:15.971448']
['UID: ', ['0x4', '0x82', '0xd8', '0xba', '0xa3', '0xf', '0x90'], 50.8, '2025-11-04 10:16:31.686643']
['UID: ', ['0x4', '0xa1', '0xe2', '0xba', '0xa3', '0xf', '0x90'], 50.8, '2025-11-04 10:22:33.815399']
['UID: ', ['0x4', '0x2c', '0xf0', '0xba', '0xa3', '0xf', '0x91'], 51.4, '2025-11-04 10:35:26.662286']
['UID: ', ['0x4', '0x5f', '0xc0', '0xba', '0xa3', '0xf', '0x91'], 49.8, '2025-11-04 10:46:03.243459']
['UID: ', ['0x4', '0xd3', '0xad', '0xba', '0xa3', '0xf', '0x90'], 50.8, '2025-11-04 12:04:05.478716']
['UID: ', ['0x4', '0xd3', '0xad', '0xba', '0xa3', '0xf', '0x90'], 50.8, '2025-11-04 12:25:03.354113']
['UID: ', ['0x4', '0x5f', '0xc0', '0xba', '0xa3', '0xf', '0x91'], 51.4, '2025-11-04 13:31:54.892564']
['UID: ', ['0x4', '0xe9', '0x0', '0xba', '0xa3', '0xf', '0x94'], 51.4, '2025-11-04 13:32:04.954638']
['UID: ', ['0x4', '0x2c', '0xf0', '0xba', '0xa3', '0xf', '0x91'], 50.8, '2025-11-04 13:32:13.643527']
['UID: ', ['0x4', '0x20', '0xa3', '0xba', '0xa3', '0xf', '0x90'], 50.8, '2025-11-04 13:33:38.258205']
['UID: ', ['0x4', '0xa1', '0xe2', '0xba', '0xa3', '0xf', '0x90'], 50.8, '2025-11-04 13:33:50.014807']
['UID: ', ['0x4', '0x82', '0xd8', '0xba', '0xa3', '0xf', '0x90'], 50.8, '2025-11-04 13:34:22.433150']
['UID: ', ['0x4', '0x74', '0xfc', '0xba', '0xa3', '0xf', '0x90'], 51.4, '2025-11-04 13:34:29.978339']
['UID: ', ['0x4', '0xe9', '0x0', '0xba', '0xa3', '0xf', '0x94'], 50.8, '2025-11-04 13:52:01.637642']
['UID: ', ['0x4', '0xa1', '0xe2', '0xba', '0xa3', '0xf', '0x90'], 50.8, '2025-11-04 13:52:43.791459']
['UID: ', ['0x4', '0x82', '0xd8', '0xba', '0xa3', '0xf', '0x90'], 50.8, '2025-11-04 13:52:56.786941']
['UID: ', ['0x4', '0x5f', '0xc0', '0xba', '0xa3', '0xf', '0x91'], 51.4, '2025-11-04 13:54:32.809095']
['UID: ', ['0x4', '0x2c', '0xf0', '0xba', '0xa3', '0xf', '0x91'], 51.4, '2025-11-04 13:57:11.336059']
['UID: ', ['0x4', '0x74', '0xfc', '0xba', '0xa3', '0xf', '0x90'], 50.8, '2025-11-04 13:59:49.698503']
['UID: ', ['0x4', '0x20', '0xa3', '0xba', '0xa3', '0xf', '0x90'], 51.4, '2025-11-04 14:00:29.832920']
['UID: ', ['0x4', '0x74', '0xfc', '0xba', '0xa3', '0xf', '0x90'], 50.8, '2025-11-04 16:54:51.566358']
['UID: ', ['0x4', '0x82', '0xd8', '0xba', '0xa3', '0xf', '0x90'], 51.4, '2025-11-04 16:54:55.896316']
['UID: ', ['0x4', '0xa1', '0xe2', '0xba', '0xa3', '0xf', '0x90'], 51.4, '2025-11-04 16:55:02.576505']
['UID: ', ['0x4', '0xd3', '0xad', '0xba', '0xa3', '0xf', '0x90'], 51.9, '2025-11-04 16:55:06.606890']
['UID: ', ['0x4', '0x5f', '0xc0', '0xba', '0xa3', '0xf', '0x91'], 51.4, '2025-11-04 16:55:17.783056']
['UID: ', ['0x4', '0x2c', '0xf0', '0xba', '0xa3', '0xf', '0x91'], 51.4, '2025-11-04 16:55:56.983570']
['UID: ', ['0x4', '0x20', '0xa3', '0xba', '0xa3', '0xf', '0x90'], 51.4, '2025-11-04 16:56:01.602113']
['UID: ', ['0x4', '0xf', '0xa7', '0xba', '0xa3', '0xf', '0x90'], 51.9, '2025-11-04 17:00:12.585427']
['UID: ', ['0x4', '0xf', '0xa7', '0xba', '0xa3', '0xf', '0x90'], 50.8, '2025-11-04 17:12:55.464047']
['UID: ', ['0x4', '0xfc', '0xe5', '0xba', '0xa3', '0xf', '0x90'], 50.8, '2025-11-05 09:47:42.809844']
['UID: ', ['0x4', '0x20', '0xa3', '0xba', '0xa3', '0xf', '0x90'], 51.4, '2025-11-05 09:59:23.414158']
['UID: ', ['0x4', '0xd3', '0xad', '0xba', '0xa3', '0xf', '0x90'], 50.8, '2025-11-05 10:02:12.195327']
['UID: ', ['0x4', '0xe9', '0x0', '0xba', '0xa3', '0xf', '0x94'], 50.8, '2025-11-05 10:12:27.438597']
['UID: ', ['0x4', '0x82', '0xd8', '0xba', '0xa3', '0xf', '0x90'], 50.8, '2025-11-05 10:14:54.130834']
['UID: ', ['0x4', '0x74', '0xfc', '0xba', '0xa3', '0xf', '0x90'], 50.8, '2025-11-05 10:17:44.627947']
['UID: ', ['0x4', '0xa1', '0xe2', '0xba', '0xa3', '0xf', '0x90'], 50.8, '2025-11-05 10:35:05.481699']
['UID: ', ['0x4', '0x2c', '0xf0', '0xba', '0xa3', '0xf', '0x91'], 50.8, '2025-11-05 10:38:00.383457']
['UID: ', ['0x4', '0x5f', '0xc0', '0xba', '0xa3', '0xf', '0x91'], 51.4, '2025-11-05 10:48:21.203631']
['UID: ', ['0x4', '0xd3', '0xad', '0xba', '0xa3', '0xf', '0x90'], 51.4, '2025-11-05 11:58:05.453695']
['UID: ', ['0x4', '0xd3', '0xad', '0xba', '0xa3', '0xf', '0x90'], 51.9, '2025-11-05 12:23:46.334687']
['UID: ', ['0x4', '0x20', '0xa3', '0xba', '0xa3', '0xf', '0x90'], 51.9, '2025-11-05 13:33:56.836195']
['UID: ', ['0x4', '0x74', '0xfc', '0xba', '0xa3', '0xf', '0x90'], 51.4, '2025-11-05 13:35:13.809106']
['UID: ', ['0x4', '0x5f', '0xc0', '0xba', '0xa3', '0xf', '0x91'], 51.9, '2025-11-05 13:35:19.617833']
['UID: ', ['0x4', '0xa1', '0xe2', '0xba', '0xa3', '0xf', '0x90'], 51.9, '2025-11-05 13:36:25.377590']
['UID: ', ['0x4', '0x2c', '0xf0', '0xba', '0xa3', '0xf', '0x91'], 51.9, '2025-11-05 13:36:57.787180']
['UID: ', ['0x4', '0x82', '0xd8', '0xba', '0xa3', '0xf', '0x90'], 51.9, '2025-11-05 13:37:06.205016']
['UID: ', ['0x4', '0xfc', '0xe5', '0xba', '0xa3', '0xf', '0x90'], 51.9, '2025-11-05 13:37:08.407098']
['UID: ', ['0x4', '0xe9', '0x0', '0xba', '0xa3', '0xf', '0x94'], 51.4, '2025-11-05 13:37:23.741526']
['UID: ', ['0x4', '0x82', '0xd8', '0xba', '0xa3', '0xf', '0x90'], 51.9, '2025-11-05 13:56:15.751109']
['UID: ', ['0x4', '0x74', '0xfc', '0xba', '0xa3', '0xf', '0x90'], 51.9, '2025-11-05 13:58:02.491720']
['UID: ', ['0x4', '0x5f', '0xc0', '0xba', '0xa3', '0xf', '0x91'], 51.4, '2025-11-05 13:58:10.196525']
['UID: ', ['0x4', '0xe9', '0x0', '0xba', '0xa3', '0xf', '0x94'], 51.9, '2025-11-05 13:58:21.641299']
['UID: ', ['0x4', '0xfc', '0xe5', '0xba', '0xa3', '0xf', '0x90'], 51.9, '2025-11-05 13:58:58.171790']
['UID: ', ['0x4', '0xa1', '0xe2', '0xba', '0xa3', '0xf', '0x90'], 51.9, '2025-11-05 13:59:01.222929']
['UID: ', ['0x4', '0x20', '0xa3', '0xba', '0xa3', '0xf', '0x90'], 51.4, '2025-11-05 13:59:04.895722']
['UID: ', ['0x4', '0x2c', '0xf0', '0xba', '0xa3', '0xf', '0x91'], 51.9, '2025-11-05 13:59:18.340248']
['UID: ', ['0x4', '0x2c', '0xf0', '0xba', '0xa3', '0xf', '0x91'], 51.4, '2025-11-05 17:39:22.262272']
['UID: ', ['0x4', '0xe9', '0x0', '0xba', '0xa3', '0xf', '0x94'], 51.4, '2025-11-05 17:39:26.197658']
['UID: ', ['0x4', '0x82', '0xd8', '0xba', '0xa3', '0xf', '0x90'], 51.4, '2025-11-05 17:39:29.735981']
['UID: ', ['0x4', '0x20', '0xa3', '0xba', '0xa3', '0xf', '0x90'], 51.4, '2025-11-05 17:39:35.174042']
['UID: ', ['0x4', '0xfc', '0xe5', '0xba', '0xa3', '0xf', '0x90'], 51.4, '2025-11-05 17:39:38.086761']
['UID: ', ['0x4', '0x5f', '0xc0', '0xba', '0xa3', '0xf', '0x91'], 51.9, '2025-11-05 17:39:42.014504']
['UID: ', ['0x4', '0x74', '0xfc', '0xba', '0xa3', '0xf', '0x90'], 51.4, '2025-11-05 17:39:48.255759']
['UID: ', ['0x4', '0xa1', '0xe2', '0xba', '0xa3', '0xf', '0x90'], 51.4, '2025-11-05 17:39:59.550304']
['UID: ', ['0x4', '0xd3', '0xad', '0xba', '0xa3', '0xf', '0x90'], 51.4, '2025-11-05 17:40:22.975918']
['UID: ', ['0x4', '0xf', '0xa7', '0xba', '0xa3', '0xf', '0x90'], 51.4, '2025-11-05 17:47:49.051984']
['UID: ', ['0x4', '0xf', '0xa7', '0xba', '0xa3', '0xf', '0x90'], 51.4, '2025-11-05 17:48:02.595057']
['UID: ', ['0x4', '0x20', '0xa3', '0xba', '0xa3', '0xf', '0x90'], 51.4, '2025-11-06 10:01:38.818944']
['UID: ', ['0x4', '0xd3', '0xad', '0xba', '0xa3', '0xf', '0x90'], 50.8, '2025-11-06 10:03:02.142373']
['UID: ', ['0x4', '0xe9', '0x0', '0xba', '0xa3', '0xf', '0x94'], 50.8, '2025-11-06 10:09:31.341754']
['UID: ', ['0x4', '0x82', '0xd8', '0xba', '0xa3', '0xf', '0x90'], 50.8, '2025-11-06 10:12:56.082860']
['UID: ', ['0x4', '0xfc', '0xe5', '0xba', '0xa3', '0xf', '0x90'], 51.4, '2025-11-06 10:21:22.183720']
['UID: ', ['0x4', '0x74', '0xfc', '0xba', '0xa3', '0xf', '0x90'], 50.8, '2025-11-06 10:22:50.503348']
['UID: ', ['0x4', '0xa1', '0xe2', '0xba', '0xa3', '0xf', '0x90'], 51.4, '2025-11-06 10:25:24.704220']
['UID: ', ['0x4', '0x2c', '0xf0', '0xba', '0xa3', '0xf', '0x91'], 51.4, '2025-11-06 10:38:34.948524']
['UID: ', ['0x4', '0x5f', '0xc0', '0xba', '0xa3', '0xf', '0x91'], 50.8, '2025-11-06 10:50:08.675120']
['UID: ', ['0x4', '0xd3', '0xad', '0xba', '0xa3', '0xf', '0x90'], 51.4, '2025-11-06 12:00:45.260792']
['UID: ', ['0x4', '0xd3', '0xad', '0xba', '0xa3', '0xf', '0x90'], 51.9, '2025-11-06 12:23:41.723941']
['UID: ', ['0x4', '0x5f', '0xc0', '0xba', '0xa3', '0xf', '0x91'], 51.9, '2025-11-06 13:33:22.489512']
['UID: ', ['0x4', '0xfc', '0xe5', '0xba', '0xa3', '0xf', '0x90'], 52.5, '2025-11-06 13:33:29.797973']
['UID: ', ['0x4', '0xa1', '0xe2', '0xba', '0xa3', '0xf', '0x90'], 51.9, '2025-11-06 13:33:32.579477']
['UID: ', ['0x4', '0x74', '0xfc', '0xba', '0xa3', '0xf', '0x90'], 51.9, '2025-11-06 13:33:45.473455']
['UID: ', ['0x4', '0xe9', '0x0', '0xba', '0xa3', '0xf', '0x94'], 51.9, '2025-11-06 13:33:54.403125']
['UID: ', ['0x4', '0x82', '0xd8', '0xba', '0xa3', '0xf', '0x90'], 51.9, '2025-11-06 13:34:00.522902']
['UID: ', ['0x4', '0x2c', '0xf0', '0xba', '0xa3', '0xf', '0x91'], 51.9, '2025-11-06 13:34:51.080804']
['UID: ', ['0x4', '0x20', '0xa3', '0xba', '0xa3', '0xf', '0x90'], 52.5, '2025-11-06 13:43:26.293643']
['UID: ', ['0x4', '0xfc', '0xe5', '0xba', '0xa3', '0xf', '0x90'], 51.9, '2025-11-06 13:54:10.267792']
['UID: ', ['0x4', '0xa1', '0xe2', '0xba', '0xa3', '0xf', '0x90'], 51.9, '2025-11-06 13:54:13.096497']
['UID: ', ['0x4', '0xe9', '0x0', '0xba', '0xa3', '0xf', '0x94'], 51.9, '2025-11-06 13:55:24.118981']
['UID: ', ['0x4', '0x82', '0xd8', '0xba', '0xa3', '0xf', '0x90'], 51.9, '2025-11-06 13:55:27.121191']
['UID: ', ['0x4', '0x5f', '0xc0', '0xba', '0xa3', '0xf', '0x91'], 52.5, '2025-11-06 13:56:36.845701']
['UID: ', ['0x4', '0x74', '0xfc', '0xba', '0xa3', '0xf', '0x90'], 51.9, '2025-11-06 13:56:55.050704']
['UID: ', ['0x4', '0x2c', '0xf0', '0xba', '0xa3', '0xf', '0x91'], 51.9, '2025-11-06 14:00:46.627682']
['UID: ', ['0x4', '0x20', '0xa3', '0xba', '0xa3', '0xf', '0x90'], 51.4, '2025-11-06 14:11:49.525195']
['UID: ', ['0x4', '0x5f', '0xc0', '0xba', '0xa3', '0xf', '0x91'], 51.9, '2025-11-06 17:39:10.974993']
['UID: ', ['0x4', '0xe9', '0x0', '0xba', '0xa3', '0xf', '0x94'], 51.9, '2025-11-06 17:39:17.857407']
['UID: ', ['0x4', '0x74', '0xfc', '0xba', '0xa3', '0xf', '0x90'], 51.9, '2025-11-06 17:39:37.025976']
['UID: ', ['0x4', '0x2c', '0xf0', '0xba', '0xa3', '0xf', '0x91'], 51.9, '2025-11-06 17:40:00.464790']
['UID: ', ['0x4', '0x82', '0xd8', '0xba', '0xa3', '0xf', '0x90'], 51.9, '2025-11-06 17:40:17.658962']
['UID: ', ['0x4', '0xa1', '0xe2', '0xba', '0xa3', '0xf', '0x90'], 51.4, '2025-11-06 17:40:43.930248']
['UID: ', ['0x4', '0xfc', '0xe5', '0xba', '0xa3', '0xf', '0x90'], 51.9, '2025-11-06 17:40:46.712647']
['UID: ', ['0x4', '0xd3', '0xad', '0xba', '0xa3', '0xf', '0x90'], 51.4, '2025-11-06 17:41:09.636871']
['UID: ', ['0x4', '0x20', '0xa3', '0xba', '0xa3', '0xf', '0x90'], 51.4, '2025-11-06 17:43:21.452249']
['UID: ', ['0x4', '0xf', '0xa7', '0xba', '0xa3', '0xf', '0x90'], 51.4, '2025-11-06 17:47:39.256781']
['UID: ', ['0x4', '0xd3', '0xad', '0xba', '0xa3', '0xf', '0x90'], 50.8, '2025-11-07 09:59:52.476068']
['UID: ', ['0x4', '0x20', '0xa3', '0xba', '0xa3', '0xf', '0x90'], 50.8, '2025-11-07 10:00:04.906277']
['UID: ', ['0x4', '0xe9', '0x0', '0xba', '0xa3', '0xf', '0x94'], 50.8, '2025-11-07 10:13:01.484112']
['UID: ', ['0x4', '0x82', '0xd8', '0xba', '0xa3', '0xf', '0x90'], 50.8, '2025-11-07 10:14:33.598298']
['UID: ', ['0x4', '0xfc', '0xe5', '0xba', '0xa3', '0xf', '0x90'], 51.4, '2025-11-07 10:14:44.166997']
['UID: ', ['0x4', '0x74', '0xfc', '0xba', '0xa3', '0xf', '0x90'], 50.8, '2025-11-07 10:19:30.253146']
['UID: ', ['0x4', '0xa1', '0xe2', '0xba', '0xa3', '0xf', '0x90'], 50.8, '2025-11-07 10:23:09.649330']
['UID: ', ['0x4', '0x2c', '0xf0', '0xba', '0xa3', '0xf', '0x91'], 51.4, '2025-11-07 10:38:15.805793']
['UID: ', ['0x4', '0x5f', '0xc0', '0xba', '0xa3', '0xf', '0x91'], 50.8, '2025-11-07 10:50:45.800800']
['UID: ', ['0x4', '0xd3', '0xad', '0xba', '0xa3', '0xf', '0x90'], 51.4, '2025-11-07 11:57:18.279787']
['UID: ', ['0x4', '0xd3', '0xad', '0xba', '0xa3', '0xf', '0x90'], 50.8, '2025-11-07 12:22:40.863521']
['UID: ', ['0x4', '0xa1', '0xe2', '0xba', '0xa3', '0xf', '0x90'], 51.9, '2025-11-07 13:34:56.666006']
['UID: ', ['0x4', '0xfc', '0xe5', '0xba', '0xa3', '0xf', '0x90'], 51.9, '2025-11-07 13:34:59.344889']
['UID: ', ['0x4', '0xe9', '0x0', '0xba', '0xa3', '0xf', '0x94'], 51.9, '2025-11-07 13:35:02.448798']
['UID: ', ['0x4', '0x2c', '0xf0', '0xba', '0xa3', '0xf', '0x91'], 51.4, '2025-11-07 13:35:33.386576']
['UID: ', ['0x4', '0x5f', '0xc0', '0xba', '0xa3', '0xf', '0x91'], 51.4, '2025-11-07 13:36:30.704376']
['UID: ', ['0x4', '0x74', '0xfc', '0xba', '0xa3', '0xf', '0x90'], 51.9, '2025-11-07 13:36:51.306846']
['UID: ', ['0x4', '0x82', '0xd8', '0xba', '0xa3', '0xf', '0x90'], 51.9, '2025-11-07 13:38:07.077972']
['UID: ', ['0x4', '0xe9', '0x0', '0xba', '0xa3', '0xf', '0x94'], 50.8, '2025-11-07 13:54:48.489543']
['UID: ', ['0x4', '0xa1', '0xe2', '0xba', '0xa3', '0xf', '0x90'], 51.4, '2025-11-07 13:55:19.968754']
['UID: ', ['0x4', '0xfc', '0xe5', '0xba', '0xa3', '0xf', '0x90'], 51.9, '2025-11-07 13:55:22.695393']
['UID: ', ['0x4', '0x74', '0xfc', '0xba', '0xa3', '0xf', '0x90'], 51.9, '2025-11-07 13:55:51.165769']
['UID: ', ['0x4', '0x20', '0xa3', '0xba', '0xa3', '0xf', '0x90'], 51.9, '2025-11-07 13:58:06.252939']
['UID: ', ['0x4', '0x82', '0xd8', '0xba', '0xa3', '0xf', '0x90'], 51.9, '2025-11-07 13:58:22.766194']
['UID: ', ['0x4', '0x2c', '0xf0', '0xba', '0xa3', '0xf', '0x91'], 51.9, '2025-11-07 13:59:06.208728']
['UID: ', ['0x4', '0x20', '0xa3', '0xba', '0xa3', '0xf', '0x90'], 51.4, '2025-11-07 14:30:51.335884']
['UID: ', ['0x4', '0x20', '0xa3', '0xba', '0xa3', '0xf', '0x90'], 51.4, '2025-11-07 16:49:27.854167']
['UID: ', ['0x4', '0x82', '0xd8', '0xba', '0xa3', '0xf', '0x90'], 51.9, '2025-11-07 17:01:01.351954']
['UID: ', ['0x4', '0x74', '0xfc', '0xba', '0xa3', '0xf', '0x90'], 51.9, '2025-11-07 17:01:08.494788']
['UID: ', ['0x4', '0xe9', '0x0', '0xba', '0xa3', '0xf', '0x94'], 51.4, '2025-11-07 17:01:14.168323']
['UID: ', ['0x4', '0x5f', '0xc0', '0xba', '0xa3', '0xf', '0x91'], 51.4, '2025-11-07 17:02:24.546856']
['UID: ', ['0x4', '0xfc', '0xe5', '0xba', '0xa3', '0xf', '0x90'], 51.9, '2025-11-07 17:02:42.568638']
['UID: ', ['0x4', '0xa1', '0xe2', '0xba', '0xa3', '0xf', '0x90'], 51.9, '2025-11-07 17:02:45.336895']
['UID: ', ['0x4', '0x2c', '0xf0', '0xba', '0xa3', '0xf', '0x91'], 51.4, '2025-11-07 17:02:55.009802']
['UID: ', ['0x4', '0xd3', '0xad', '0xba', '0xa3', '0xf', '0x90'], 51.4, '2025-11-07 17:03:51.309141']
['UID: ', ['0x4', '0xf', '0xa7', '0xba', '0xa3', '0xf', '0x90'], 51.9, '2025-11-07 17:03:56.922483']
['UID: ', ['0x4', '0xf', '0xa7', '0xba', '0xa3', '0xf', '0x90'], 51.4, '2025-11-07 17:32:45.790981']
['UID: ', ['0x4', '0xd3', '0xad', '0xba', '0xa3', '0xf', '0x90'], 49.8, '2025-11-10 10:04:28.597918']
['UID: ', ['0x4', '0xe9', '0x0', '0xba', '0xa3', '0xf', '0x94'], 49.8, '2025-11-10 10:15:34.060396']
['UID: ', ['0x4', '0xfc', '0xe5', '0xba', '0xa3', '0xf', '0x90'], 50.3, '2025-11-10 10:18:22.870820']
['UID: ', ['0x4', '0x82', '0xd8', '0xba', '0xa3', '0xf', '0x90'], 50.3, '2025-11-10 10:19:23.283605']
['UID: ', ['0x4', '0x5f', '0xc0', '0xba', '0xa3', '0xf', '0x91'], 49.8, '2025-11-10 10:22:05.574663']
['UID: ', ['0x4', '0xa1', '0xe2', '0xba', '0xa3', '0xf', '0x90'], 50.8, '2025-11-10 10:24:25.808801']
['UID: ', ['0x4', '0x2c', '0xf0', '0xba', '0xa3', '0xf', '0x91'], 49.8, '2025-11-10 10:37:31.785920']
['UID: ', ['0x4', '0xd3', '0xad', '0xba', '0xa3', '0xf', '0x90'], 49.8, '2025-11-10 12:01:34.007446']
['UID: ', ['0x4', '0xd3', '0xad', '0xba', '0xa3', '0xf', '0x90'], 50.3, '2025-11-10 12:25:12.607013']
['UID: ', ['0x4', '0xe9', '0x0', '0xba', '0xa3', '0xf', '0x94'], 50.8, '2025-11-10 13:30:49.873364']
['UID: ', ['0x4', '0x5f', '0xc0', '0xba', '0xa3', '0xf', '0x91'], 50.8, '2025-11-10 13:31:19.784954']
['UID: ', ['0x4', '0x2c', '0xf0', '0xba', '0xa3', '0xf', '0x91'], 50.3, '2025-11-10 13:32:36.794721']
['UID: ', ['0x4', '0x82', '0xd8', '0xba', '0xa3', '0xf', '0x90'], 50.8, '2025-11-10 13:33:46.135584']
['UID: ', ['0x4', '0xfc', '0xe5', '0xba', '0xa3', '0xf', '0x90'], 50.3, '2025-11-10 13:34:35.821080']
['UID: ', ['0x4', '0xa1', '0xe2', '0xba', '0xa3', '0xf', '0x90'], 50.8, '2025-11-10 13:34:39.470872']
['UID: ', ['0x4', '0xe9', '0x0', '0xba', '0xa3', '0xf', '0x94'], 50.8, '2025-11-10 13:51:01.559375']
['UID: ', ['0x4', '0x82', '0xd8', '0xba', '0xa3', '0xf', '0x90'], 50.8, '2025-11-10 13:53:51.801826']
['UID: ', ['0x4', '0x2c', '0xf0', '0xba', '0xa3', '0xf', '0x91'], 51.4, '2025-11-10 13:54:36.950548']
['UID: ', ['0x4', '0xa1', '0xe2', '0xba', '0xa3', '0xf', '0x90'], 50.8, '2025-11-10 13:56:46.840329']
['UID: ', ['0x4', '0xfc', '0xe5', '0xba', '0xa3', '0xf', '0x90'], 50.3, '2025-11-10 13:56:49.617446']
['UID: ', ['0x4', '0x5f', '0xc0', '0xba', '0xa3', '0xf', '0x91'], 50.8, '2025-11-10 14:00:09.790835']
['UID: ', ['0x4', '0xd3', '0xad', '0xba', '0xa3', '0xf', '0x90'], 50.3, '2025-11-10 18:02:15.014934']
['UID: ', ['0x4', '0x5f', '0xc0', '0xba', '0xa3', '0xf', '0x91'], 49.8, '2025-11-10 18:19:28.543454']
['UID: ', ['0x4', '0xe9', '0x0', '0xba', '0xa3', '0xf', '0x94'], 49.8, '2025-11-10 18:40:38.075369']
['UID: ', ['0x4', '0xfc', '0xe5', '0xba', '0xa3', '0xf', '0x90'], 49.8, '2025-11-10 18:40:49.793308']
['UID: ', ['0x4', '0xa1', '0xe2', '0xba', '0xa3', '0xf', '0x90'], 50.8, '2025-11-10 18:40:52.732705']
['UID: ', ['0x4', '0x82', '0xd8', '0xba', '0xa3', '0xf', '0x90'], 50.3, '2025-11-10 18:40:56.331382']
['UID: ', ['0x4', '0x2c', '0xf0', '0xba', '0xa3', '0xf', '0x91'], 49.8, '2025-11-10 18:41:17.991423']
['UID: ', ['0x4', '0xf', '0xa7', '0xba', '0xa3', '0xf', '0x90'], 50.8, '2025-11-10 18:42:34.810532']
['UID: ', ['0x4', '0xf', '0xa7', '0xba', '0xa3', '0xf', '0x90'], 49.8, '2025-11-10 18:52:51.793173']
['UID: ', ['0x4', '0x82', '0xd8', '0xba', '0xa3', '0xf', '0x90'], 50.3, '2025-11-11 09:46:24.006444']
['UID: ', ['0x4', '0xe9', '0x0', '0xba', '0xa3', '0xf', '0x94'], 49.8, '2025-11-11 09:47:06.038451']
['UID: ', ['0x4', '0xa1', '0xe2', '0xba', '0xa3', '0xf', '0x90'], 50.3, '2025-11-11 09:51:51.552635']
['UID: ', ['0x4', '0xfc', '0xe5', '0xba', '0xa3', '0xf', '0x90'], 50.3, '2025-11-11 09:52:00.785437']
['UID: ', ['0x4', '0xd3', '0xad', '0xba', '0xa3', '0xf', '0x90'], 50.3, '2025-11-11 09:58:33.158955']
['UID: ', ['0x4', '0x20', '0xa3', '0xba', '0xa3', '0xf', '0x90'], 50.3, '2025-11-11 09:59:32.107790']
['UID: ', ['0x4', '0x2c', '0xf0', '0xba', '0xa3', '0xf', '0x91'], 50.8, '2025-11-11 10:05:19.812123']
['UID: ', ['0x4', '0xd3', '0xad', '0xba', '0xa3', '0xf', '0x90'], 50.3, '2025-11-11 12:05:13.960951']
['UID: ', ['0x4', '0xd3', '0xad', '0xba', '0xa3', '0xf', '0x90'], 50.3, '2025-11-11 12:30:39.844530']
['UID: ', ['0x4', '0x5f', '0xc0', '0xba', '0xa3', '0xf', '0x91'], 50.8, '2025-11-11 13:30:58.952049']
['UID: ', ['0x4', '0x2c', '0xf0', '0xba', '0xa3', '0xf', '0x91'], 50.8, '2025-11-11 13:31:08.338280']
['UID: ', ['0x4', '0xe9', '0x0', '0xba', '0xa3', '0xf', '0x94'], 50.8, '2025-11-11 13:31:33.852942']
['UID: ', ['0x4', '0x82', '0xd8', '0xba', '0xa3', '0xf', '0x90'], 50.8, '2025-11-11 13:32:49.692126']
['UID: ', ['0x4', '0xfc', '0xe5', '0xba', '0xa3', '0xf', '0x90'], 49.8, '2025-11-11 13:35:41.909782']
['UID: ', ['0x4', '0xa1', '0xe2', '0xba', '0xa3', '0xf', '0x90'], 50.3, '2025-11-11 13:35:44.262870']
['UID: ', ['0x4', '0x20', '0xa3', '0xba', '0xa3', '0xf', '0x90'], 50.3, '2025-11-11 13:40:32.234020']
['UID: ', ['0x4', '0xe9', '0x0', '0xba', '0xa3', '0xf', '0x94'], 49.8, '2025-11-11 13:52:35.494496']
['UID: ', ['0x4', '0x82', '0xd8', '0xba', '0xa3', '0xf', '0x90'], 50.8, '2025-11-11 13:54:02.938881']
['UID: ', ['0x4', '0x2c', '0xf0', '0xba', '0xa3', '0xf', '0x91'], 50.8, '2025-11-11 13:55:33.390567']
['UID: ', ['0x4', '0x5f', '0xc0', '0xba', '0xa3', '0xf', '0x91'], 49.8, '2025-11-11 13:56:18.469232']
['UID: ', ['0x4', '0xa1', '0xe2', '0xba', '0xa3', '0xf', '0x90'], 50.8, '2025-11-11 13:57:34.299347']
['UID: ', ['0x4', '0x20', '0xa3', '0xba', '0xa3', '0xf', '0x90'], 50.3, '2025-11-11 14:07:48.024376']
['UID: ', ['0x4', '0x5f', '0xc0', '0xba', '0xa3', '0xf', '0x91'], 50.8, '2025-11-11 18:00:06.629642']
['UID: ', ['0x4', '0x20', '0xa3', '0xba', '0xa3', '0xf', '0x90'], 50.8, '2025-11-11 18:11:25.759914']
['UID: ', ['0x4', '0xd3', '0xad', '0xba', '0xa3', '0xf', '0x90'], 50.8, '2025-11-11 18:15:04.830293']
['UID: ', ['0x4', '0x2c', '0xf0', '0xba', '0xa3', '0xf', '0x91'], 50.8, '2025-11-11 18:15:09.528771']
['UID: ', ['0x4', '0xe9', '0x0', '0xba', '0xa3', '0xf', '0x94'], 50.8, '2025-11-11 18:15:22.850609']
['UID: ', ['0x4', '0x82', '0xd8', '0xba', '0xa3', '0xf', '0x90'], 51.4, '2025-11-11 18:16:05.458852']
['UID: ', ['0x4', '0xa1', '0xe2', '0xba', '0xa3', '0xf', '0x90'], 50.8, '2025-11-11 18:16:12.354243']
['UID: ', ['0x4', '0xf', '0xa7', '0xba', '0xa3', '0xf', '0x90'], 51.4, '2025-11-11 18:39:02.216023']
['UID: ', ['0x4', '0x20', '0xa3', '0xba', '0xa3', '0xf', '0x90'], 49.8, '2025-11-12 08:59:34.773784']
['UID: ', ['0x4', '0x82', '0xd8', '0xba', '0xa3', '0xf', '0x90'], 50.8, '2025-11-12 09:18:39.801116']
['UID: ', ['0x4', '0xe9', '0x0', '0xba', '0xa3', '0xf', '0x94'], 50.8, '2025-11-12 09:18:42.883551']
['UID: ', ['0x4', '0xa1', '0xe2', '0xba', '0xa3', '0xf', '0x90'], 50.3, '2025-11-12 09:31:25.768652']
['UID: ', ['0x4', '0xd3', '0xad', '0xba', '0xa3', '0xf', '0x90'], 50.3, '2025-11-12 09:33:18.138485']
['UID: ', ['0x4', '0x2c', '0xf0', '0xba', '0xa3', '0xf', '0x91'], 50.3, '2025-11-12 09:37:07.092957']
['UID: ', ['0x4', '0xfc', '0xe5', '0xba', '0xa3', '0xf', '0x90'], 50.3, '2025-11-12 09:50:13.344467']
['UID: ', ['0x4', '0x5f', '0xc0', '0xba', '0xa3', '0xf', '0x91'], 50.3, '2025-11-12 10:05:24.171109']
['UID: ', ['0x4', '0xd3', '0xad', '0xba', '0xa3', '0xf', '0x90'], 51.4, '2025-11-12 12:00:02.111562']
['UID: ', ['0x4', '0xd3', '0xad', '0xba', '0xa3', '0xf', '0x90'], 51.4, '2025-11-12 12:22:53.439212']
['UID: ', ['0x4', '0x5f', '0xc0', '0xba', '0xa3', '0xf', '0x91'], 50.8, '2025-11-12 13:28:51.478936']
['UID: ', ['0x4', '0x2c', '0xf0', '0xba', '0xa3', '0xf', '0x91'], 50.8, '2025-11-12 13:29:34.530711']
['UID: ', ['0x4', '0xe9', '0x0', '0xba', '0xa3', '0xf', '0x94'], 51.4, '2025-11-12 13:31:54.752823']
['UID: ', ['0x4', '0x82', '0xd8', '0xba', '0xa3', '0xf', '0x90'], 50.8, '2025-11-12 13:32:09.764141']
['UID: ', ['0x4', '0xa1', '0xe2', '0xba', '0xa3', '0xf', '0x90'], 50.8, '2025-11-12 13:33:46.801961']
['UID: ', ['0x4', '0xfc', '0xe5', '0xba', '0xa3', '0xf', '0x90'], 50.8, '2025-11-12 13:33:51.298581']
['UID: ', ['0x4', '0x5f', '0xc0', '0xba', '0xa3', '0xf', '0x91'], 50.8, '2025-11-12 13:49:27.656838']
['UID: ', ['0x4', '0xe9', '0x0', '0xba', '0xa3', '0xf', '0x94'], 51.4, '2025-11-12 13:53:22.886061']
['UID: ', ['0x4', '0x2c', '0xf0', '0xba', '0xa3', '0xf', '0x91'], 50.8, '2025-11-12 13:53:26.456451']
['UID: ', ['0x4', '0x82', '0xd8', '0xba', '0xa3', '0xf', '0x90'], 50.8, '2025-11-12 13:56:41.564677']
['UID: ', ['0x4', '0xa1', '0xe2', '0xba', '0xa3', '0xf', '0x90'], 50.3, '2025-11-12 13:58:33.461176']
['UID: ', ['0x4', '0xfc', '0xe5', '0xba', '0xa3', '0xf', '0x90'], 51.4, '2025-11-12 13:58:36.341419']
['UID: ', ['0x4', '0x20', '0xa3', '0xba', '0xa3', '0xf', '0x90'], 50.8, '2025-11-12 13:59:34.880363']
['UID: ', ['0x4', '0x20', '0xa3', '0xba', '0xa3', '0xf', '0x90'], 51.9, '2025-11-12 14:31:24.312323']
['UID: ', ['0x4', '0x5f', '0xc0', '0xba', '0xa3', '0xf', '0x91'], 50.8, '2025-11-12 17:57:05.269787']
['UID: ', ['0x4', '0x20', '0xa3', '0xba', '0xa3', '0xf', '0x90'], 51.9, '2025-11-12 17:58:47.005295']
['UID: ', ['0x4', '0x82', '0xd8', '0xba', '0xa3', '0xf', '0x90'], 51.9, '2025-11-12 18:06:31.965650']
['UID: ', ['0x4', '0xa1', '0xe2', '0xba', '0xa3', '0xf', '0x90'], 50.8, '2025-11-12 18:06:34.232968']
['UID: ', ['0x4', '0xfc', '0xe5', '0xba', '0xa3', '0xf', '0x90'], 51.4, '2025-11-12 18:06:36.456418']
['UID: ', ['0x4', '0xfc', '0xe5', '0xba', '0xa3', '0xf', '0x90'], 50.8, '2025-11-12 18:06:38.503012']
['UID: ', ['0x4', '0xfc', '0xe5', '0xba', '0xa3', '0xf', '0x90'], 50.8, '2025-11-12 18:06:40.548405']
['UID: ', ['0x4', '0xfc', '0xe5', '0xba', '0xa3', '0xf', '0x90'], 51.4, '2025-11-12 18:06:42.591547']
['UID: ', ['0x4', '0xfc', '0xe5', '0xba', '0xa3', '0xf', '0x90'], 51.4, '2025-11-12 18:06:46.636656']
['UID: ', ['0x4', '0xe9', '0x0', '0xba', '0xa3', '0xf', '0x94'], 51.4, '2025-11-12 18:07:06.238850']
['UID: ', ['0x4', '0xd3', '0xad', '0xba', '0xa3', '0xf', '0x90'], 51.4, '2025-11-12 18:07:26.753379']
['UID: ', ['0x4', '0x2c', '0xf0', '0xba', '0xa3', '0xf', '0x91'], 51.4, '2025-11-12 18:07:31.614899']
['UID: ', ['0x4', '0xf', '0xa7', '0xba', '0xa3', '0xf', '0x90'], 51.4, '2025-11-12 18:07:38.375692']
['UID: ', ['0x4', '0xf', '0xa7', '0xba', '0xa3', '0xf', '0x90'], 50.8, '2025-11-12 18:20:34.389735']
['UID: ', ['0x4', '0x82', '0xd8', '0xba', '0xa3', '0xf', '0x90'], 50.8, '2025-11-13 09:41:40.614299']
['UID: ', ['0x4', '0xe9', '0x0', '0xba', '0xa3', '0xf', '0x94'], 50.8, '2025-11-13 09:47:08.778800']
['UID: ', ['0x4', '0xfc', '0xe5', '0xba', '0xa3', '0xf', '0x90'], 51.4, '2025-11-13 09:55:36.320661']
['UID: ', ['0x4', '0xd3', '0xad', '0xba', '0xa3', '0xf', '0x90'], 51.4, '2025-11-13 09:56:33.804349']
['UID: ', ['0x4', '0xa1', '0xe2', '0xba', '0xa3', '0xf', '0x90'], 51.4, '2025-11-13 09:57:49.471910']
['UID: ', ['0x4', '0x20', '0xa3', '0xba', '0xa3', '0xf', '0x90'], 51.4, '2025-11-13 10:01:00.396133']
['UID: ', ['0x4', '0x2c', '0xf0', '0xba', '0xa3', '0xf', '0x91'], 50.8, '2025-11-13 10:08:05.011662']
['UID: ', ['0x4', '0x5f', '0xc0', '0xba', '0xa3', '0xf', '0x91'], 50.8, '2025-11-13 10:23:52.670266']
['UID: ', ['0x4', '0x48', '0xef', '0xba', '0xa3', '0xf', '0x91'], 51.4, '2025-11-13 10:58:29.115941']
['UID: ', ['0x4', '0xd3', '0xad', '0xba', '0xa3', '0xf', '0x90'], 51.4, '2025-11-13 11:59:27.556231']
['UID: ', ['0x4', '0xd3', '0xad', '0xba', '0xa3', '0xf', '0x90'], 51.9, '2025-11-13 12:24:07.922989']
['UID: ', ['0x4', '0x48', '0xef', '0xba', '0xa3', '0xf', '0x91'], 51.9, '2025-11-13 13:31:17.108495']
['UID: ', ['0x4', '0x5f', '0xc0', '0xba', '0xa3', '0xf', '0x91'], 51.9, '2025-11-13 13:31:45.496241']
['UID: ', ['0x4', '0xe9', '0x0', '0xba', '0xa3', '0xf', '0x94'], 51.9, '2025-11-13 13:32:04.237811']
['UID: ', ['0x4', '0x2c', '0xf0', '0xba', '0xa3', '0xf', '0x91'], 51.9, '2025-11-13 13:32:38.445123']
['UID: ', ['0x4', '0x82', '0xd8', '0xba', '0xa3', '0xf', '0x90'], 51.4, '2025-11-13 13:33:30.283380']
['UID: ', ['0x4', '0xa1', '0xe2', '0xba', '0xa3', '0xf', '0x90'], 51.9, '2025-11-13 13:35:15.394014']
['UID: ', ['0x4', '0xfc', '0xe5', '0xba', '0xa3', '0xf', '0x90'], 51.9, '2025-11-13 13:35:18.067531']
['UID: ', ['0x4', '0x20', '0xa3', '0xba', '0xa3', '0xf', '0x90'], 51.9, '2025-11-13 13:41:48.325132']
['UID: ', ['0x4', '0x48', '0xef', '0xba', '0xa3', '0xf', '0x91'], 51.9, '2025-11-13 13:52:00.555515']
['UID: ', ['0x4', '0x5f', '0xc0', '0xba', '0xa3', '0xf', '0x91'], 51.9, '2025-11-13 13:52:24.294805']
['UID: ', ['0x4', '0xe9', '0x0', '0xba', '0xa3', '0xf', '0x94'], 51.9, '2025-11-13 13:54:47.245637']
['UID: ', ['0x4', '0x82', '0xd8', '0xba', '0xa3', '0xf', '0x90'], 51.9, '2025-11-13 13:56:07.933014']
['UID: ', ['0x4', '0x2c', '0xf0', '0xba', '0xa3', '0xf', '0x91'], 51.9, '2025-11-13 13:58:05.736908']
['UID: ', ['0x4', '0xa1', '0xe2', '0xba', '0xa3', '0xf', '0x90'], 51.9, '2025-11-13 14:01:28.608904']
['UID: ', ['0x4', '0xfc', '0xe5', '0xba', '0xa3', '0xf', '0x90'], 51.9, '2025-11-13 14:01:30.801325']
['UID: ', ['0x4', '0x20', '0xa3', '0xba', '0xa3', '0xf', '0x90'], 51.9, '2025-11-13 14:09:05.827741']
['UID: ', ['0x4', '0x48', '0xef', '0xba', '0xa3', '0xf', '0x91'], 51.9, '2025-11-13 17:51:59.102144']
['UID: ', ['0x4', '0xe9', '0x0', '0xba', '0xa3', '0xf', '0x94'], 51.9, '2025-11-13 17:57:07.281210']
['UID: ', ['0x4', '0x5f', '0xc0', '0xba', '0xa3', '0xf', '0x91'], 51.9, '2025-11-13 17:57:11.463773']
['UID: ', ['0x4', '0xa1', '0xe2', '0xba', '0xa3', '0xf', '0x90'], 51.9, '2025-11-13 17:57:18.287137']
['UID: ', ['0x4', '0xfc', '0xe5', '0xba', '0xa3', '0xf', '0x90'], 51.9, '2025-11-13 17:57:21.951574']
['UID: ', ['0x4', '0x2c', '0xf0', '0xba', '0xa3', '0xf', '0x91'], 51.9, '2025-11-13 17:57:37.438582']
['UID: ', ['0x4', '0xd3', '0xad', '0xba', '0xa3', '0xf', '0x90'], 51.9, '2025-11-13 17:57:47.873130']
['UID: ', ['0x4', '0x82', '0xd8', '0xba', '0xa3', '0xf', '0x90'], 51.9, '2025-11-13 18:00:43.672099']
['UID: ', ['0x4', '0x20', '0xa3', '0xba', '0xa3', '0xf', '0x90'], 51.9, '2025-11-13 18:03:23.701061']
['UID: ', ['0x4', '0xf', '0xa7', '0xba', '0xa3', '0xf', '0x90'], 51.9, '2025-11-13 18:06:31.473352']
['UID: ', ['0x4', '0xf', '0xa7', '0xba', '0xa3', '0xf', '0x90'], 51.9, '2025-11-13 18:14:39.639158']
['UID: ', ['0x4', '0xd3', '0xad', '0xba', '0xa3', '0xf', '0x90'], 50.8, '2025-11-14 09:43:13.177077']
['UID: ', ['0x4', '0x82', '0xd8', '0xba', '0xa3', '0xf', '0x90'], 50.8, '2025-11-14 09:44:28.748851']
['UID: ', ['0x4', '0xe9', '0x0', '0xba', '0xa3', '0xf', '0x94'], 50.8, '2025-11-14 09:48:30.074467']
['UID: ', ['0x4', '0xa1', '0xe2', '0xba', '0xa3', '0xf', '0x90'], 50.8, '2025-11-14 09:55:33.747014']
['UID: ', ['0x4', '0x20', '0xa3', '0xba', '0xa3', '0xf', '0x90'], 51.4, '2025-11-14 09:59:35.281188']
['UID: ', ['0x4', '0xfc', '0xe5', '0xba', '0xa3', '0xf', '0x90'], 51.4, '2025-11-14 10:01:20.741323']
['UID: ', ['0x4', '0x2c', '0xf0', '0xba', '0xa3', '0xf', '0x91'], 51.4, '2025-11-14 10:06:34.104343']
['UID: ', ['0x4', '0x5f', '0xc0', '0xba', '0xa3', '0xf', '0x91'], 51.4, '2025-11-14 10:12:45.681138']
['UID: ', ['0x4', '0x48', '0xef', '0xba', '0xa3', '0xf', '0x91'], 50.8, '2025-11-14 10:59:51.462655']
['UID: ', ['0x4', '0xd3', '0xad', '0xba', '0xa3', '0xf', '0x90'], 51.9, '2025-11-14 11:56:49.980546']
['UID: ', ['0x4', '0xd3', '0xad', '0xba', '0xa3', '0xf', '0x90'], 50.8, '2025-11-14 12:22:12.838943']
['UID: ', ['0x4', '0x5f', '0xc0', '0xba', '0xa3', '0xf', '0x91'], 51.9, '2025-11-14 13:31:24.008662']
['UID: ', ['0x4', '0x48', '0xef', '0xba', '0xa3', '0xf', '0x91'], 51.9, '2025-11-14 13:32:17.606266']
['UID: ', ['0x4', '0x2c', '0xf0', '0xba', '0xa3', '0xf', '0x91'], 51.9, '2025-11-14 13:33:13.030096']
['UID: ', ['0x4', '0xe9', '0x0', '0xba', '0xa3', '0xf', '0x94'], 51.4, '2025-11-14 13:34:29.682303']
['UID: ', ['0x4', '0x82', '0xd8', '0xba', '0xa3', '0xf', '0x90'], 51.9, '2025-11-14 13:34:56.813401']
['UID: ', ['0x4', '0xfc', '0xe5', '0xba', '0xa3', '0xf', '0x90'], 52.5, '2025-11-14 13:35:40.372349']
['UID: ', ['0x4', '0xa1', '0xe2', '0xba', '0xa3', '0xf', '0x90'], 51.9, '2025-11-14 13:35:43.671048']
['UID: ', ['0x4', '0x20', '0xa3', '0xba', '0xa3', '0xf', '0x90'], 51.9, '2025-11-14 13:48:40.017074']
['UID: ', ['0x4', '0x48', '0xef', '0xba', '0xa3', '0xf', '0x91'], 51.9, '2025-11-14 13:51:01.671365']
['UID: ', ['0x4', '0x2c', '0xf0', '0xba', '0xa3', '0xf', '0x91'], 51.9, '2025-11-14 13:55:08.255274']
['UID: ', ['0x4', '0x82', '0xd8', '0xba', '0xa3', '0xf', '0x90'], 51.9, '2025-11-14 13:55:23.756797']
['UID: ', ['0x4', '0x5f', '0xc0', '0xba', '0xa3', '0xf', '0x91'], 51.4, '2025-11-14 13:55:46.868161']
['UID: ', ['0x4', '0xa1', '0xe2', '0xba', '0xa3', '0xf', '0x90'], 51.9, '2025-11-14 13:59:43.770048']
['UID: ', ['0x4', '0xfc', '0xe5', '0xba', '0xa3', '0xf', '0x90'], 51.9, '2025-11-14 13:59:46.787943']
['UID: ', ['0x4', '0x20', '0xa3', '0xba', '0xa3', '0xf', '0x90'], 51.4, '2025-11-14 14:17:01.986977']
['UID: ', ['0x4', '0x20', '0xa3', '0xba', '0xa3', '0xf', '0x90'], 51.9, '2025-11-14 17:48:35.554507']
['UID: ', ['0x4', '0x5f', '0xc0', '0xba', '0xa3', '0xf', '0x91'], 51.9, '2025-11-14 17:53:54.529414']
['UID: ', ['0x4', '0xe9', '0x0', '0xba', '0xa3', '0xf', '0x94'], 51.9, '2025-11-14 17:54:18.785733']
['UID: ', ['0x4', '0x2c', '0xf0', '0xba', '0xa3', '0xf', '0x91'], 51.9, '2025-11-14 17:54:26.958755']
['UID: ', ['0x4', '0x48', '0xef', '0xba', '0xa3', '0xf', '0x91'], 51.9, '2025-11-14 17:54:31.209796']
['UID: ', ['0x4', '0x82', '0xd8', '0xba', '0xa3', '0xf', '0x90'], 51.4, '2025-11-14 17:54:41.125028']
['UID: ', ['0x4', '0xfc', '0xe5', '0xba', '0xa3', '0xf', '0x90'], 51.9, '2025-11-14 17:55:34.585179']
['UID: ', ['0x4', '0xfc', '0xe5', '0xba', '0xa3', '0xf', '0x90'], 51.4, '2025-11-14 17:55:36.631866']
['UID: ', ['0x4', '0xfc', '0xe5', '0xba', '0xa3', '0xf', '0x90'], 51.9, '2025-11-14 17:55:38.728004']
['UID: ', ['0x4', '0xa1', '0xe2', '0xba', '0xa3', '0xf', '0x90'], 51.9, '2025-11-14 17:55:41.189100']
['UID: ', ['0x4', '0x82', '0xd8', '0xba', '0xa3', '0xf', '0x90'], 51.9, '2025-11-14 17:55:46.553045']
['UID: ', ['0x4', '0x82', '0xd8', '0xba', '0xa3', '0xf', '0x90'], 51.9, '2025-11-14 17:55:49.517009']
['UID: ', ['0x4', '0xa1', '0xe2', '0xba', '0xa3', '0xf', '0x90'], 51.9, '2025-11-14 17:55:52.001777']
['UID: ', ['0x4', '0xa1', '0xe2', '0xba', '0xa3', '0xf', '0x90'], 51.4, '2025-11-14 17:55:54.054556']
['UID: ', ['0x4', '0xd3', '0xad', '0xba', '0xa3', '0xf', '0x90'], 51.9, '2025-11-14 17:56:04.362135']
['UID: ', ['0x4', '0xe9', '0x0', '0xba', '0xa3', '0xf', '0x94'], 50.8, '2025-11-17 09:47:19.521408']
['UID: ', ['0x4', '0xa1', '0xe2', '0xba', '0xa3', '0xf', '0x90'], 50.8, '2025-11-17 09:57:41.510154']
['UID: ', ['0x4', '0xfc', '0xe5', '0xba', '0xa3', '0xf', '0x90'], 50.8, '2025-11-17 09:57:59.061672']
['UID: ', ['0x4', '0x20', '0xa3', '0xba', '0xa3', '0xf', '0x90'], 50.8, '2025-11-17 09:59:21.338420']
['UID: ', ['0x4', '0xd3', '0xad', '0xba', '0xa3', '0xf', '0x90'], 50.8, '2025-11-17 09:59:54.323530']
['UID: ', ['0x4', '0x48', '0xef', '0xba', '0xa3', '0xf', '0x91'], 51.4, '2025-11-17 10:00:36.970980']
['UID: ', ['0x4', '0x2c', '0xf0', '0xba', '0xa3', '0xf', '0x91'], 50.8, '2025-11-17 10:01:37.012557']
['UID: ', ['0x4', '0x5f', '0xc0', '0xba', '0xa3', '0xf', '0x91'], 49.8, '2025-11-17 10:10:24.708421']
['UID: ', ['0x4', '0x42', '0xf4', '0xba', '0xa3', '0xf', '0x91'], 49.8, '2025-11-17 10:50:15.757723']
['UID: ', ['0x4', '0xd3', '0xad', '0xba', '0xa3', '0xf', '0x90'], 50.8, '2025-11-17 11:56:40.718418']
['UID: ', ['0x4', '0xd3', '0xad', '0xba', '0xa3', '0xf', '0x90'], 51.9, '2025-11-17 12:22:40.756024']
['UID: ', ['0x4', '0x2c', '0xf0', '0xba', '0xa3', '0xf', '0x91'], 49.8, '2025-11-17 13:32:42.322247']
['UID: ', ['0x4', '0x42', '0xf4', '0xba', '0xa3', '0xf', '0x91'], 50.3, '2025-11-17 13:33:05.825551']
['UID: ', ['0x4', '0xe9', '0x0', '0xba', '0xa3', '0xf', '0x94'], 49.8, '2025-11-17 13:33:19.993555']
['UID: ', ['0x4', '0xa1', '0xe2', '0xba', '0xa3', '0xf', '0x90'], 49.8, '2025-11-17 13:35:44.356849']
['UID: ', ['0x4', '0xfc', '0xe5', '0xba', '0xa3', '0xf', '0x90'], 49.8, '2025-11-17 13:35:47.247855']
['UID: ', ['0x4', '0x5f', '0xc0', '0xba', '0xa3', '0xf', '0x91'], 49.8, '2025-11-17 13:36:39.474268']
['UID: ', ['0x4', '0x48', '0xef', '0xba', '0xa3', '0xf', '0x91'], 49.8, '2025-11-17 13:37:49.677045']
['UID: ', ['0x4', '0x20', '0xa3', '0xba', '0xa3', '0xf', '0x90'], 49.8, '2025-11-17 13:46:31.396015']
['UID: ', ['0x4', '0xe9', '0x0', '0xba', '0xa3', '0xf', '0x94'], 48.7, '2025-11-17 13:51:11.496110']
['UID: ', ['0x4', '0x2c', '0xf0', '0xba', '0xa3', '0xf', '0x91'], 49.8, '2025-11-17 13:55:28.248790']
['UID: ', ['0x4', '0x42', '0xf4', '0xba', '0xa3', '0xf', '0x91'], 49.8, '2025-11-17 13:55:31.553067']
['UID: ', ['0x4', '0xa1', '0xe2', '0xba', '0xa3', '0xf', '0x90'], 49.8, '2025-11-17 13:56:27.316935']
['UID: ', ['0x4', '0xfc', '0xe5', '0xba', '0xa3', '0xf', '0x90'], 49.2, '2025-11-17 13:56:30.832322']
['UID: ', ['0x4', '0x48', '0xef', '0xba', '0xa3', '0xf', '0x91'], 49.2, '2025-11-17 13:58:24.054580']
['UID: ', ['0x4', '0x5f', '0xc0', '0xba', '0xa3', '0xf', '0x91'], 49.8, '2025-11-17 13:59:52.475288']
['UID: ', ['0x4', '0x20', '0xa3', '0xba', '0xa3', '0xf', '0x90'], 49.2, '2025-11-17 14:16:24.540165']
['UID: ', ['0x4', '0x20', '0xa3', '0xba', '0xa3', '0xf', '0x90'], 49.8, '2025-11-17 17:18:20.005401']
['UID: ', ['0x4', '0x42', '0xf4', '0xba', '0xa3', '0xf', '0x91'], 49.2, '2025-11-17 17:21:28.205340']
['UID: ', ['0x4', '0xe9', '0x0', '0xba', '0xa3', '0xf', '0x94'], 48.7, '2025-11-17 17:26:45.320268']
['UID: ', ['0x4', '0x48', '0xef', '0xba', '0xa3', '0xf', '0x91'], 48.7, '2025-11-17 17:26:59.091554']
['UID: ', ['0x4', '0xfc', '0xe5', '0xba', '0xa3', '0xf', '0x90'], 49.2, '2025-11-17 17:27:27.226962']
['UID: ', ['0x4', '0xa1', '0xe2', '0xba', '0xa3', '0xf', '0x90'], 48.7, '2025-11-17 17:27:29.429077']
['UID: ', ['0x4', '0xd3', '0xad', '0xba', '0xa3', '0xf', '0x90'], 48.7, '2025-11-17 17:28:09.835506']
['UID: ', ['0x4', '0x2c', '0xf0', '0xba', '0xa3', '0xf', '0x91'], 48.7, '2025-11-17 17:28:13.817935']
['UID: ', ['0x4', '0x5f', '0xc0', '0xba', '0xa3', '0xf', '0x91'], 48.7, '2025-11-17 17:29:03.389724']
['UID: ', ['0x4', '0xf', '0xa7', '0xba', '0xa3', '0xf', '0x90'], 48.7, '2025-11-17 17:36:29.332856']
['UID: ', ['0x4', '0xf', '0xa7', '0xba', '0xa3', '0xf', '0x90'], 48.7, '2025-11-17 17:41:18.793540']
['UID: ', ['0x4', '0xd3', '0xad', '0xba', '0xa3', '0xf', '0x90'], 49.8, '2025-11-18 09:31:27.192916']
['UID: ', ['0x4', '0xe9', '0x0', '0xba', '0xa3', '0xf', '0x94'], 50.8, '2025-11-18 09:47:23.411906']
['UID: ', ['0x4', '0x82', '0xd8', '0xba', '0xa3', '0xf', '0x90'], 50.8, '2025-11-18 09:48:06.291668']
['UID: ', ['0x4', '0xa1', '0xe2', '0xba', '0xa3', '0xf', '0x90'], 51.4, '2025-11-18 09:53:10.547441']
['UID: ', ['0x4', '0xfc', '0xe5', '0xba', '0xa3', '0xf', '0x90'], 51.4, '2025-11-18 09:55:33.729138']
['UID: ', ['0x4', '0x48', '0xef', '0xba', '0xa3', '0xf', '0x91'], 51.4, '2025-11-18 09:58:18.596046']
['UID: ', ['0x4', '0x20', '0xa3', '0xba', '0xa3', '0xf', '0x90'], 51.9, '2025-11-18 10:00:14.983889']
['UID: ', ['0x4', '0x2c', '0xf0', '0xba', '0xa3', '0xf', '0x91'], 52.5, '2025-11-18 10:09:10.562950']
['UID: ', ['0x4', '0x5f', '0xc0', '0xba', '0xa3', '0xf', '0x91'], 51.9, '2025-11-18 10:12:18.827997']
['UID: ', ['0x4', '0x42', '0xf4', '0xba', '0xa3', '0xf', '0x91'], 50.8, '2025-11-18 10:50:09.528815']
['UID: ', ['0x4', '0xd3', '0xad', '0xba', '0xa3', '0xf', '0x90'], 51.4, '2025-11-18 11:57:12.199803']
['UID: ', ['0x4', '0xd3', '0xad', '0xba', '0xa3', '0xf', '0x90'], 50.8, '2025-11-18 12:22:20.650681']
['UID: ', ['0x4', '0xe9', '0x0', '0xba', '0xa3', '0xf', '0x94'], 49.8, '2025-11-18 13:32:38.051102']
['UID: ', ['0x4', '0x48', '0xef', '0xba', '0xa3', '0xf', '0x91'], 49.2, '2025-11-18 13:33:01.404095']
['UID: ', ['0x4', '0xa1', '0xe2', '0xba', '0xa3', '0xf', '0x90'], 49.8, '2025-11-18 13:36:56.859788']
['UID: ', ['0x4', '0xfc', '0xe5', '0xba', '0xa3', '0xf', '0x90'], 49.2, '2025-11-18 13:37:00.537096']
['UID: ', ['0x4', '0x42', '0xf4', '0xba', '0xa3', '0xf', '0x91'], 49.2, '2025-11-18 13:37:46.017244']
['UID: ', ['0x4', '0x5f', '0xc0', '0xba', '0xa3', '0xf', '0x91'], 49.8, '2025-11-18 13:37:53.299185']
['UID: ', ['0x4', '0x2c', '0xf0', '0xba', '0xa3', '0xf', '0x91'], 49.8, '2025-11-18 13:38:00.232655']
['UID: ', ['0x4', '0x82', '0xd8', '0xba', '0xa3', '0xf', '0x90'], 49.2, '2025-11-18 13:38:07.603719']
['UID: ', ['0x4', '0x20', '0xa3', '0xba', '0xa3', '0xf', '0x90'], 49.8, '2025-11-18 13:43:44.411125']
['UID: ', ['0x4', '0xe9', '0x0', '0xba', '0xa3', '0xf', '0x94'], 49.8, '2025-11-18 13:52:08.555449']
['UID: ', ['0x4', '0x48', '0xef', '0xba', '0xa3', '0xf', '0x91'], 49.8, '2025-11-18 13:54:07.302254']
['UID: ', ['0x4', '0x20', '0xa3', '0xba', '0xa3', '0xf', '0x90'], 50.3, '2025-11-18 13:54:48.238811']
['UID: ', ['0x4', '0x42', '0xf4', '0xba', '0xa3', '0xf', '0x91'], 49.8, '2025-11-18 13:58:33.012363']
['UID: ', ['0x4', '0xa1', '0xe2', '0xba', '0xa3', '0xf', '0x90'], 50.3, '2025-11-18 13:59:03.266520']
['UID: ', ['0x4', '0xfc', '0xe5', '0xba', '0xa3', '0xf', '0x90'], 49.8, '2025-11-18 13:59:06.885912']
['UID: ', ['0x4', '0x82', '0xd8', '0xba', '0xa3', '0xf', '0x90'], 49.2, '2025-11-18 13:59:52.616083']
['UID: ', ['0x4', '0x2c', '0xf0', '0xba', '0xa3', '0xf', '0x91'], 49.2, '2025-11-18 14:00:53.045907']
['UID: ', ['0x4', '0x20', '0xa3', '0xba', '0xa3', '0xf', '0x90'], 49.8, '2025-11-18 14:13:31.536871']
['UID: ', ['0x4', '0x20', '0xa3', '0xba', '0xa3', '0xf', '0x90'], 49.2, '2025-11-18 17:07:02.162498']
['UID: ', ['0x4', '0x48', '0xef', '0xba', '0xa3', '0xf', '0x91'], 49.8, '2025-11-18 17:10:14.980545']
['UID: ', ['0x4', '0x5f', '0xc0', '0xba', '0xa3', '0xf', '0x91'], 49.2, '2025-11-18 17:10:34.309208']
['UID: ', ['0x4', '0x42', '0xf4', '0xba', '0xa3', '0xf', '0x91'], 48.7, '2025-11-18 17:11:08.408841']
['UID: ', ['0x4', '0x82', '0xd8', '0xba', '0xa3', '0xf', '0x90'], 48.7, '2025-11-18 17:11:31.760850']
['UID: ', ['0x4', '0xe9', '0x0', '0xba', '0xa3', '0xf', '0x94'], 49.2, '2025-11-18 17:11:36.570400']
['UID: ', ['0x4', '0xfc', '0xe5', '0xba', '0xa3', '0xf', '0x90'], 48.7, '2025-11-18 17:11:42.211339']
['UID: ', ['0x4', '0xa1', '0xe2', '0xba', '0xa3', '0xf', '0x90'], 48.7, '2025-11-18 17:11:45.582888']
['UID: ', ['0x4', '0x2c', '0xf0', '0xba', '0xa3', '0xf', '0x91'], 49.2, '2025-11-18 17:12:20.056991']
['UID: ', ['0x4', '0xd3', '0xad', '0xba', '0xa3', '0xf', '0x90'], 48.7, '2025-11-18 17:12:32.591257']
['UID: ', ['0x4', '0xd3', '0xad', '0xba', '0xa3', '0xf', '0x90'], 49.8, '2025-11-19 09:35:36.378025']
['UID: ', ['0x4', '0xfc', '0xe5', '0xba', '0xa3', '0xf', '0x90'], 50.3, '2025-11-19 09:47:54.075330']
['UID: ', ['0x4', '0x82', '0xd8', '0xba', '0xa3', '0xf', '0x90'], 49.8, '2025-11-19 09:47:56.746314']
['UID: ', ['0x4', '0xe9', '0x0', '0xba', '0xa3', '0xf', '0x94'], 49.8, '2025-11-19 09:48:19.480953']
['UID: ', ['0x4', '0xa1', '0xe2', '0xba', '0xa3', '0xf', '0x90'], 49.8, '2025-11-19 09:54:43.697974']
['UID: ', ['0x4', '0x20', '0xa3', '0xba', '0xa3', '0xf', '0x90'], 49.8, '2025-11-19 10:00:50.012212']
['UID: ', ['0x4', '0x2c', '0xf0', '0xba', '0xa3', '0xf', '0x91'], 49.8, '2025-11-19 10:04:21.540079']
['UID: ', ['0x4', '0x42', '0xf4', '0xba', '0xa3', '0xf', '0x91'], 50.8, '2025-11-19 10:12:47.036825']
['UID: ', ['0x4', '0x48', '0xef', '0xba', '0xa3', '0xf', '0x91'], 51.9, '2025-11-19 10:28:03.173805']
['UID: ', ['0x4', '0x5f', '0xc0', '0xba', '0xa3', '0xf', '0x91'], 51.9, '2025-11-19 10:30:53.004125']
['UID: ', ['0x4', '0xf7', '0x9b', '0xba', '0xa3', '0xf', '0x90'], 50.8, '2025-11-19 10:56:23.749620']
['UID: ', ['0x4', '0xd3', '0xad', '0xba', '0xa3', '0xf', '0x90'], 49.8, '2025-11-19 11:56:18.994010']
['UID: ', ['0x4', '0xd3', '0xad', '0xba', '0xa3', '0xf', '0x90'], 50.8, '2025-11-19 12:21:21.614260']
['UID: ', ['0x4', '0x48', '0xef', '0xba', '0xa3', '0xf', '0x91'], 49.8, '2025-11-19 13:33:42.743387']
['UID: ', ['0x4', '0x5f', '0xc0', '0xba', '0xa3', '0xf', '0x91'], 49.8, '2025-11-19 13:33:51.962522']
['UID: ', ['0x4', '0xe9', '0x0', '0xba', '0xa3', '0xf', '0x94'], 49.2, '2025-11-19 13:34:01.891732']
['UID: ', ['0x4', '0x42', '0xf4', '0xba', '0xa3', '0xf', '0x91'], 49.2, '2025-11-19 13:34:07.350083']
['UID: ', ['0x4', '0x20', '0xa3', '0xba', '0xa3', '0xf', '0x90'], 49.8, '2025-11-19 13:34:30.209241']
['UID: ', ['0x4', '0x82', '0xd8', '0xba', '0xa3', '0xf', '0x90'], 49.8, '2025-11-19 13:35:01.909128']
['UID: ', ['0x4', '0xfc', '0xe5', '0xba', '0xa3', '0xf', '0x90'], 49.2, '2025-11-19 13:35:04.722695']
['UID: ', ['0x4', '0xa1', '0xe2', '0xba', '0xa3', '0xf', '0x90'], 49.2, '2025-11-19 13:35:06.840489']
['UID: ', ['0x4', '0xf7', '0x9b', '0xba', '0xa3', '0xf', '0x90'], 49.8, '2025-11-19 13:35:33.737683']
['UID: ', ['0x4', '0x2c', '0xf0', '0xba', '0xa3', '0xf', '0x91'], 49.8, '2025-11-19 13:36:59.016962']
['UID: ', ['0x4', '0xe9', '0x0', '0xba', '0xa3', '0xf', '0x94'], 49.8, '2025-11-19 13:51:02.683803']
['UID: ', ['0x4', '0x48', '0xef', '0xba', '0xa3', '0xf', '0x91'], 49.2, '2025-11-19 13:51:48.292301']
['UID: ', ['0x4', '0x42', '0xf4', '0xba', '0xa3', '0xf', '0x91'], 49.2, '2025-11-19 13:53:22.266552']
['UID: ', ['0x4', '0xf7', '0x9b', '0xba', '0xa3', '0xf', '0x90'], 49.2, '2025-11-19 13:54:28.251211']
['UID: ', ['0x4', '0x2c', '0xf0', '0xba', '0xa3', '0xf', '0x91'], 49.2, '2025-11-19 13:56:55.773650']
['UID: ', ['0x4', '0xfc', '0xe5', '0xba', '0xa3', '0xf', '0x90'], 49.8, '2025-11-19 13:57:22.475273']
['UID: ', ['0x4', '0x82', '0xd8', '0xba', '0xa3', '0xf', '0x90'], 49.8, '2025-11-19 13:57:24.550269']
['UID: ', ['0x4', '0xa1', '0xe2', '0xba', '0xa3', '0xf', '0x90'], 49.8, '2025-11-19 13:57:27.226359']
['UID: ', ['0x4', '0x5f', '0xc0', '0xba', '0xa3', '0xf', '0x91'], 49.2, '2025-11-19 13:58:43.312240']
['UID: ', ['0x4', '0x20', '0xa3', '0xba', '0xa3', '0xf', '0x90'], 50.3, '2025-11-19 14:03:54.923588']
